fpl_id,Player,web_name,Age,team_name,team_id,element_type,position,now_cost,tsb,Min,90s,finishing,xMins,MP_new,90s_new,weighted_npxG,weighted_xAG,1,2,3,4,5,6,7,8,9,10,11,12,13,14,15,16,17,18,19,20,21,22,23,24,25,26,27,28,29,30,31,32,33,34,35,36,37,38
134,James Milner,Milner,37.0,Brighton,5,3,MID,5.0,0.1,2539.0,28.2,0.98,57.17,3.0,1.9,0.05,0.17,0.18,0.21,0.11,0.36,0.26,0.13,0.18,0.11,0.28,0.08,0.14,0.18,0.33,0.19,0.26,0.27,0.19,0.21,0.14,0.16,0.31,0.15,0.24,0.2,0.19,0.27,0.24,0.25,0.09,0.2,0.21,0.32,0.15,0.24,0.17,0.22,0.12,0.12
236,James Tarkowski,Tarkowski,30.0,Everton,8,2,DEF,4.9,1.4,9945.0,110.5,0.92,90.0,3.0,3.0,0.07,0.06,0.79,0.13,0.98,0.31,1.15,1.2,0.49,1.48,1.1,1.24,0.61,0.82,0.38,1.29,0.16,0.04,0.62,-0.13,1.17,0.56,0.74,0.55,0.36,1.58,0.78,0.8,0.39,0.86,1.04,-0.22,0.43,0.74,0.26,0.2,1.88,0.67,1.66,0.08
238,Ashley Young,Young,38.0,Everton,8,2,DEF,4.5,0.1,5566.0,61.8,0.99,38.46,1.0,0.7,0.02,0.05,0.34,-0.11,0.47,0.01,0.58,0.62,0.14,0.8,0.55,0.64,0.22,0.36,0.06,0.68,-0.09,-0.18,0.23,-0.3,0.6,0.19,0.31,0.18,0.05,0.86,0.33,0.35,0.07,0.39,0.51,-0.37,0.1,0.31,-0.02,-0.06,1.05,0.26,0.91,-0.15
521,Łukasz Fabiański,Fabianski,38.0,West Ham,19,1,GKP,4.0,14.2,7162.0,79.6,1.0,14.16,1.0,0.5,0.0,0.0,-0.36,-0.35,-0.49,-0.38,-0.39,-0.45,-0.15,-0.53,-0.35,-0.36,-0.3,-0.55,-0.43,-0.27,-0.25,-0.4,-0.35,-0.26,-0.52,-0.63,-0.28,-0.26,-0.47,-0.5,-0.34,-0.56,-0.2,-0.42,-0.39,-0.33,-0.31,-0.67,-0.19,-0.46,-0.41,-0.45,-0.27,-0.22
371,Jonny Evans,Evans,35.0,Man Utd,14,2,DEF,4.4,0.1,3791.0,42.2,1.0,3.1,1.0,0.1,0.01,0.05,-0.28,-0.45,-0.51,-0.25,-0.34,-0.4,-0.46,-0.33,-0.38,-0.38,-0.19,-0.21,-0.29,-0.55,-0.26,-0.61,-0.3,-0.32,-0.41,-0.66,-0.18,-0.34,-0.37,-0.26,-0.52,-0.39,-0.15,-0.43,-0.26,-0.35,-0.48,-0.54,-0.24,-0.39,-0.44,-0.29,-0.49,-0.35
463,Adam Lallana,Lallana,35.0,Southampton,17,3,MID,5.0,0.0,3133.0,34.7,0.99,10.02,1.0,0.1,0.09,0.13,0.0,0.0,0.0,0.0,0.0,0.0,0.0,0.0,0.0,0.0,0.0,0.0,0.0,0.0,0.0,0.0,0.0,0.0,0.0,0.0,0.0,0.0,0.0,0.0,0.0,0.0,0.0,0.0,0.0,0.0,0.0,0.0,0.0,0.0,0.0,0.0,0.0,0.0
142,Jason Steele,Steele,32.0,Brighton,5,1,GKP,4.5,2.6,2970.0,33.0,1.0,61.68,2.0,2.0,0.0,0.0,0.42,0.58,-0.02,1.34,0.84,0.12,0.39,0.03,0.93,-0.22,0.17,0.39,1.19,0.48,0.84,0.88,0.44,0.59,0.21,0.3,1.06,0.26,0.73,0.52,0.44,0.89,0.71,0.8,-0.15,0.52,0.56,1.14,0.27,0.75,0.34,0.63,0.09,0.07
148,Danny Welbeck,Welbeck,32.0,Brighton,5,4,FWD,5.7,14.2,5025.0,55.8,0.94,83.62,3.0,2.8,0.38,0.13,0.0,0.0,0.0,0.0,0.0,0.0,0.0,0.0,0.0,0.0,0.0,0.0,0.0,0.0,0.0,0.0,0.0,0.0,0.0,0.0,0.0,0.0,0.0,0.0,0.0,0.0,0.0,0.0,0.0,0.0,0.0,0.0,0.0,0.0,0.0,0.0,0.0,0.0
100,Ben Mee,Mee,33.0,Brentford,4,2,DEF,4.4,0.7,6380.0,70.8,1.02,0.31,1.0,0.0,0.1,0.04,-0.22,-0.59,-0.16,-0.55,-0.46,-0.25,-0.21,-0.39,-0.13,-0.32,-0.26,-0.34,-0.17,-0.41,-0.36,-0.44,-0.23,-0.4,-0.38,-0.22,-0.42,-0.45,-0.3,-0.35,-0.34,-0.23,-0.25,-0.31,-0.35,-0.47,-0.33,-0.49,-0.3,-0.31,-0.3,-0.18,-0.24,-0.28
81,Adam Smith,Smith,32.0,Bournemouth,3,2,DEF,4.5,0.2,6804.0,75.6,0.98,25.53,3.0,0.9,0.01,0.05,-0.03,-0.15,-0.1,-0.08,-0.52,0.36,0.15,-0.17,-0.23,-0.26,-0.19,-0.01,0.02,-0.12,0.29,0.11,-0.2,0.18,-0.06,0.09,-0.29,-0.35,0.16,-0.31,0.19,0.21,-0.21,-0.32,0.01,0.46,-0.09,0.13,-0.02,0.0,-0.38,-0.03,-0.47,0.33
517,Aaron Cresswell,Cresswell,33.0,West Ham,19,2,DEF,4.0,2.0,5397.0,59.9,1.01,0.82,1.0,0.0,0.02,0.12,-0.36,-0.35,-0.49,-0.38,-0.39,-0.45,-0.15,-0.53,-0.35,-0.36,-0.3,-0.55,-0.43,-0.27,-0.25,-0.4,-0.35,-0.26,-0.52,-0.63,-0.28,-0.26,-0.47,-0.5,-0.34,-0.56,-0.2,-0.42,-0.39,-0.33,-0.31,-0.67,-0.19,-0.46,-0.41,-0.45,-0.27,-0.22
196,Nathaniel Clyne,Clyne,32.0,Crystal Palace,7,2,DEF,4.4,0.1,4329.0,48.1,0.99,28.32,1.0,1.0,0.01,0.02,-0.05,0.24,-0.15,0.46,0.14,0.04,-0.17,0.11,0.02,0.17,0.27,-0.09,-0.01,0.42,-0.12,-0.06,-0.03,0.02,0.49,0.05,0.29,0.05,0.15,-0.06,0.23,0.08,0.11,0.57,-0.21,0.32,0.13,-0.33,0.22,-0.24,0.29,-0.18,0.35,-0.38
512,Michail Antonio,Antonio,33.0,West Ham,19,4,FWD,5.5,1.4,6495.0,72.1,0.98,67.25,3.0,2.3,0.32,0.09,0.0,0.0,0.0,0.0,0.0,0.0,0.0,0.0,0.0,0.0,0.0,0.0,0.0,0.0,0.0,0.0,0.0,0.0,0.0,0.0,0.0,0.0,0.0,0.0,0.0,0.0,0.0,0.0,0.0,0.0,0.0,0.0,0.0,0.0,0.0,0.0,0.0,0.0
469,Alex McCarthy,McCarthy,33.0,Southampton,17,1,GKP,4.5,0.2,2520.0,28.0,1.0,61.68,2.0,2.0,0.0,0.0,-0.47,0.31,-0.24,0.05,0.86,-0.13,-0.5,0.63,-0.62,0.21,0.09,-0.42,-0.27,-0.08,-0.3,-0.13,-0.04,0.22,0.03,0.06,-0.25,-0.0,-0.17,0.55,0.18,0.04,-0.38,-0.69,0.41,0.34,-0.43,-0.0,-0.09,0.27,0.31,-0.34,-0.1,-0.21
363,Kyle Walker,Walker,33.0,Man City,13,2,DEF,5.4,5.8,6480.0,72.0,0.98,0.94,1.0,0.0,0.01,0.06,-0.24,-0.06,-0.17,-0.15,-0.2,-0.26,-0.12,-0.14,-0.07,-0.18,-0.21,-0.18,-0.33,-0.11,-0.15,-0.15,-0.22,-0.12,-0.11,-0.12,-0.2,-0.08,-0.17,-0.27,-0.19,-0.24,-0.25,-0.16,-0.15,-0.08,-0.21,-0.11,-0.18,-0.16,-0.1,-0.1,-0.13,-0.17
625,İlkay Gündoğan,Gündogan,32.0,Man City,13,3,MID,6.5,0.3,7204.0,80.0,0.98,21.22,2.0,0.5,0.2,0.2,0.0,0.0,0.0,0.0,0.0,0.0,0.0,0.0,0.0,0.0,0.0,0.0,0.0,0.0,0.0,0.0,0.0,0.0,0.0,0.0,0.0,0.0,0.0,0.0,0.0,0.0,0.0,0.0,0.0,0.0,0.0,0.0,0.0,0.0,0.0,0.0,0.0,0.0
221,Séamus Coleman,Coleman,34.0,Everton,8,2,DEF,4.4,0.0,4977.0,55.3,1.01,73.15,1.0,1.0,0.04,0.07,0.56,0.01,0.72,0.16,0.86,0.9,0.31,1.13,0.82,0.93,0.41,0.58,0.22,0.98,0.03,-0.08,0.42,-0.22,0.88,0.37,0.52,0.36,0.2,1.21,0.55,0.57,0.23,0.62,0.77,-0.3,0.26,0.52,0.12,0.07,1.46,0.46,1.28,-0.04
542,Craig Dawson,Dawson,33.0,Wolves,20,2,DEF,4.5,0.2,7097.0,78.8,0.97,39.49,3.0,1.3,0.07,0.04,-0.42,-0.12,-0.06,-0.18,-0.27,-0.36,-0.23,-0.3,-0.25,0.15,0.35,-0.1,0.05,-0.14,-0.13,0.44,0.13,-0.04,-0.36,0.13,-0.39,-0.33,-0.21,-0.06,-0.57,-0.15,0.1,0.07,0.16,0.07,0.27,-0.16,-0.24,0.31,-0.51,-0.04,-0.05,-0.02
447,Chris Wood,Wood,31.0,Nott'm Forest,16,4,FWD,6.1,7.8,5324.0,59.1,0.99,78.48,3.0,2.6,0.45,0.09,0.0,0.0,0.0,0.0,0.0,0.0,0.0,0.0,0.0,0.0,0.0,0.0,0.0,0.0,0.0,0.0,0.0,0.0,0.0,0.0,0.0,0.0,0.0,0.0,0.0,0.0,0.0,0.0,0.0,0.0,0.0,0.0,0.0,0.0,0.0,0.0,0.0,0.0
368,Casemiro,Casemiro,31.0,Man Utd,14,3,MID,5.0,0.6,6683.0,74.2,0.95,75.84,3.0,2.5,0.13,0.1,0.2,0.11,0.09,0.22,0.16,0.13,0.1,0.17,0.14,0.14,0.27,0.26,0.19,0.07,0.21,0.06,0.19,0.17,0.12,0.05,0.28,0.16,0.15,0.22,0.08,0.14,0.31,0.12,0.21,0.15,0.1,0.08,0.23,0.13,0.11,0.19,0.09,0.15
345,Kevin De Bruyne,De Bruyne,32.0,Man City,13,3,MID,9.6,11.0,5839.0,65.0,1.18,88.68,3.0,3.0,0.22,0.61,0.34,0.66,0.43,0.47,0.39,0.32,0.53,0.48,0.62,0.42,0.38,0.41,0.25,0.54,0.46,0.47,0.37,0.51,0.54,0.52,0.38,0.59,0.43,0.3,0.4,0.33,0.33,0.45,0.46,0.61,0.38,0.54,0.42,0.45,0.56,0.55,0.5,0.44
73,Neto,Neto,34.0,Arsenal,1,1,GKP,4.5,2.0,5535.0,61.5,1.0,90.0,2.0,2.0,0.0,0.0,2.19,1.29,1.74,1.1,0.8,2.4,2.46,1.54,1.12,1.06,1.19,2.07,1.58,1.77,1.64,1.95,1.74,2.63,1.38,1.34,1.52,1.7,1.81,1.24,2.07,1.97,1.7,1.36,1.6,2.02,1.58,1.79,2.32,2.12,1.92,0.7,1.48,2.14
278,Sam Morsy,Morsy,31.0,Ipswich,10,3,MID,4.9,0.2,3989.0,44.4,1.02,90.0,3.0,3.0,0.02,0.04,0.07,0.04,0.21,0.1,0.24,0.15,0.13,0.2,0.1,0.31,0.07,0.16,0.15,0.23,0.19,0.17,0.11,0.06,0.13,0.14,0.16,0.08,0.03,0.33,0.09,0.12,0.1,0.16,0.23,0.12,0.25,0.08,0.11,0.06,0.13,0.17,0.23,0.2
243,Tom Cairney,Cairney,32.0,Fulham,9,3,MID,4.9,0.0,4023.0,44.7,1.03,17.89,3.0,0.6,0.08,0.13,0.0,0.0,0.0,0.0,0.0,0.0,0.0,0.0,0.0,0.0,0.0,0.0,0.0,0.0,0.0,0.0,0.0,0.0,0.0,0.0,0.0,0.0,0.0,0.0,0.0,0.0,0.0,0.0,0.0,0.0,0.0,0.0,0.0,0.0,0.0,0.0,0.0,0.0
418,Kieran Trippier,Trippier,32.0,Newcastle,15,2,DEF,5.8,7.6,6982.0,77.5,1.04,12.37,1.0,0.4,0.02,0.29,-0.16,-0.35,-0.35,-0.29,-0.33,-0.43,-0.34,-0.3,-0.44,-0.38,-0.31,-0.25,-0.3,-0.46,-0.39,-0.17,-0.18,-0.31,-0.39,-0.46,-0.21,-0.26,-0.22,-0.24,-0.55,-0.23,-0.59,-0.34,-0.22,-0.3,-0.23,-0.3,-0.41,-0.13,-0.4,-0.34,-0.5,-0.26
395,Dan Burn,Burn,31.0,Newcastle,15,2,DEF,4.5,14.8,8299.0,92.3,0.95,90.0,3.0,3.0,0.08,0.04,1.66,0.56,0.55,0.86,0.67,0.26,0.6,0.79,0.2,0.43,0.74,1.04,0.78,0.16,0.39,1.58,1.48,0.74,0.38,0.13,1.29,0.98,1.24,1.1,-0.13,1.17,-0.22,0.61,1.2,0.82,1.15,0.8,0.31,1.88,0.36,0.62,0.04,1.02
192,Jordan Ayew,J.Ayew,31.0,Leicester,11,3,MID,5.4,0.3,7276.0,80.9,1.01,37.79,1.0,0.2,0.14,0.13,0.05,0.06,0.06,0.06,0.08,0.03,0.08,0.09,0.09,0.11,0.04,0.06,0.04,0.08,0.06,0.03,0.1,0.02,0.04,0.04,0.09,0.08,0.03,0.05,0.05,0.07,0.05,0.03,0.07,0.02,0.05,0.04,0.03,0.07,0.12,0.06,0.14,0.05
248,Bernd Leno,Leno,31.0,Fulham,9,1,GKP,5.0,3.0,7020.0,78.0,1.0,90.0,3.0,3.0,0.0,0.0,0.24,1.44,1.33,0.89,0.35,0.58,-0.25,0.6,0.45,0.67,0.63,1.15,0.0,0.64,0.3,-0.34,1.52,0.08,0.83,1.74,0.47,1.01,0.66,-0.04,1.02,1.06,0.72,0.22,0.4,-0.09,0.03,0.41,0.48,1.09,0.18,0.87,0.25,0.13
370,Christian Eriksen,Eriksen,31.0,Man Utd,14,3,MID,5.4,0.2,4128.0,45.9,0.93,1.58,1.0,0.1,0.15,0.2,0.0,0.0,0.0,0.0,0.0,0.0,0.0,0.0,0.0,0.0,0.0,0.0,0.0,0.0,0.0,0.0,0.0,0.0,0.0,0.0,0.0,0.0,0.0,0.0,0.0,0.0,0.0,0.0,0.0,0.0,0.0,0.0,0.0,0.0,0.0,0.0,0.0,0.0
222,Idrissa Gana Gueye,Gana,33.0,Everton,8,3,MID,5.0,0.1,6102.0,67.7,1.06,89.63,3.0,3.0,0.05,0.05,0.27,0.15,0.31,0.18,0.35,0.36,0.21,0.41,0.34,0.36,0.24,0.28,0.19,0.38,0.15,0.13,0.24,0.11,0.35,0.23,0.26,0.23,0.19,0.44,0.27,0.28,0.2,0.29,0.32,0.09,0.2,0.26,0.17,0.16,0.5,0.25,0.45,0.14
120,Lewis Dunk,Dunk,31.0,Brighton,5,2,DEF,4.5,6.4,8681.0,96.5,0.98,85.34,3.0,2.8,0.07,0.04,0.76,0.98,0.19,2.02,1.33,0.37,0.72,0.24,1.46,-0.07,0.42,0.72,1.81,0.85,1.33,1.38,0.79,0.99,0.48,0.61,1.64,0.55,1.19,0.9,0.79,1.4,1.15,1.27,0.02,0.9,0.95,1.74,0.56,1.2,0.66,1.04,0.32,0.3
513,Alphonse Areola,Areola,30.0,West Ham,19,1,GKP,4.5,8.3,3098.0,34.4,1.0,75.84,3.0,2.5,0.0,0.0,0.24,0.27,-0.12,0.19,0.16,-0.01,1.09,-0.21,0.29,0.24,0.45,-0.25,0.02,0.56,0.65,0.11,0.28,0.61,-0.19,-0.41,0.51,0.59,-0.07,-0.15,0.3,-0.29,0.86,0.06,0.13,0.33,0.42,-0.48,0.92,-0.04,0.1,-0.02,0.56,0.78
523,Danny Ings,Ings,31.0,West Ham,19,4,FWD,5.0,1.2,3901.0,43.4,0.98,3.55,1.0,0.1,0.35,0.1,0.0,0.0,0.0,0.0,0.0,0.0,0.0,0.0,0.0,0.0,0.0,0.0,0.0,0.0,0.0,0.0,0.0,0.0,0.0,0.0,0.0,0.0,0.0,0.0,0.0,0.0,0.0,0.0,0.0,0.0,0.0,0.0,0.0,0.0,0.0,0.0,0.0,0.0
443,Matz Sels,Sels,31.0,Nott'm Forest,16,1,GKP,4.5,1.8,9900.0,110.0,1.0,90.0,3.0,3.0,0.0,0.01,0.95,1.2,1.26,-0.26,0.33,1.06,0.18,1.17,1.12,1.01,0.46,0.0,1.83,-0.16,0.34,0.7,0.36,0.51,0.56,0.83,0.13,1.62,0.51,0.75,0.63,0.05,0.4,0.22,1.44,0.76,0.28,0.98,0.1,0.78,0.74,1.54,0.57,0.58
503,Son Heung-min,Son,31.0,Spurs,18,3,MID,10.0,9.3,8828.0,98.1,1.13,89.69,3.0,3.0,0.35,0.28,0.34,0.32,0.14,0.2,0.28,0.19,0.19,0.32,0.27,0.26,0.5,0.1,0.33,0.23,0.24,0.36,0.15,0.26,0.37,0.21,0.13,0.23,0.43,0.19,0.27,0.41,0.17,0.31,0.25,0.16,0.45,0.28,0.35,0.09,0.23,0.35,0.18,0.27
214,Jeffrey Schlupp,Schlupp,30.0,Crystal Palace,7,3,MID,4.9,0.1,5734.0,63.7,1.01,4.32,2.0,0.1,0.12,0.09,0.0,0.0,0.0,0.0,0.0,0.0,0.0,0.0,0.0,0.0,0.0,0.0,0.0,0.0,0.0,0.0,0.0,0.0,0.0,0.0,0.0,0.0,0.0,0.0,0.0,0.0,0.0,0.0,0.0,0.0,0.0,0.0,0.0,0.0,0.0,0.0,0.0,0.0
543,Matt Doherty,Doherty,31.0,Wolves,20,2,DEF,4.5,0.2,2710.0,30.1,1.0,66.71,3.0,2.2,0.1,0.1,-0.27,0.17,0.26,0.08,-0.06,-0.18,0.0,-0.1,-0.02,0.6,0.95,0.21,0.44,0.15,0.17,1.11,0.57,0.3,-0.19,0.58,-0.23,-0.13,0.03,0.26,-0.47,0.12,0.52,0.47,0.63,0.48,0.81,0.12,-0.01,0.88,-0.4,0.3,0.29,0.32
565,Pablo Sarabia,Sarabia,31.0,Wolves,20,3,MID,5.4,0.2,4974.0,55.2,0.95,10.79,2.0,0.3,0.27,0.27,0.0,0.0,0.0,0.0,0.0,0.0,0.0,0.0,0.0,0.0,0.0,0.0,0.0,0.0,0.0,0.0,0.0,0.0,0.0,0.0,0.0,0.0,0.0,0.0,0.0,0.0,0.0,0.0,0.0,0.0,0.0,0.0,0.0,0.0,0.0,0.0,0.0,0.0
29,Ross Barkley,Barkley,29.0,Aston Villa,2,3,MID,5.3,0.5,3757.0,41.8,1.01,14.74,2.0,0.5,0.18,0.14,0.0,0.0,0.0,0.0,0.0,0.0,0.0,0.0,0.0,0.0,0.0,0.0,0.0,0.0,0.0,0.0,0.0,0.0,0.0,0.0,0.0,0.0,0.0,0.0,0.0,0.0,0.0,0.0,0.0,0.0,0.0,0.0,0.0,0.0,0.0,0.0,0.0,0.0
472,Jack Stephens,Stephens,29.0,Southampton,17,2,DEF,4.0,0.9,3520.0,39.1,0.98,90.0,3.0,3.0,0.03,0.02,-0.37,0.62,-0.1,0.27,1.36,0.04,-0.42,1.04,-0.56,0.48,0.33,-0.31,-0.13,0.11,-0.17,0.04,0.15,0.5,0.24,0.29,-0.11,0.2,-0.01,0.93,0.45,0.26,-0.27,-0.64,0.75,0.66,-0.33,0.2,0.09,0.56,0.62,-0.23,0.08,-0.06
425,Willy Boly,Boly,32.0,Nott'm Forest,16,2,DEF,4.5,0.2,3023.0,33.6,1.01,28.32,2.0,1.0,0.06,0.06,0.11,0.22,0.24,-0.5,-0.18,0.15,-0.26,0.2,0.18,0.13,-0.12,-0.35,0.47,-0.44,-0.17,-0.01,-0.16,-0.09,-0.07,0.06,-0.28,0.39,-0.09,0.02,-0.03,-0.32,-0.14,-0.23,0.32,0.02,-0.2,0.12,-0.3,0.03,0.01,0.36,-0.06,-0.06
354,Mateo Kovačić,Kovačić,29.0,Man City,13,3,MID,5.5,1.6,4816.0,53.5,0.99,74.63,3.0,2.5,0.08,0.11,0.22,0.42,0.27,0.3,0.25,0.2,0.33,0.3,0.39,0.26,0.24,0.26,0.16,0.34,0.29,0.29,0.23,0.32,0.34,0.33,0.24,0.37,0.27,0.19,0.25,0.21,0.21,0.29,0.29,0.39,0.24,0.34,0.27,0.29,0.35,0.35,0.32,0.28
307,Jannik Vestergaard,Vestergaard,30.0,Leicester,11,2,DEF,4.0,3.0,4285.0,47.6,0.98,61.68,2.0,2.0,0.04,0.0,-0.02,0.08,0.12,0.15,0.33,-0.39,0.3,0.49,0.44,0.67,-0.14,0.04,-0.13,0.35,0.16,-0.36,0.54,-0.59,-0.22,-0.18,0.47,0.39,-0.32,0.02,-0.1,0.18,0.03,-0.26,0.17,-0.52,-0.06,-0.15,-0.3,0.22,0.81,0.12,0.97,-0.01
377,Harry Maguire,Maguire,30.0,Man Utd,14,2,DEF,5.0,0.7,4935.0,54.8,0.98,61.0,3.0,2.0,0.09,0.04,0.54,-0.01,-0.17,0.64,0.3,0.12,-0.05,0.33,0.17,0.18,0.89,0.81,0.48,-0.26,0.58,-0.39,0.45,0.36,0.09,-0.46,0.95,0.3,0.22,0.61,-0.18,0.16,1.11,0.04,0.58,0.26,-0.09,-0.22,0.68,0.13,0.01,0.49,-0.13,0.27
290,Bobby Reid,De Cordova-Reid,30.0,Leicester,11,3,MID,5.4,0.1,6422.0,71.3,1.03,50.26,3.0,1.7,0.19,0.09,0.11,0.12,0.13,0.13,0.17,0.06,0.16,0.19,0.19,0.23,0.09,0.12,0.09,0.17,0.14,0.06,0.2,0.04,0.08,0.08,0.19,0.18,0.07,0.11,0.1,0.14,0.12,0.07,0.14,0.04,0.1,0.09,0.07,0.15,0.26,0.13,0.29,0.11
339,Virgil van Dijk,Virgil,32.0,Liverpool,12,2,DEF,6.0,13.9,9072.0,100.8,1.01,90.0,3.0,3.0,0.08,0.04,1.79,1.17,0.72,1.5,1.33,1.2,1.12,0.98,0.36,1.14,1.09,1.58,0.6,0.41,0.93,1.44,0.47,1.9,0.96,1.15,1.09,0.74,2.17,0.9,1.62,0.19,0.83,1.97,0.66,1.36,1.02,1.38,1.5,0.9,0.55,0.78,0.71,1.54
362,John Stones,Stones,29.0,Man City,13,2,DEF,5.4,1.7,4029.0,44.7,1.02,15.37,1.0,0.5,0.07,0.04,-0.24,-0.06,-0.17,-0.15,-0.2,-0.26,-0.12,-0.14,-0.07,-0.18,-0.21,-0.18,-0.33,-0.11,-0.15,-0.15,-0.22,-0.12,-0.11,-0.12,-0.2,-0.08,-0.17,-0.27,-0.19,-0.24,-0.25,-0.16,-0.15,-0.08,-0.21,-0.11,-0.18,-0.16,-0.1,-0.1,-0.13,-0.17
413,Nick Pope,Pope,31.0,Newcastle,15,1,GKP,5.0,8.8,7846.0,87.1,1.0,90.0,3.0,3.0,0.0,0.0,1.66,0.56,0.55,0.86,0.67,0.26,0.6,0.79,0.2,0.43,0.74,1.04,0.78,0.16,0.39,1.58,1.48,0.74,0.38,0.13,1.29,0.98,1.24,1.1,-0.13,1.17,-0.22,0.61,1.2,0.82,1.15,0.8,0.31,1.88,0.36,0.62,0.04,1.02
47,Emiliano Martínez,Martinez,30.0,Aston Villa,2,1,GKP,5.0,13.1,9394.0,104.4,1.0,90.0,3.0,3.0,0.0,0.0,0.57,0.4,1.12,0.98,1.26,1.44,0.76,0.63,0.95,0.1,-0.26,1.17,0.18,0.78,1.62,0.7,0.22,0.05,0.75,1.54,0.56,0.0,1.01,0.83,1.83,0.58,0.74,0.36,0.13,0.33,1.12,1.2,0.46,-0.16,1.06,0.51,0.51,0.34
531,James Ward-Prowse,Ward-Prowse,28.0,Nott'm Forest,16,3,MID,6.4,1.1,9677.0,107.5,1.14,10.06,1.0,0.2,0.1,0.2,0.0,0.0,0.0,0.0,0.0,0.0,0.0,0.0,0.0,0.0,0.0,0.0,0.0,0.0,0.0,0.0,0.0,0.0,0.0,0.0,0.0,0.0,0.0,0.0,0.0,0.0,0.0,0.0,0.0,0.0,0.0,0.0,0.0,0.0,0.0,0.0,0.0,0.0
36,Lucas Digne,Digne,30.0,Aston Villa,2,2,DEF,4.5,4.7,6351.0,70.6,0.99,79.1,3.0,2.6,0.03,0.14,0.57,0.4,1.12,0.98,1.26,1.44,0.76,0.63,0.95,0.1,-0.26,1.17,0.18,0.78,1.62,0.7,0.22,0.05,0.75,1.54,0.56,0.0,1.01,0.83,1.83,0.58,0.74,0.36,0.13,0.33,1.12,1.2,0.46,-0.16,1.06,0.51,0.51,0.34
306,Jamie Vardy,Vardy,36.0,Leicester,11,4,FWD,5.6,7.0,5431.0,60.3,1.03,78.78,3.0,2.6,0.35,0.07,0.0,0.0,0.0,0.0,0.0,0.0,0.0,0.0,0.0,0.0,0.0,0.0,0.0,0.0,0.0,0.0,0.0,0.0,0.0,0.0,0.0,0.0,0.0,0.0,0.0,0.0,0.0,0.0,0.0,0.0,0.0,0.0,0.0,0.0,0.0,0.0,0.0,0.0
204,Sam Johnstone,Johnstone,30.0,Wolves,20,1,GKP,4.4,0.4,5845.0,65.0,1.0,28.32,1.0,1.0,0.0,0.0,-0.42,-0.12,-0.06,-0.18,-0.27,-0.36,-0.23,-0.3,-0.25,0.15,0.35,-0.1,0.05,-0.14,-0.13,0.44,0.13,-0.04,-0.36,0.13,-0.39,-0.33,-0.21,-0.06,-0.57,-0.15,0.1,0.07,0.16,0.07,0.27,-0.16,-0.24,0.31,-0.51,-0.04,-0.05,-0.02
252,Raúl Jiménez,Raúl,32.0,Fulham,9,4,FWD,5.4,0.4,4872.0,54.1,0.98,11.94,3.0,0.4,0.27,0.12,0.0,0.0,0.0,0.0,0.0,0.0,0.0,0.0,0.0,0.0,0.0,0.0,0.0,0.0,0.0,0.0,0.0,0.0,0.0,0.0,0.0,0.0,0.0,0.0,0.0,0.0,0.0,0.0,0.0,0.0,0.0,0.0,0.0,0.0,0.0,0.0,0.0,0.0
475,Charlie Taylor,Taylor,29.0,Southampton,17,2,DEF,4.0,4.8,6787.0,75.4,1.01,5.62,1.0,0.2,0.01,0.06,-0.66,-0.34,-0.54,-0.42,-0.2,-0.49,-0.68,-0.25,-0.75,-0.37,-0.41,-0.63,-0.56,-0.47,-0.57,-0.5,-0.46,-0.36,-0.43,-0.42,-0.55,-0.44,-0.51,-0.27,-0.38,-0.43,-0.61,-0.8,-0.31,-0.33,-0.64,-0.44,-0.48,-0.35,-0.34,-0.59,-0.48,-0.53
277,Massimo Luongo,Luongo,30.0,Ipswich,10,3,MID,4.5,0.6,3159.0,35.1,1.01,46.49,2.0,1.5,0.03,0.03,0.05,0.03,0.15,0.07,0.16,0.1,0.09,0.14,0.07,0.21,0.05,0.11,0.1,0.16,0.13,0.12,0.08,0.04,0.09,0.1,0.11,0.06,0.02,0.22,0.06,0.08,0.07,0.11,0.15,0.08,0.17,0.05,0.07,0.04,0.09,0.11,0.15,0.14
228,Michael Keane,Keane,30.0,Everton,8,2,DEF,4.0,4.1,4216.0,46.8,1.03,90.0,3.0,3.0,0.09,0.05,0.79,0.13,0.98,0.31,1.15,1.2,0.49,1.48,1.1,1.24,0.61,0.82,0.38,1.29,0.16,0.04,0.62,-0.13,1.17,0.56,0.74,0.55,0.36,1.58,0.78,0.8,0.39,0.86,1.04,-0.22,0.43,0.74,0.26,0.2,1.88,0.67,1.66,0.08
203,Will Hughes,Hughes,28.0,Crystal Palace,7,3,MID,4.9,0.0,3786.0,42.1,1.01,69.12,2.0,1.5,0.02,0.06,0.14,0.21,0.11,0.28,0.18,0.16,0.11,0.18,0.15,0.19,0.22,0.13,0.15,0.27,0.12,0.13,0.14,0.15,0.29,0.16,0.23,0.16,0.19,0.13,0.21,0.17,0.18,0.31,0.1,0.24,0.18,0.08,0.21,0.1,0.23,0.11,0.24,0.07
520,Emerson Palmieri,Emerson,28.0,West Ham,19,2,DEF,4.5,0.7,6726.0,74.9,1.0,82.96,3.0,2.8,0.04,0.07,0.52,0.56,0.06,0.46,0.41,0.2,1.68,-0.06,0.58,0.52,0.8,-0.11,0.23,0.95,1.07,0.35,0.57,1.02,-0.03,-0.31,0.89,0.99,0.12,0.01,0.61,-0.15,1.36,0.28,0.38,0.64,0.76,-0.4,1.44,0.16,0.34,0.18,0.95,1.26
152,Kepa Arrizabalaga,Arrizabalaga,28.0,Bournemouth,3,1,GKP,4.5,0.5,4123.0,45.8,1.0,68.16,1.0,1.0,0.0,0.0,0.4,0.2,0.28,0.31,-0.38,1.14,0.74,0.16,0.06,0.02,0.13,0.44,0.51,0.26,1.0,0.65,0.11,0.78,0.35,0.63,-0.02,-0.13,0.75,-0.07,0.81,0.85,0.1,-0.08,0.47,1.32,0.3,0.7,0.43,0.46,-0.17,0.4,-0.3,1.08
147,Adam Webster,Webster,28.0,Brighton,5,2,DEF,4.5,0.1,4563.0,50.7,0.98,4.66,1.0,0.2,0.06,0.01,-0.31,-0.26,-0.45,-0.11,-0.2,-0.4,-0.32,-0.43,-0.18,-0.53,-0.38,-0.32,-0.14,-0.29,-0.2,-0.2,-0.3,-0.26,-0.37,-0.34,-0.16,-0.35,-0.23,-0.28,-0.3,-0.19,-0.23,-0.21,-0.5,-0.28,-0.27,-0.15,-0.35,-0.22,-0.33,-0.25,-0.41,-0.42
235,Jordan Pickford,Pickford,29.0,Everton,8,1,GKP,4.9,10.9,9900.0,110.0,1.0,90.0,3.0,3.0,0.0,0.0,0.79,0.13,0.98,0.31,1.15,1.2,0.49,1.48,1.1,1.24,0.61,0.82,0.38,1.29,0.16,0.04,0.62,-0.13,1.17,0.56,0.74,0.55,0.36,1.58,0.78,0.8,0.39,0.86,1.04,-0.22,0.43,0.74,0.26,0.2,1.88,0.67,1.66,0.08
145,Joël Veltman,Veltman,31.0,Brighton,5,2,DEF,4.5,2.4,6650.0,73.8,1.0,84.02,3.0,2.8,0.04,0.03,0.76,0.98,0.19,2.02,1.33,0.37,0.72,0.24,1.46,-0.07,0.42,0.72,1.81,0.85,1.33,1.38,0.79,0.99,0.48,0.61,1.64,0.55,1.19,0.9,0.79,1.4,1.15,1.27,0.02,0.9,0.95,1.74,0.56,1.2,0.66,1.04,0.32,0.3
405,Emil Krafth,Krafth,28.0,Newcastle,15,2,DEF,4.5,0.2,2548.0,28.3,0.99,80.99,3.0,2.7,0.02,0.08,1.66,0.56,0.55,0.86,0.67,0.26,0.6,0.79,0.2,0.43,0.74,1.04,0.78,0.16,0.39,1.58,1.48,0.74,0.38,0.13,1.29,0.98,1.24,1.1,-0.13,1.17,-0.22,0.61,1.2,0.82,1.15,0.8,0.31,1.88,0.36,0.62,0.04,1.02
444,Harry Toffolo,Toffolo,27.0,Nott'm Forest,16,2,DEF,4.4,0.1,5959.0,66.2,1.02,21.89,1.0,0.4,0.07,0.08,-0.27,-0.22,-0.22,-0.6,-0.41,-0.25,-0.45,-0.23,-0.24,-0.26,-0.38,-0.51,-0.13,-0.57,-0.41,-0.32,-0.4,-0.36,-0.35,-0.29,-0.47,-0.16,-0.36,-0.31,-0.33,-0.49,-0.39,-0.44,-0.19,-0.31,-0.42,-0.26,-0.47,-0.3,-0.31,-0.17,-0.35,-0.35
402,Jacob Murphy,J.Murphy,28.0,Newcastle,15,3,MID,5.4,1.0,3913.0,43.5,1.01,39.81,3.0,1.3,0.18,0.29,0.0,0.0,0.0,0.0,0.0,0.0,0.0,0.0,0.0,0.0,0.0,0.0,0.0,0.0,0.0,0.0,0.0,0.0,0.0,0.0,0.0,0.0,0.0,0.0,0.0,0.0,0.0,0.0,0.0,0.0,0.0,0.0,0.0,0.0,0.0,0.0,0.0,0.0
349,Jack Grealish,Grealish,27.0,Man City,13,3,MID,6.4,0.2,4978.0,55.3,0.99,29.84,2.0,1.0,0.22,0.27,0.11,0.21,0.14,0.15,0.13,0.1,0.17,0.15,0.2,0.13,0.12,0.13,0.08,0.17,0.15,0.15,0.12,0.16,0.17,0.17,0.12,0.19,0.14,0.1,0.13,0.11,0.1,0.15,0.15,0.2,0.12,0.17,0.14,0.15,0.18,0.18,0.16,0.14
23,Leandro Trossard,Trossard,28.0,Arsenal,1,3,MID,6.9,1.9,6700.0,74.4,1.09,31.41,3.0,1.1,0.31,0.19,0.0,0.0,0.0,0.0,0.0,0.0,0.0,0.0,0.0,0.0,0.0,0.0,0.0,0.0,0.0,0.0,0.0,0.0,0.0,0.0,0.0,0.0,0.0,0.0,0.0,0.0,0.0,0.0,0.0,0.0,0.0,0.0,0.0,0.0,0.0,0.0,0.0,0.0
310,Alisson,A.Becker,30.0,Liverpool,12,1,GKP,5.5,12.3,9090.0,101.0,1.0,90.0,3.0,3.0,0.0,0.01,1.79,1.17,0.72,1.5,1.33,1.2,1.12,0.98,0.36,1.14,1.09,1.58,0.6,0.41,0.93,1.44,0.47,1.9,0.96,1.15,1.09,0.74,2.17,0.9,1.62,0.19,0.83,1.97,0.66,1.36,1.02,1.38,1.5,0.9,0.55,0.78,0.71,1.54
91,Mark Flekken,Flekken,30.0,Brentford,4,1,GKP,4.5,11.1,9225.0,102.5,1.0,90.0,3.0,3.0,0.0,0.01,1.22,-0.21,1.66,-0.12,0.15,1.06,1.31,0.39,1.88,0.68,0.99,0.61,1.58,0.33,0.5,0.22,1.17,0.37,0.45,1.26,0.27,0.17,0.79,0.56,0.62,1.17,1.04,0.75,0.57,0.1,0.63,0.04,0.8,0.75,0.82,1.48,1.12,0.87
328,Mohamed Salah,M.Salah,31.0,Liverpool,12,3,MID,12.6,41.4,8586.0,95.5,0.96,87.0,3.0,2.9,0.55,0.33,0.48,0.35,0.26,0.42,0.38,0.36,0.34,0.31,0.19,0.34,0.33,0.44,0.23,0.2,0.3,0.41,0.21,0.51,0.31,0.35,0.33,0.26,0.57,0.3,0.44,0.16,0.28,0.52,0.25,0.39,0.32,0.39,0.42,0.3,0.23,0.27,0.26,0.43
415,Fabian Schär,Schär,31.0,Newcastle,15,2,DEF,5.4,0.9,8418.0,93.5,0.97,44.31,1.0,0.3,0.09,0.05,0.33,-0.1,-0.11,0.02,-0.06,-0.24,-0.09,-0.01,-0.27,-0.16,-0.03,0.1,-0.01,-0.29,-0.18,0.3,0.27,-0.03,-0.19,-0.3,0.19,0.07,0.17,0.12,-0.44,0.15,-0.49,-0.08,0.16,0.01,0.14,-0.0,-0.22,0.41,-0.19,-0.08,-0.35,0.09
347,Ederson,Ederson M.,29.0,Man City,13,1,GKP,5.5,8.1,9265.0,102.9,1.0,90.0,3.0,3.0,0.0,0.0,1.14,2.6,1.54,1.74,1.38,1.01,1.99,1.79,2.43,1.5,1.29,1.48,0.66,2.04,1.7,1.72,1.26,1.92,2.04,1.95,1.33,2.29,1.56,0.95,1.42,1.09,1.06,1.66,1.7,2.37,1.31,2.07,1.52,1.66,2.14,2.12,1.88,1.6
217,Abdoulaye Doucouré,A.Doucoure,30.0,Everton,8,3,MID,5.4,0.3,6699.0,74.4,1.01,42.76,3.0,1.4,0.22,0.1,0.08,0.05,0.1,0.06,0.11,0.11,0.07,0.13,0.1,0.11,0.07,0.09,0.06,0.12,0.05,0.04,0.07,0.03,0.11,0.07,0.08,0.07,0.06,0.14,0.08,0.09,0.06,0.09,0.1,0.03,0.06,0.08,0.05,0.05,0.16,0.08,0.14,0.04
335,Andrew Robertson,Robertson,29.0,Liverpool,12,2,DEF,6.0,6.2,6813.0,75.7,1.02,83.76,3.0,2.8,0.07,0.24,1.79,1.17,0.72,1.5,1.33,1.2,1.12,0.98,0.36,1.14,1.09,1.58,0.6,0.41,0.93,1.44,0.47,1.9,0.96,1.15,1.09,0.74,2.17,0.9,1.62,0.19,0.83,1.97,0.66,1.36,1.02,1.38,1.5,0.9,0.55,0.78,0.71,1.54
48,John McGinn,McGinn,28.0,Aston Villa,2,3,MID,5.5,1.9,8782.0,97.5,1.02,71.25,3.0,2.4,0.11,0.13,0.23,0.2,0.34,0.31,0.37,0.41,0.27,0.24,0.3,0.14,0.09,0.35,0.16,0.27,0.44,0.25,0.17,0.14,0.26,0.43,0.23,0.13,0.32,0.28,0.49,0.23,0.26,0.19,0.15,0.18,0.34,0.36,0.21,0.1,0.33,0.22,0.22,0.19
341,Nathan Aké,Aké,28.0,Man City,13,2,DEF,5.4,1.8,4838.0,53.8,1.0,0.94,1.0,0.0,0.09,0.05,-0.24,-0.06,-0.17,-0.15,-0.2,-0.26,-0.12,-0.14,-0.07,-0.18,-0.21,-0.18,-0.33,-0.11,-0.15,-0.15,-0.22,-0.12,-0.11,-0.12,-0.2,-0.08,-0.17,-0.27,-0.19,-0.24,-0.25,-0.16,-0.15,-0.08,-0.21,-0.11,-0.18,-0.16,-0.1,-0.1,-0.13,-0.17
101,Christian Nørgaard,Nørgaard,29.0,Brentford,4,3,MID,5.0,0.1,7322.0,81.3,0.95,90.0,3.0,3.0,0.11,0.1,0.36,0.09,0.45,0.11,0.15,0.33,0.38,0.2,0.5,0.25,0.31,0.24,0.44,0.18,0.22,0.17,0.35,0.19,0.21,0.37,0.17,0.16,0.27,0.23,0.24,0.35,0.32,0.26,0.23,0.14,0.24,0.13,0.28,0.26,0.28,0.41,0.34,0.29
366,Bruno Fernandes,B.Fernandes,28.0,Man Utd,14,3,MID,8.4,12.3,9545.0,106.0,1.0,85.5,3.0,2.9,0.21,0.37,0.3,0.16,0.13,0.33,0.23,0.19,0.15,0.24,0.2,0.21,0.4,0.38,0.28,0.11,0.31,0.08,0.28,0.25,0.18,0.07,0.41,0.24,0.21,0.32,0.12,0.2,0.46,0.17,0.31,0.23,0.14,0.11,0.34,0.19,0.17,0.29,0.13,0.23
554,José Sá,José Sá,30.0,Wolves,20,1,GKP,4.5,2.1,9562.0,106.2,1.0,90.0,2.0,2.0,0.0,0.0,-0.13,0.43,0.55,0.31,0.13,-0.02,0.21,0.08,0.18,1.01,1.48,0.48,0.79,0.4,0.42,1.7,0.96,0.61,-0.03,0.98,-0.09,0.04,0.25,0.55,-0.38,0.37,0.9,0.83,1.04,0.85,1.29,0.36,0.2,1.38,-0.29,0.6,0.58,0.63
264,Wes Burns,Burns,28.0,Ipswich,10,3,MID,4.9,0.0,2381.0,26.5,1.03,59.56,1.0,0.6,0.08,0.14,0.02,0.01,0.05,0.02,0.06,0.04,0.03,0.05,0.02,0.07,0.02,0.04,0.04,0.06,0.05,0.04,0.03,0.01,0.03,0.03,0.04,0.02,0.01,0.08,0.02,0.03,0.02,0.04,0.05,0.03,0.06,0.02,0.03,0.02,0.03,0.04,0.05,0.05
557,Mario Lemina,Mario Jr.,29.0,Wolves,20,3,MID,5.0,0.2,7072.0,78.6,0.98,89.63,3.0,3.0,0.1,0.04,0.11,0.2,0.23,0.18,0.15,0.12,0.16,0.14,0.16,0.32,0.41,0.21,0.27,0.2,0.2,0.46,0.31,0.24,0.12,0.31,0.11,0.13,0.17,0.23,0.07,0.19,0.3,0.28,0.32,0.28,0.38,0.19,0.16,0.39,0.08,0.23,0.23,0.24
206,Jefferson Lerma,Lerma,28.0,Crystal Palace,7,3,MID,4.9,0.1,8506.0,94.5,0.96,35.38,2.0,0.9,0.08,0.08,0.09,0.15,0.08,0.19,0.13,0.11,0.08,0.12,0.11,0.13,0.15,0.09,0.1,0.18,0.08,0.09,0.1,0.11,0.2,0.11,0.16,0.11,0.13,0.09,0.15,0.12,0.12,0.22,0.07,0.17,0.13,0.05,0.14,0.07,0.16,0.07,0.17,0.05
247,Alex Iwobi,Iwobi,27.0,Fulham,9,3,MID,5.5,1.2,7745.0,86.1,0.98,88.74,3.0,3.0,0.14,0.17,0.17,0.41,0.38,0.29,0.19,0.23,0.09,0.23,0.21,0.25,0.24,0.35,0.13,0.24,0.18,0.08,0.42,0.14,0.28,0.47,0.21,0.32,0.25,0.12,0.32,0.33,0.26,0.17,0.2,0.11,0.13,0.2,0.21,0.33,0.16,0.29,0.17,0.15
254,Harrison Reed,Reed,28.0,Fulham,9,3,MID,4.9,0.0,6886.0,76.4,0.98,3.44,3.0,0.1,0.04,0.09,0.0,0.0,0.0,0.0,0.0,0.0,0.0,0.0,0.0,0.0,0.0,0.0,0.0,0.0,0.0,0.0,0.0,0.0,0.0,0.0,0.0,0.0,0.0,0.0,0.0,0.0,0.0,0.0,0.0,0.0,0.0,0.0,0.0,0.0,0.0,0.0,0.0,0.0
259,Harry Wilson,Wilson,26.0,Fulham,9,3,MID,5.4,0.1,6196.0,68.8,0.97,13.54,3.0,0.4,0.18,0.16,0.0,0.0,0.0,0.0,0.0,0.0,0.0,0.0,0.0,0.0,0.0,0.0,0.0,0.0,0.0,0.0,0.0,0.0,0.0,0.0,0.0,0.0,0.0,0.0,0.0,0.0,0.0,0.0,0.0,0.0,0.0,0.0,0.0,0.0,0.0,0.0,0.0,0.0
298,Stephy Mavididi,Mavididi,25.0,Leicester,11,3,MID,5.4,0.3,7174.0,79.7,1.03,18.77,3.0,0.6,0.14,0.1,0.0,0.0,0.0,0.0,0.0,0.0,0.0,0.0,0.0,0.0,0.0,0.0,0.0,0.0,0.0,0.0,0.0,0.0,0.0,0.0,0.0,0.0,0.0,0.0,0.0,0.0,0.0,0.0,0.0,0.0,0.0,0.0,0.0,0.0,0.0,0.0,0.0,0.0
15,David Raya,Raya,27.0,Arsenal,1,1,GKP,5.5,28.4,8460.0,94.0,1.0,90.0,3.0,3.0,0.0,0.0,2.19,1.29,1.74,1.1,0.8,2.4,2.46,1.54,1.12,1.06,1.19,2.07,1.58,1.77,1.64,1.95,1.74,2.63,1.38,1.34,1.52,1.7,1.81,1.24,2.07,1.97,1.7,1.36,1.6,2.02,1.58,1.79,2.32,2.12,1.92,0.7,1.48,2.14
82,Dominic Solanke,Solanke,25.0,Spurs,18,4,FWD,7.5,8.4,10271.0,114.1,0.94,76.35,1.0,1.0,0.38,0.09,0.0,0.0,0.0,0.0,0.0,0.0,0.0,0.0,0.0,0.0,0.0,0.0,0.0,0.0,0.0,0.0,0.0,0.0,0.0,0.0,0.0,0.0,0.0,0.0,0.0,0.0,0.0,0.0,0.0,0.0,0.0,0.0,0.0,0.0,0.0,0.0,0.0,0.0
359,Kalvin Phillips,Phillips,27.0,Ipswich,10,3,MID,5.0,0.1,2298.0,25.4,0.98,28.58,1.0,0.8,0.05,0.03,0.03,0.02,0.09,0.04,0.1,0.06,0.05,0.08,0.04,0.13,0.03,0.07,0.06,0.1,0.08,0.07,0.05,0.02,0.05,0.06,0.07,0.03,0.01,0.13,0.04,0.05,0.04,0.06,0.09,0.05,0.1,0.03,0.04,0.03,0.05,0.07,0.09,0.08
64,Lewis Cook,Cook,26.0,Bournemouth,3,3,MID,5.0,0.1,6679.0,74.2,0.99,87.82,3.0,2.9,0.01,0.12,0.24,0.2,0.21,0.22,0.08,0.43,0.33,0.19,0.17,0.16,0.18,0.25,0.27,0.21,0.39,0.3,0.18,0.34,0.23,0.3,0.15,0.13,0.33,0.14,0.34,0.35,0.17,0.14,0.26,0.48,0.22,0.32,0.25,0.26,0.12,0.24,0.09,0.41
453,Adam Armstrong,Armstrong,26.0,Southampton,17,4,FWD,5.5,1.4,6493.0,72.1,0.94,68.34,3.0,2.3,0.23,0.09,0.0,0.0,0.0,0.0,0.0,0.0,0.0,0.0,0.0,0.0,0.0,0.0,0.0,0.0,0.0,0.0,0.0,0.0,0.0,0.0,0.0,0.0,0.0,0.0,0.0,0.0,0.0,0.0,0.0,0.0,0.0,0.0,0.0,0.0,0.0,0.0,0.0,0.0
240,Andreas Pereira,Andreas,27.0,Fulham,9,3,MID,5.4,2.9,5305.0,58.9,0.92,86.56,3.0,2.9,0.17,0.22,0.17,0.41,0.38,0.29,0.19,0.23,0.09,0.23,0.21,0.25,0.24,0.35,0.13,0.24,0.18,0.08,0.42,0.14,0.28,0.47,0.21,0.32,0.25,0.12,0.32,0.33,0.26,0.17,0.2,0.11,0.13,0.2,0.21,0.33,0.16,0.29,0.17,0.15
309,Harry Winks,Winks,27.0,Leicester,11,3,MID,4.5,14.8,6667.0,74.1,0.98,90.0,3.0,3.0,0.02,0.04,0.16,0.18,0.19,0.2,0.24,0.08,0.24,0.29,0.27,0.34,0.13,0.17,0.13,0.25,0.2,0.09,0.3,0.05,0.11,0.12,0.28,0.26,0.1,0.17,0.14,0.21,0.17,0.11,0.2,0.06,0.15,0.13,0.1,0.21,0.38,0.19,0.42,0.16
63,Ryan Christie,Christie,28.0,Bournemouth,3,3,MID,4.9,0.2,7738.0,86.0,0.88,52.76,3.0,1.7,0.09,0.15,0.17,0.14,0.15,0.15,0.06,0.3,0.23,0.13,0.11,0.11,0.12,0.17,0.18,0.14,0.27,0.21,0.12,0.23,0.16,0.21,0.1,0.09,0.23,0.1,0.24,0.24,0.12,0.09,0.18,0.33,0.15,0.22,0.17,0.18,0.08,0.17,0.06,0.29
476,Kyle Walker-Peters,Walker-Peters,26.0,Southampton,17,2,DEF,4.5,0.5,9141.0,101.6,1.0,86.9,3.0,2.9,0.03,0.06,-0.37,0.62,-0.1,0.27,1.36,0.04,-0.42,1.04,-0.56,0.48,0.33,-0.31,-0.13,0.11,-0.17,0.04,0.15,0.5,0.24,0.29,-0.11,0.2,-0.01,0.93,0.45,0.26,-0.27,-0.64,0.75,0.66,-0.33,0.2,0.09,0.56,0.62,-0.23,0.08,-0.06
320,Wataru Endo,Endo,30.0,Liverpool,12,3,MID,4.9,0.2,7543.0,83.8,1.01,0.37,1.0,0.0,0.07,0.09,0.0,0.0,0.0,0.0,0.0,0.0,0.0,0.0,0.0,0.0,0.0,0.0,0.0,0.0,0.0,0.0,0.0,0.0,0.0,0.0,0.0,0.0,0.0,0.0,0.0,0.0,0.0,0.0,0.0,0.0,0.0,0.0,0.0,0.0,0.0,0.0,0.0,0.0
422,Ola Aina,Aina,26.0,Nott'm Forest,16,2,DEF,4.4,2.1,4005.0,44.5,1.01,78.51,3.0,2.6,0.02,0.08,0.57,0.76,0.8,-0.36,0.1,0.65,-0.02,0.74,0.7,0.62,0.2,-0.15,1.22,-0.29,0.11,0.38,0.12,0.24,0.28,0.48,-0.06,1.07,0.24,0.42,0.33,-0.12,0.16,0.02,0.93,0.43,0.06,0.59,-0.08,0.44,0.41,1.01,0.29,0.3
239,Adama Traoré,Adama,27.0,Fulham,9,3,MID,5.0,2.4,3322.0,36.9,0.97,77.72,3.0,2.6,0.18,0.22,0.17,0.41,0.38,0.29,0.19,0.23,0.09,0.23,0.21,0.25,0.24,0.35,0.13,0.24,0.18,0.08,0.42,0.14,0.28,0.47,0.21,0.32,0.25,0.12,0.32,0.33,0.26,0.17,0.2,0.11,0.13,0.2,0.21,0.33,0.16,0.29,0.17,0.15
516,Vladimír Coufal,Coufal,30.0,West Ham,19,2,DEF,4.5,0.8,7477.0,83.0,0.98,55.62,3.0,1.8,0.01,0.1,0.24,0.27,-0.12,0.19,0.16,-0.01,1.09,-0.21,0.29,0.24,0.45,-0.25,0.02,0.56,0.65,0.11,0.28,0.61,-0.19,-0.41,0.51,0.59,-0.07,-0.15,0.3,-0.29,0.86,0.06,0.13,0.33,0.42,-0.48,0.92,-0.04,0.1,-0.02,0.56,0.78
509,Timo Werner,Werner,27.0,Spurs,18,3,MID,6.4,0.2,4236.0,47.1,0.93,9.38,2.0,0.3,0.38,0.15,0.0,0.0,0.0,0.0,0.0,0.0,0.0,0.0,0.0,0.0,0.0,0.0,0.0,0.0,0.0,0.0,0.0,0.0,0.0,0.0,0.0,0.0,0.0,0.0,0.0,0.0,0.0,0.0,0.0,0.0,0.0,0.0,0.0,0.0,0.0,0.0,0.0,0.0
342,Bernardo Silva,Bernardo,28.0,Man City,13,3,MID,6.6,6.5,7640.0,84.8,1.08,90.0,3.0,3.0,0.13,0.23,0.34,0.66,0.43,0.47,0.39,0.32,0.53,0.48,0.62,0.42,0.38,0.41,0.25,0.54,0.46,0.47,0.37,0.51,0.54,0.52,0.38,0.59,0.43,0.3,0.4,0.33,0.33,0.45,0.46,0.61,0.38,0.54,0.42,0.45,0.56,0.55,0.5,0.44
57,Youri Tielemans,Tielemans,26.0,Aston Villa,2,3,MID,5.5,1.2,6597.0,73.2,1.05,90.0,3.0,3.0,0.06,0.17,0.23,0.2,0.34,0.31,0.37,0.41,0.27,0.24,0.3,0.14,0.09,0.35,0.16,0.27,0.44,0.25,0.17,0.14,0.26,0.43,0.23,0.13,0.32,0.28,0.49,0.23,0.26,0.19,0.15,0.18,0.34,0.36,0.21,0.1,0.33,0.22,0.22,0.19
257,Kenny Tete,Tete,27.0,Fulham,9,2,DEF,4.5,0.4,4778.0,53.0,1.03,90.0,3.0,3.0,0.05,0.06,0.24,1.44,1.33,0.89,0.35,0.58,-0.25,0.6,0.45,0.67,0.63,1.15,0.0,0.64,0.3,-0.34,1.52,0.08,0.83,1.74,0.47,1.01,0.66,-0.04,1.02,1.06,0.72,0.22,0.4,-0.09,0.03,0.41,0.48,1.09,0.18,0.87,0.25,0.13
271,Marcus Harness,Harness,27.0,Ipswich,10,3,MID,4.9,0.0,982.0,10.9,1.02,23.14,2.0,0.5,0.12,0.05,0.0,0.0,0.0,0.0,0.0,0.0,0.0,0.0,0.0,0.0,0.0,0.0,0.0,0.0,0.0,0.0,0.0,0.0,0.0,0.0,0.0,0.0,0.0,0.0,0.0,0.0,0.0,0.0,0.0,0.0,0.0,0.0,0.0,0.0,0.0,0.0,0.0,0.0
20,Thomas Partey,Thomas,30.0,Arsenal,1,3,MID,5.0,1.5,5299.0,58.9,0.99,90.0,3.0,3.0,0.08,0.05,0.57,0.38,0.47,0.34,0.28,0.62,0.63,0.43,0.34,0.33,0.35,0.54,0.44,0.48,0.45,0.52,0.47,0.67,0.39,0.39,0.42,0.46,0.49,0.36,0.54,0.52,0.46,0.39,0.44,0.53,0.44,0.48,0.6,0.55,0.51,0.25,0.41,0.56
76,Philip Billing,Philip,27.0,Bournemouth,3,3,MID,4.9,0.1,7466.0,82.9,1.05,17.8,1.0,0.1,0.15,0.13,0.03,0.02,0.03,0.03,0.01,0.05,0.04,0.02,0.02,0.02,0.02,0.03,0.03,0.02,0.05,0.04,0.02,0.04,0.03,0.04,0.02,0.02,0.04,0.02,0.04,0.04,0.02,0.02,0.03,0.06,0.03,0.04,0.03,0.03,0.01,0.03,0.01,0.05
311,Trent Alexander-Arnold,Alexander-Arnold,24.0,Liverpool,12,2,DEF,7.0,30.2,7931.0,88.1,1.0,73.81,3.0,2.5,0.08,0.34,1.79,1.17,0.72,1.5,1.33,1.2,1.12,0.98,0.36,1.14,1.09,1.58,0.6,0.41,0.93,1.44,0.47,1.9,0.96,1.15,1.09,0.74,2.17,0.9,1.62,0.19,0.83,1.97,0.66,1.36,1.02,1.38,1.5,0.9,0.55,0.78,0.71,1.54
255,Antonee Robinson,Robinson,25.0,Fulham,9,2,DEF,4.6,16.3,9382.0,104.3,1.01,90.0,3.0,3.0,0.01,0.08,0.24,1.44,1.33,0.89,0.35,0.58,-0.25,0.6,0.45,0.67,0.63,1.15,0.0,0.64,0.3,-0.34,1.52,0.08,0.83,1.74,0.47,1.01,0.66,-0.04,1.02,1.06,0.72,0.22,0.4,-0.09,0.03,0.41,0.48,1.09,0.18,0.87,0.25,0.13
361,Rúben Dias,Rúben,26.0,Man City,13,2,DEF,5.5,4.6,6959.0,77.3,0.94,90.0,3.0,3.0,0.06,0.03,1.14,2.6,1.54,1.74,1.38,1.01,1.99,1.79,2.43,1.5,1.29,1.48,0.66,2.04,1.7,1.72,1.26,1.92,2.04,1.95,1.33,2.29,1.56,0.95,1.42,1.09,1.06,1.66,1.7,2.37,1.31,2.07,1.52,1.66,2.14,2.12,1.88,1.6
455,Jan Bednarek,Bednarek,27.0,Southampton,17,2,DEF,4.0,3.0,7949.0,88.3,1.02,86.9,3.0,2.9,0.04,0.01,-0.37,0.62,-0.1,0.27,1.36,0.04,-0.42,1.04,-0.56,0.48,0.33,-0.31,-0.13,0.11,-0.17,0.04,0.15,0.5,0.24,0.29,-0.11,0.2,-0.01,0.93,0.45,0.26,-0.27,-0.64,0.75,0.66,-0.33,0.2,0.09,0.56,0.62,-0.23,0.08,-0.06
201,Dean Henderson,Henderson,26.0,Crystal Palace,7,1,GKP,4.5,14.6,3240.0,36.0,1.0,90.0,3.0,3.0,0.0,0.0,0.57,1.22,0.38,1.74,0.99,0.78,0.33,0.92,0.74,1.06,1.29,0.49,0.67,1.64,0.43,0.55,0.62,0.74,1.81,0.8,1.34,0.8,1.01,0.56,1.2,0.86,0.92,2.02,0.26,1.42,0.98,0.04,1.17,0.2,1.34,0.31,1.48,-0.06
494,James Maddison,Maddison,26.0,Spurs,18,3,MID,7.5,4.6,7074.0,78.6,1.06,78.94,3.0,2.6,0.26,0.27,0.34,0.32,0.14,0.2,0.28,0.19,0.19,0.32,0.27,0.26,0.5,0.1,0.33,0.23,0.24,0.36,0.15,0.26,0.37,0.21,0.13,0.23,0.43,0.19,0.27,0.41,0.17,0.31,0.25,0.16,0.45,0.28,0.35,0.09,0.23,0.35,0.18,0.27
191,Joachim Andersen,Andersen,27.0,Fulham,9,2,DEF,4.4,12.8,9113.0,101.2,0.98,39.75,1.0,1.0,0.04,0.06,-0.14,0.53,0.47,0.23,-0.07,0.06,-0.45,0.07,-0.02,0.11,0.09,0.38,-0.28,0.1,-0.1,-0.51,0.57,-0.24,0.2,0.69,-0.0,0.3,0.11,-0.31,0.31,0.32,0.14,-0.15,-0.04,-0.34,-0.27,-0.03,0.0,0.34,-0.17,0.23,-0.13,-0.21
385,Marcus Rashford,Rashford,25.0,Man Utd,14,3,MID,6.9,3.0,6385.0,70.9,1.02,80.26,3.0,2.7,0.32,0.13,0.3,0.16,0.13,0.33,0.23,0.19,0.15,0.24,0.2,0.21,0.4,0.38,0.28,0.11,0.31,0.08,0.28,0.25,0.18,0.07,0.41,0.24,0.21,0.32,0.12,0.2,0.46,0.17,0.31,0.23,0.14,0.11,0.34,0.19,0.17,0.29,0.13,0.23
220,Dominic Calvert-Lewin,Calvert-Lewin,26.0,Everton,8,4,FWD,5.9,1.8,4619.0,51.3,0.85,77.28,3.0,2.6,0.42,0.11,0.0,0.0,0.0,0.0,0.0,0.0,0.0,0.0,0.0,0.0,0.0,0.0,0.0,0.0,0.0,0.0,0.0,0.0,0.0,0.0,0.0,0.0,0.0,0.0,0.0,0.0,0.0,0.0,0.0,0.0,0.0,0.0,0.0,0.0,0.0,0.0,0.0,0.0
514,Jarrod Bowen,Bowen,26.0,West Ham,19,3,MID,7.5,5.9,9235.0,102.5,1.02,82.83,3.0,2.7,0.3,0.19,0.22,0.23,0.14,0.21,0.2,0.16,0.46,0.12,0.23,0.22,0.28,0.11,0.17,0.3,0.33,0.19,0.23,0.32,0.12,0.08,0.29,0.31,0.15,0.13,0.24,0.1,0.39,0.18,0.19,0.24,0.27,0.07,0.41,0.15,0.19,0.16,0.3,0.37
58,Ollie Watkins,Watkins,27.0,Aston Villa,2,4,FWD,8.9,25.9,9296.0,103.2,1.0,61.81,3.0,2.1,0.45,0.16,0.0,0.0,0.0,0.0,0.0,0.0,0.0,0.0,0.0,0.0,0.0,0.0,0.0,0.0,0.0,0.0,0.0,0.0,0.0,0.0,0.0,0.0,0.0,0.0,0.0,0.0,0.0,0.0,0.0,0.0,0.0,0.0,0.0,0.0,0.0,0.0,0.0,0.0
391,Miguel Almirón,Almirón,29.0,Newcastle,15,3,MID,5.8,0.6,6144.0,68.3,1.01,1.06,2.0,0.0,0.23,0.11,0.0,0.0,0.0,0.0,0.0,0.0,0.0,0.0,0.0,0.0,0.0,0.0,0.0,0.0,0.0,0.0,0.0,0.0,0.0,0.0,0.0,0.0,0.0,0.0,0.0,0.0,0.0,0.0,0.0,0.0,0.0,0.0,0.0,0.0,0.0,0.0,0.0,0.0
163,Marc Cucurella,Cucurella,25.0,Chelsea,6,2,DEF,5.0,6.0,6565.0,73.0,0.98,83.59,3.0,2.8,0.04,0.05,0.33,0.95,1.27,0.63,0.68,0.86,1.24,-0.15,0.57,0.46,0.51,1.24,0.82,1.31,0.21,0.9,0.67,1.17,1.54,0.86,1.06,1.36,-0.06,1.12,0.43,0.39,1.72,1.64,0.1,0.62,0.47,1.92,0.75,1.1,0.23,0.16,0.87,0.8
410,Sean Longstaff,Longstaff,25.0,Newcastle,15,3,MID,4.9,0.9,6729.0,74.8,0.96,74.89,3.0,2.5,0.16,0.09,0.45,0.23,0.23,0.29,0.25,0.17,0.23,0.27,0.16,0.2,0.26,0.32,0.27,0.15,0.2,0.44,0.41,0.26,0.19,0.15,0.38,0.31,0.36,0.34,0.11,0.35,0.09,0.24,0.36,0.28,0.35,0.28,0.18,0.5,0.19,0.24,0.13,0.32
282,Axel Tuanzebe,Tuanzebe,25.0,Ipswich,10,2,DEF,4.0,1.6,2149.0,23.8,0.99,83.97,3.0,2.8,0.01,0.01,-0.37,-0.61,0.49,-0.19,0.62,0.14,0.03,0.41,-0.17,0.98,-0.38,0.2,0.14,0.6,0.37,0.26,-0.08,-0.48,0.04,0.08,0.19,-0.29,-0.69,1.06,-0.24,-0.03,-0.18,0.18,0.55,-0.03,0.68,-0.33,-0.13,-0.43,0.01,0.22,0.55,0.43
403,Joelinton,Joelinton,26.0,Newcastle,15,3,MID,6.0,2.6,6498.0,72.2,0.98,90.0,3.0,3.0,0.21,0.12,0.45,0.23,0.23,0.29,0.25,0.17,0.23,0.27,0.16,0.2,0.26,0.32,0.27,0.15,0.2,0.44,0.41,0.26,0.19,0.15,0.38,0.31,0.36,0.34,0.11,0.35,0.09,0.24,0.36,0.28,0.35,0.28,0.18,0.5,0.19,0.24,0.13,0.32
548,Gonçalo Guedes,Guedes,26.0,Wolves,20,3,MID,5.4,0.1,4797.0,53.4,1.09,5.03,1.0,0.2,0.15,0.11,0.0,0.0,0.0,0.0,0.0,0.0,0.0,0.0,0.0,0.0,0.0,0.0,0.0,0.0,0.0,0.0,0.0,0.0,0.0,0.0,0.0,0.0,0.0,0.0,0.0,0.0,0.0,0.0,0.0,0.0,0.0,0.0,0.0,0.0,0.0,0.0,0.0,0.0
13,Martin Ødegaard,Ødegaard,24.0,Arsenal,1,3,MID,8.4,10.7,9003.0,99.9,1.1,84.65,3.0,2.8,0.21,0.25,0.57,0.38,0.47,0.34,0.28,0.62,0.63,0.43,0.34,0.33,0.35,0.54,0.44,0.48,0.45,0.52,0.47,0.67,0.39,0.39,0.42,0.46,0.49,0.36,0.54,0.52,0.46,0.39,0.44,0.53,0.44,0.48,0.6,0.55,0.51,0.25,0.41,0.56
508,Guglielmo Vicario,Vicario,26.0,Spurs,18,1,GKP,5.0,3.9,9623.0,106.9,1.0,90.0,3.0,3.0,0.0,0.0,1.14,1.01,0.08,0.42,0.8,0.37,0.35,1.02,0.76,0.72,1.85,-0.14,1.09,0.55,0.61,1.22,0.14,0.72,1.27,0.48,0.02,0.58,1.56,0.38,0.79,1.46,0.25,0.98,0.66,0.2,1.64,0.85,1.15,-0.23,0.6,1.19,0.3,0.78
382,Mason Mount,Mount,24.0,Man Utd,14,3,MID,6.4,0.1,4527.0,50.3,1.07,53.88,2.0,1.2,0.17,0.17,0.18,0.09,0.07,0.19,0.14,0.11,0.09,0.14,0.12,0.12,0.24,0.22,0.17,0.06,0.18,0.05,0.16,0.15,0.11,0.04,0.24,0.14,0.13,0.19,0.07,0.12,0.27,0.1,0.18,0.13,0.08,0.07,0.2,0.11,0.1,0.17,0.08,0.13
550,Hwang Hee-chan,Hee Chan,27.0,Wolves,20,3,MID,6.4,0.6,5114.0,56.8,1.07,59.44,3.0,2.0,0.25,0.11,0.03,0.06,0.07,0.06,0.05,0.04,0.05,0.04,0.05,0.1,0.13,0.07,0.08,0.06,0.06,0.14,0.1,0.07,0.04,0.1,0.04,0.04,0.05,0.07,0.02,0.06,0.09,0.09,0.1,0.09,0.12,0.06,0.05,0.12,0.03,0.07,0.07,0.07
86,Kristoffer Ajer,Ajer,25.0,Brentford,4,2,DEF,4.5,0.4,4590.0,51.1,1.02,73.63,3.0,2.4,0.06,0.08,0.76,-0.33,1.08,-0.26,-0.04,0.64,0.82,0.14,1.24,0.36,0.59,0.3,1.02,0.09,0.22,0.01,0.72,0.12,0.18,0.78,0.05,-0.03,0.44,0.27,0.31,0.72,0.63,0.41,0.28,-0.08,0.32,-0.13,0.45,0.41,0.46,0.95,0.68,0.5
452,Joe Aribo,Aribo,27.0,Southampton,17,3,MID,5.0,0.1,2830.0,31.4,1.04,75.02,3.0,2.5,0.09,0.08,0.07,0.24,0.11,0.17,0.39,0.13,0.06,0.32,0.05,0.21,0.18,0.08,0.11,0.15,0.1,0.13,0.15,0.22,0.17,0.18,0.11,0.16,0.12,0.3,0.21,0.17,0.09,0.04,0.26,0.25,0.08,0.16,0.14,0.23,0.24,0.09,0.14,0.12
225,Mason Holgate,Holgate,26.0,Everton,8,2,DEF,4.0,0.5,3640.0,40.4,0.98,3.55,1.0,0.1,0.08,0.03,-0.3,-0.46,-0.26,-0.41,-0.23,-0.22,-0.37,-0.18,-0.24,-0.22,-0.34,-0.3,-0.39,-0.21,-0.46,-0.5,-0.34,-0.55,-0.23,-0.35,-0.31,-0.35,-0.4,-0.17,-0.3,-0.3,-0.39,-0.29,-0.25,-0.59,-0.38,-0.31,-0.43,-0.44,-0.13,-0.33,-0.16,-0.48
317,Diogo Jota,Diogo J.,26.0,Liverpool,12,3,MID,7.6,18.5,4640.0,51.6,1.05,74.43,3.0,2.5,0.53,0.23,0.48,0.35,0.26,0.42,0.38,0.36,0.34,0.31,0.19,0.34,0.33,0.44,0.23,0.2,0.3,0.41,0.21,0.51,0.31,0.35,0.33,0.26,0.57,0.3,0.44,0.16,0.28,0.52,0.25,0.39,0.32,0.39,0.42,0.3,0.23,0.27,0.26,0.43
381,Scott McTominay,McTominay,26.0,Man Utd,14,3,MID,4.9,0.4,5448.0,60.5,1.0,9.04,2.0,0.2,0.19,0.04,0.0,0.0,0.0,0.0,0.0,0.0,0.0,0.0,0.0,0.0,0.0,0.0,0.0,0.0,0.0,0.0,0.0,0.0,0.0,0.0,0.0,0.0,0.0,0.0,0.0,0.0,0.0,0.0,0.0,0.0,0.0,0.0,0.0,0.0,0.0,0.0,0.0,0.0
265,Conor Chaplin,Chaplin,26.0,Ipswich,10,3,MID,5.4,0.2,3340.0,37.1,1.01,21.57,3.0,0.8,0.16,0.08,0.02,0.01,0.07,0.03,0.07,0.05,0.04,0.06,0.03,0.1,0.02,0.05,0.05,0.07,0.06,0.05,0.04,0.02,0.04,0.04,0.05,0.03,0.01,0.1,0.03,0.04,0.03,0.05,0.07,0.04,0.08,0.02,0.03,0.02,0.04,0.05,0.07,0.06
588,Guido Rodríguez,G.Rodríguez,29.0,West Ham,19,3,MID,5.0,0.1,7247.0,80.5,1.02,88.13,3.0,2.9,0.03,0.02,0.22,0.23,0.14,0.21,0.2,0.16,0.46,0.12,0.23,0.22,0.28,0.11,0.17,0.3,0.33,0.19,0.23,0.32,0.12,0.08,0.29,0.31,0.15,0.13,0.24,0.1,0.39,0.18,0.19,0.24,0.27,0.07,0.41,0.15,0.19,0.16,0.3,0.37
24,Ben White,White,25.0,Arsenal,1,2,DEF,6.5,9.0,8923.0,99.1,1.04,90.0,3.0,3.0,0.03,0.09,2.19,1.29,1.74,1.1,0.8,2.4,2.46,1.54,1.12,1.06,1.19,2.07,1.58,1.77,1.64,1.95,1.74,2.63,1.38,1.34,1.52,1.7,1.81,1.24,2.07,1.97,1.7,1.36,1.6,2.02,1.58,1.79,2.32,2.12,1.92,0.7,1.48,2.14
198,Odsonne Édouard,Edouard,25.0,Leicester,11,4,FWD,5.4,0.6,4922.0,54.7,1.01,55.21,2.0,1.3,0.3,0.07,0.0,0.0,0.0,0.0,0.0,0.0,0.0,0.0,0.0,0.0,0.0,0.0,0.0,0.0,0.0,0.0,0.0,0.0,0.0,0.0,0.0,0.0,0.0,0.0,0.0,0.0,0.0,0.0,0.0,0.0,0.0,0.0,0.0,0.0,0.0,0.0,0.0,0.0
32,Matty Cash,Cash,25.0,Aston Villa,2,2,DEF,4.4,1.9,7339.0,81.5,0.98,54.05,2.0,1.1,0.11,0.08,0.19,0.08,0.56,0.47,0.65,0.77,0.32,0.24,0.45,-0.14,-0.4,0.6,-0.08,0.33,0.89,0.28,-0.05,-0.17,0.31,0.84,0.19,-0.21,0.49,0.37,1.03,0.2,0.31,0.05,-0.12,0.03,0.56,0.62,0.12,-0.33,0.52,0.15,0.15,0.03
44,Ezri Konsa,Konsa,25.0,Aston Villa,2,2,DEF,4.5,13.2,8868.0,98.5,0.96,90.0,3.0,3.0,0.05,0.02,0.57,0.4,1.12,0.98,1.26,1.44,0.76,0.63,0.95,0.1,-0.26,1.17,0.18,0.78,1.62,0.7,0.22,0.05,0.75,1.54,0.56,0.0,1.01,0.83,1.83,0.58,0.74,0.36,0.13,0.33,1.12,1.2,0.46,-0.16,1.06,0.51,0.51,0.34
420,Joe Willock,Willock,23.0,Newcastle,15,3,MID,4.9,0.1,5015.0,55.7,0.92,8.57,1.0,0.2,0.21,0.16,0.0,0.0,0.0,0.0,0.0,0.0,0.0,0.0,0.0,0.0,0.0,0.0,0.0,0.0,0.0,0.0,0.0,0.0,0.0,0.0,0.0,0.0,0.0,0.0,0.0,0.0,0.0,0.0,0.0,0.0,0.0,0.0,0.0,0.0,0.0,0.0,0.0,0.0
559,Nélson Semedo,N.Semedo,29.0,Wolves,20,2,DEF,4.5,0.0,7847.0,87.2,0.94,78.0,1.0,0.8,0.03,0.04,-0.13,0.43,0.55,0.31,0.13,-0.02,0.21,0.08,0.18,1.01,1.48,0.48,0.79,0.4,0.42,1.7,0.96,0.61,-0.03,0.98,-0.09,0.04,0.25,0.55,-0.38,0.37,0.9,0.83,1.04,0.85,1.29,0.36,0.2,1.38,-0.29,0.6,0.58,0.63
562,Daniel Podence,Podence,26.0,Wolves,20,3,MID,5.5,0.1,3255.0,36.2,1.03,22.53,2.0,0.5,0.18,0.16,0.0,0.0,0.0,0.0,0.0,0.0,0.0,0.0,0.0,0.0,0.0,0.0,0.0,0.0,0.0,0.0,0.0,0.0,0.0,0.0,0.0,0.0,0.0,0.0,0.0,0.0,0.0,0.0,0.0,0.0,0.0,0.0,0.0,0.0,0.0,0.0,0.0,0.0
10,Reiss Nelson,Nelson,23.0,Fulham,9,3,MID,5.0,0.1,1410.0,15.7,1.01,1.22,1.0,0.0,0.19,0.27,0.0,0.0,0.0,0.0,0.0,0.0,0.0,0.0,0.0,0.0,0.0,0.0,0.0,0.0,0.0,0.0,0.0,0.0,0.0,0.0,0.0,0.0,0.0,0.0,0.0,0.0,0.0,0.0,0.0,0.0,0.0,0.0,0.0,0.0,0.0,0.0,0.0,0.0
83,Marcus Tavernier,Tavernier,24.0,Bournemouth,3,3,MID,5.5,0.3,7764.0,86.3,0.98,87.75,3.0,2.9,0.17,0.17,0.24,0.2,0.21,0.22,0.08,0.43,0.33,0.19,0.17,0.16,0.18,0.25,0.27,0.21,0.39,0.3,0.18,0.34,0.23,0.3,0.15,0.13,0.33,0.14,0.34,0.35,0.17,0.14,0.26,0.48,0.22,0.32,0.25,0.26,0.12,0.24,0.09,0.41
392,Harvey Barnes,Barnes,25.0,Newcastle,15,3,MID,6.4,0.6,5614.0,62.3,1.08,37.77,3.0,1.3,0.31,0.19,0.15,0.07,0.07,0.09,0.08,0.06,0.08,0.09,0.05,0.07,0.08,0.1,0.09,0.05,0.06,0.14,0.13,0.08,0.06,0.05,0.12,0.1,0.12,0.11,0.03,0.11,0.03,0.08,0.11,0.09,0.11,0.09,0.06,0.16,0.06,0.08,0.04,0.1
383,André Onana,Onana,27.0,Man Utd,14,1,GKP,5.0,5.2,6120.0,68.0,1.0,90.0,3.0,3.0,0.0,0.0,0.92,0.2,-0.0,1.06,0.6,0.37,0.14,0.64,0.43,0.45,1.4,1.29,0.85,-0.13,0.98,-0.28,0.8,0.68,0.32,-0.37,1.48,0.61,0.49,1.02,-0.03,0.41,1.7,0.26,0.98,0.55,0.09,-0.08,1.12,0.38,0.22,0.86,0.04,0.56
480,Rodrigo Bentancur,Bentancur,26.0,Spurs,18,3,MID,5.0,0.1,5021.0,55.8,1.01,49.23,2.0,1.0,0.13,0.07,0.2,0.19,0.08,0.12,0.16,0.11,0.11,0.19,0.16,0.15,0.29,0.06,0.2,0.13,0.14,0.21,0.09,0.15,0.22,0.13,0.08,0.14,0.25,0.11,0.16,0.24,0.1,0.18,0.15,0.09,0.27,0.17,0.2,0.05,0.14,0.21,0.11,0.16
300,Wilfred Ndidi,Ndidi,26.0,Leicester,11,3,MID,5.0,0.2,5424.0,60.3,0.96,89.37,3.0,3.0,0.07,0.05,0.16,0.18,0.19,0.2,0.24,0.08,0.24,0.29,0.27,0.34,0.13,0.17,0.13,0.25,0.2,0.09,0.3,0.05,0.11,0.12,0.28,0.26,0.1,0.17,0.14,0.21,0.17,0.11,0.2,0.06,0.15,0.13,0.1,0.21,0.38,0.19,0.42,0.16
122,Pervis Estupiñán,Estupiñan,25.0,Brighton,5,2,DEF,5.0,0.3,5493.0,61.0,0.99,32.74,1.0,0.2,0.06,0.19,-0.1,-0.03,-0.33,0.29,0.09,-0.25,-0.12,-0.3,0.13,-0.45,-0.23,-0.12,0.23,-0.07,0.09,0.1,-0.09,-0.02,-0.21,-0.16,0.18,-0.18,0.04,-0.05,-0.09,0.11,0.03,0.07,-0.4,-0.05,-0.04,0.21,-0.18,0.05,-0.14,-0.01,-0.27,-0.28
16,Declan Rice,Rice,24.0,Arsenal,1,3,MID,6.4,3.9,9677.0,107.5,1.1,74.92,3.0,2.5,0.06,0.11,0.39,0.26,0.32,0.23,0.19,0.42,0.43,0.29,0.23,0.22,0.24,0.37,0.3,0.32,0.31,0.35,0.32,0.46,0.27,0.26,0.29,0.31,0.33,0.25,0.37,0.35,0.31,0.27,0.3,0.36,0.3,0.33,0.41,0.38,0.35,0.17,0.28,0.38
94,Vitaly Janelt,Janelt,25.0,Brentford,4,3,MID,5.0,0.1,7560.0,83.9,1.02,72.94,3.0,2.4,0.07,0.11,0.36,0.09,0.45,0.11,0.15,0.33,0.38,0.2,0.5,0.25,0.31,0.24,0.44,0.18,0.22,0.17,0.35,0.19,0.21,0.37,0.17,0.16,0.27,0.23,0.24,0.35,0.32,0.26,0.23,0.14,0.24,0.13,0.28,0.26,0.28,0.41,0.34,0.29
326,Ibrahima Konaté,Konaté,24.0,Liverpool,12,2,DEF,5.0,4.0,4116.0,45.7,0.96,76.03,3.0,2.5,0.05,0.01,1.19,0.74,0.4,0.98,0.85,0.76,0.7,0.59,0.12,0.71,0.67,1.04,0.31,0.17,0.56,0.93,0.21,1.27,0.58,0.72,0.67,0.41,1.46,0.54,1.07,-0.01,0.48,1.32,0.35,0.88,0.63,0.89,0.98,0.54,0.27,0.44,0.39,1.01
584,Ben Brereton,Brereton Díaz,24.0,Southampton,17,3,MID,5.4,0.6,7898.0,87.8,1.03,83.79,3.0,2.8,0.23,0.07,0.07,0.24,0.11,0.17,0.39,0.13,0.06,0.32,0.05,0.21,0.18,0.08,0.11,0.15,0.1,0.13,0.15,0.22,0.17,0.18,0.11,0.16,0.12,0.3,0.21,0.17,0.09,0.04,0.26,0.25,0.08,0.16,0.14,0.23,0.24,0.09,0.14,0.12
449,Ryan Yates,Yates,25.0,Nott'm Forest,16,3,MID,5.0,0.2,7503.0,83.3,0.95,43.35,3.0,1.5,0.11,0.04,0.09,0.11,0.11,0.03,0.06,0.1,0.05,0.11,0.11,0.1,0.06,0.04,0.15,0.03,0.06,0.08,0.06,0.07,0.07,0.09,0.05,0.14,0.07,0.08,0.07,0.04,0.06,0.05,0.13,0.08,0.05,0.1,0.04,0.08,0.08,0.13,0.07,0.07
2,Gabriel Jesus,G.Jesus,26.0,Arsenal,1,4,FWD,6.8,0.9,5419.0,60.2,0.91,19.36,1.0,0.1,0.47,0.22,0.0,0.0,0.0,0.0,0.0,0.0,0.0,0.0,0.0,0.0,0.0,0.0,0.0,0.0,0.0,0.0,0.0,0.0,0.0,0.0,0.0,0.0,0.0,0.0,0.0,0.0,0.0,0.0,0.0,0.0,0.0,0.0,0.0,0.0,0.0,0.0,0.0,0.0
25,Oleksandr Zinchenko,Zinchenko,26.0,Arsenal,1,2,DEF,5.0,2.4,4887.0,54.2,0.99,24.58,2.0,0.9,0.04,0.11,0.61,0.25,0.44,0.18,0.04,0.69,0.71,0.36,0.18,0.15,0.21,0.57,0.37,0.45,0.4,0.52,0.44,0.78,0.29,0.28,0.35,0.42,0.47,0.23,0.57,0.53,0.42,0.29,0.38,0.55,0.37,0.46,0.66,0.59,0.51,-0.01,0.33,0.59
622,Sander Berge,Berge,25.0,Fulham,9,3,MID,5.0,0.0,8190.0,91.0,1.01,25.45,1.0,0.2,0.07,0.07,0.02,0.05,0.05,0.04,0.02,0.03,0.01,0.03,0.03,0.03,0.03,0.05,0.02,0.03,0.02,0.01,0.06,0.02,0.04,0.06,0.03,0.04,0.03,0.02,0.04,0.04,0.03,0.02,0.03,0.01,0.02,0.03,0.03,0.04,0.02,0.04,0.02,0.02
95,Mathias Jensen,Jensen,27.0,Brentford,4,3,MID,5.5,0.2,6608.0,73.4,1.04,78.46,3.0,2.6,0.06,0.17,0.36,0.09,0.45,0.11,0.15,0.33,0.38,0.2,0.5,0.25,0.31,0.24,0.44,0.18,0.22,0.17,0.35,0.19,0.21,0.37,0.17,0.16,0.27,0.23,0.24,0.35,0.32,0.26,0.23,0.14,0.24,0.13,0.28,0.26,0.28,0.41,0.34,0.29
394,Bruno Guimarães,Bruno G.,25.0,Newcastle,15,3,MID,6.4,2.5,8657.0,96.3,1.06,90.0,3.0,3.0,0.12,0.16,0.45,0.23,0.23,0.29,0.25,0.17,0.23,0.27,0.16,0.2,0.26,0.32,0.27,0.15,0.2,0.44,0.41,0.26,0.19,0.15,0.38,0.31,0.36,0.34,0.11,0.35,0.09,0.24,0.36,0.28,0.35,0.28,0.18,0.5,0.19,0.24,0.13,0.32
200,Marc Guéhi,Guéhi,23.0,Crystal Palace,7,2,DEF,4.5,6.0,8572.0,95.3,0.97,90.0,3.0,3.0,0.04,0.02,0.57,1.22,0.38,1.74,0.99,0.78,0.33,0.92,0.74,1.06,1.29,0.49,0.67,1.64,0.43,0.55,0.62,0.74,1.81,0.8,1.34,0.8,1.01,0.56,1.2,0.86,0.92,2.02,0.26,1.42,0.98,0.04,1.17,0.2,1.34,0.31,1.48,-0.06
501,Oliver Skipp,Skipp,22.0,Leicester,11,3,MID,5.0,0.0,3548.0,39.5,1.0,39.19,2.0,1.0,0.04,0.05,0.07,0.07,0.08,0.08,0.1,0.03,0.1,0.12,0.11,0.14,0.05,0.07,0.05,0.1,0.08,0.04,0.12,0.02,0.05,0.05,0.12,0.11,0.04,0.07,0.06,0.08,0.07,0.04,0.08,0.03,0.06,0.05,0.04,0.09,0.15,0.08,0.17,0.07
434,Callum Hudson-Odoi,Hudson-Odoi,22.0,Nott'm Forest,16,3,MID,5.4,2.5,3421.0,38.0,1.06,80.58,3.0,2.7,0.13,0.15,0.3,0.36,0.37,0.09,0.18,0.33,0.16,0.35,0.34,0.32,0.21,0.13,0.49,0.1,0.19,0.25,0.19,0.22,0.23,0.28,0.15,0.44,0.22,0.26,0.24,0.14,0.2,0.17,0.41,0.27,0.18,0.31,0.14,0.27,0.26,0.43,0.23,0.23
348,Phil Foden,Foden,23.0,Man City,13,3,MID,9.4,7.1,6827.0,75.8,1.17,54.57,1.0,0.5,0.33,0.25,0.09,0.18,0.12,0.13,0.11,0.09,0.14,0.13,0.17,0.11,0.1,0.11,0.07,0.15,0.13,0.13,0.1,0.14,0.15,0.14,0.1,0.16,0.12,0.08,0.11,0.09,0.09,0.12,0.13,0.17,0.1,0.15,0.11,0.12,0.15,0.15,0.14,0.12
19,Emile Smith Rowe,Smith Rowe,23.0,Fulham,9,3,MID,5.6,26.1,2446.0,27.1,1.03,67.39,3.0,2.2,0.35,0.1,0.17,0.41,0.38,0.29,0.19,0.23,0.09,0.23,0.21,0.25,0.24,0.35,0.13,0.24,0.18,0.08,0.42,0.14,0.28,0.47,0.21,0.32,0.25,0.12,0.32,0.33,0.26,0.17,0.2,0.11,0.13,0.2,0.21,0.33,0.16,0.29,0.17,0.15
205,Daichi Kamada,Kamada,26.0,Crystal Palace,7,3,MID,5.4,0.3,5948.0,66.2,0.97,59.3,3.0,2.0,0.15,0.11,0.14,0.23,0.12,0.3,0.2,0.17,0.12,0.19,0.16,0.21,0.24,0.14,0.16,0.28,0.13,0.14,0.15,0.16,0.31,0.17,0.24,0.17,0.2,0.14,0.22,0.18,0.19,0.34,0.11,0.25,0.2,0.08,0.22,0.1,0.24,0.11,0.26,0.07
424,Taiwo Awoniyi,Awoniyi,25.0,Nott'm Forest,16,4,FWD,5.9,0.5,4620.0,51.4,1.07,11.83,3.0,0.4,0.4,0.1,0.0,0.0,0.0,0.0,0.0,0.0,0.0,0.0,0.0,0.0,0.0,0.0,0.0,0.0,0.0,0.0,0.0,0.0,0.0,0.0,0.0,0.0,0.0,0.0,0.0,0.0,0.0,0.0,0.0,0.0,0.0,0.0,0.0,0.0,0.0,0.0,0.0,0.0
442,Ibrahim Sangaré,Sangaré,25.0,Nott'm Forest,16,3,MID,4.5,2.7,5934.0,65.9,0.98,70.25,3.0,2.4,0.07,0.04,0.21,0.24,0.25,0.06,0.13,0.22,0.11,0.24,0.23,0.22,0.14,0.09,0.33,0.07,0.13,0.17,0.13,0.15,0.15,0.19,0.1,0.3,0.15,0.18,0.16,0.09,0.13,0.11,0.28,0.18,0.12,0.21,0.1,0.18,0.18,0.29,0.16,0.16
340,Manuel Akanji,Akanji,28.0,Man City,13,2,DEF,5.5,5.7,7059.0,78.4,0.97,90.0,3.0,3.0,0.06,0.02,1.14,2.6,1.54,1.74,1.38,1.01,1.99,1.79,2.43,1.5,1.29,1.48,0.66,2.04,1.7,1.72,1.26,1.92,2.04,1.95,1.33,2.29,1.56,0.95,1.42,1.09,1.06,1.66,1.7,2.37,1.31,2.07,1.52,1.66,2.14,2.12,1.88,1.6
249,Saša Lukić,Lukić,26.0,Fulham,9,3,MID,5.0,0.1,5711.0,63.5,0.98,88.43,3.0,2.9,0.08,0.07,0.17,0.41,0.38,0.29,0.19,0.23,0.09,0.23,0.21,0.25,0.24,0.35,0.13,0.24,0.18,0.08,0.42,0.14,0.28,0.47,0.21,0.32,0.25,0.12,0.32,0.33,0.26,0.17,0.2,0.11,0.13,0.2,0.21,0.33,0.16,0.29,0.17,0.15
497,Richarlison,Richarlison,26.0,Spurs,18,4,FWD,6.9,0.7,5024.0,55.8,0.99,10.8,2.0,0.3,0.42,0.14,0.0,0.0,0.0,0.0,0.0,0.0,0.0,0.0,0.0,0.0,0.0,0.0,0.0,0.0,0.0,0.0,0.0,0.0,0.0,0.0,0.0,0.0,0.0,0.0,0.0,0.0,0.0,0.0,0.0,0.0,0.0,0.0,0.0,0.0,0.0,0.0,0.0,0.0
181,Christopher Nkunku,Nkunku,25.0,Chelsea,6,3,MID,6.2,6.2,5063.0,56.3,1.07,22.27,3.0,0.8,0.41,0.16,0.0,0.0,0.0,0.0,0.0,0.0,0.0,0.0,0.0,0.0,0.0,0.0,0.0,0.0,0.0,0.0,0.0,0.0,0.0,0.0,0.0,0.0,0.0,0.0,0.0,0.0,0.0,0.0,0.0,0.0,0.0,0.0,0.0,0.0,0.0,0.0,0.0,0.0
511,Edson Álvarez,Álvarez,25.0,West Ham,19,3,MID,5.0,0.1,7294.0,81.0,1.0,38.72,2.0,1.0,0.06,0.04,0.09,0.09,0.06,0.09,0.08,0.07,0.19,0.05,0.1,0.09,0.11,0.04,0.07,0.12,0.14,0.08,0.09,0.13,0.05,0.03,0.12,0.13,0.06,0.05,0.1,0.04,0.16,0.07,0.08,0.1,0.11,0.03,0.17,0.06,0.08,0.06,0.12,0.15
524,Max Kilman,Kilman,26.0,West Ham,19,2,DEF,4.5,2.8,9414.0,104.6,0.98,90.0,3.0,3.0,0.05,0.03,0.52,0.56,0.06,0.46,0.41,0.2,1.68,-0.06,0.58,0.52,0.8,-0.11,0.23,0.95,1.07,0.35,0.57,1.02,-0.03,-0.31,0.89,0.99,0.12,0.01,0.61,-0.15,1.36,0.28,0.38,0.64,0.76,-0.4,1.44,0.16,0.34,0.18,0.95,1.26
337,Kostas Tsimikas,Tsimikas,27.0,Liverpool,12,2,DEF,4.8,0.3,2327.0,25.8,0.98,6.24,2.0,0.2,0.03,0.18,-0.14,-0.23,-0.32,-0.18,-0.2,-0.22,-0.24,-0.26,-0.4,-0.24,-0.24,-0.17,-0.34,-0.39,-0.27,-0.19,-0.37,-0.13,-0.27,-0.23,-0.24,-0.31,-0.1,-0.28,-0.16,-0.45,-0.29,-0.12,-0.33,-0.2,-0.26,-0.2,-0.18,-0.28,-0.35,-0.3,-0.32,-0.17
471,William Smallbone,Smallbone,23.0,Southampton,17,3,MID,5.0,0.1,6367.0,70.8,0.98,73.21,3.0,2.4,0.07,0.07,0.05,0.16,0.08,0.12,0.27,0.09,0.04,0.22,0.03,0.14,0.13,0.05,0.07,0.1,0.07,0.09,0.1,0.15,0.11,0.12,0.07,0.11,0.08,0.2,0.14,0.12,0.06,0.03,0.18,0.17,0.05,0.11,0.1,0.15,0.16,0.06,0.09,0.08
388,Aaron Wan-Bissaka,Wan-Bissaka,25.0,West Ham,19,2,DEF,4.5,1.8,5008.0,55.6,0.97,39.19,2.0,1.3,0.03,0.07,-0.08,-0.06,-0.31,-0.11,-0.13,-0.24,0.43,-0.38,-0.05,-0.08,0.05,-0.4,-0.22,0.12,0.17,-0.16,-0.05,0.15,-0.36,-0.53,0.09,0.14,-0.28,-0.34,-0.04,-0.43,0.3,-0.2,-0.15,-0.02,0.04,-0.58,0.33,-0.26,-0.17,-0.25,0.12,0.25
269,George Edmundson,Edmundson,25.0,Ipswich,10,2,DEF,4.0,0.2,888.0,9.9,0.99,17.07,1.0,0.0,0.02,0.03,-0.6,-0.75,-0.21,-0.51,-0.16,-0.35,-0.4,-0.24,-0.5,-0.04,-0.61,-0.33,-0.35,-0.17,-0.26,-0.3,-0.45,-0.67,-0.4,-0.38,-0.33,-0.56,-0.81,-0.02,-0.53,-0.43,-0.5,-0.34,-0.19,-0.43,-0.14,-0.58,-0.48,-0.64,-0.41,-0.32,-0.19,-0.23
185,Robert Sánchez,Sánchez,25.0,Chelsea,6,1,GKP,4.5,4.1,6832.0,75.9,1.0,90.0,3.0,3.0,0.0,0.0,0.33,0.95,1.27,0.63,0.68,0.86,1.24,-0.15,0.57,0.46,0.51,1.24,0.82,1.31,0.21,0.9,0.67,1.17,1.54,0.86,1.06,1.36,-0.06,1.12,0.43,0.39,1.72,1.64,0.1,0.62,0.47,1.92,0.75,1.1,0.23,0.16,0.87,0.8
437,Neco Williams,N.Williams,22.0,Nott'm Forest,16,2,DEF,4.5,0.7,4719.0,52.4,1.0,90.0,3.0,3.0,0.06,0.08,0.95,1.2,1.26,-0.26,0.33,1.06,0.18,1.17,1.12,1.01,0.46,0.0,1.83,-0.16,0.34,0.7,0.36,0.51,0.56,0.83,0.13,1.62,0.51,0.75,0.63,0.05,0.4,0.22,1.44,0.76,0.28,0.98,0.1,0.78,0.74,1.54,0.57,0.58
423,Elliot Anderson,Anderson,20.0,Nott'm Forest,16,3,MID,5.0,0.2,1437.0,16.0,0.96,61.33,3.0,2.0,0.14,0.18,0.21,0.25,0.25,0.06,0.13,0.23,0.11,0.24,0.23,0.22,0.14,0.09,0.34,0.07,0.13,0.18,0.13,0.15,0.16,0.19,0.1,0.31,0.15,0.18,0.17,0.09,0.14,0.11,0.28,0.18,0.12,0.21,0.1,0.19,0.18,0.29,0.16,0.16
166,Kiernan Dewsbury-Hall,Dewsbury-Hall,24.0,Chelsea,6,3,MID,5.9,0.2,8047.0,89.4,1.01,13.07,2.0,0.4,0.1,0.16,0.0,0.0,0.0,0.0,0.0,0.0,0.0,0.0,0.0,0.0,0.0,0.0,0.0,0.0,0.0,0.0,0.0,0.0,0.0,0.0,0.0,0.0,0.0,0.0,0.0,0.0,0.0,0.0,0.0,0.0,0.0,0.0,0.0,0.0,0.0,0.0,0.0,0.0
530,Tomáš Souček,Souček,28.0,West Ham,19,3,MID,5.0,3.3,8747.0,97.2,0.98,61.21,3.0,2.0,0.19,0.06,0.15,0.15,0.09,0.14,0.14,0.11,0.31,0.08,0.16,0.15,0.19,0.07,0.11,0.21,0.22,0.13,0.16,0.22,0.08,0.05,0.2,0.21,0.1,0.09,0.16,0.07,0.27,0.12,0.13,0.17,0.18,0.05,0.28,0.1,0.13,0.11,0.21,0.25
28,Leon Bailey,Bailey,25.0,Aston Villa,2,3,MID,6.4,2.4,4796.0,53.4,1.03,61.12,3.0,2.0,0.25,0.3,0.16,0.13,0.23,0.21,0.25,0.28,0.18,0.16,0.21,0.1,0.06,0.24,0.11,0.18,0.3,0.17,0.11,0.09,0.18,0.29,0.15,0.09,0.22,0.19,0.33,0.16,0.18,0.13,0.1,0.13,0.23,0.24,0.14,0.07,0.22,0.15,0.15,0.13
369,Diogo Dalot,Dalot,24.0,Man Utd,14,2,DEF,5.0,7.8,7129.0,79.2,0.97,90.0,3.0,3.0,0.06,0.08,0.92,0.2,-0.0,1.06,0.6,0.37,0.14,0.64,0.43,0.45,1.4,1.29,0.85,-0.13,0.98,-0.28,0.8,0.68,0.32,-0.37,1.48,0.61,0.49,1.02,-0.03,0.41,1.7,0.26,0.98,0.55,0.09,-0.08,1.12,0.38,0.22,0.86,0.04,0.56
110,Yoane Wissa,Wissa,26.0,Brentford,4,4,FWD,6.1,7.7,5383.0,59.8,1.09,81.08,3.0,2.7,0.38,0.13,0.0,0.0,0.0,0.0,0.0,0.0,0.0,0.0,0.0,0.0,0.0,0.0,0.0,0.0,0.0,0.0,0.0,0.0,0.0,0.0,0.0,0.0,0.0,0.0,0.0,0.0,0.0,0.0,0.0,0.0,0.0,0.0,0.0,0.0,0.0,0.0,0.0,0.0
291,Wout Faes,Faes,25.0,Leicester,11,2,DEF,4.1,12.0,10211.0,113.5,1.03,90.0,3.0,3.0,0.03,0.01,0.19,0.31,0.37,0.4,0.64,-0.29,0.61,0.86,0.79,1.1,0.03,0.26,0.04,0.67,0.41,-0.24,0.92,-0.52,-0.08,-0.03,0.83,0.72,-0.19,0.23,0.08,0.45,0.25,-0.13,0.43,-0.44,0.13,0.01,-0.17,0.49,1.29,0.36,1.52,0.2
401,Alexander Isak,Isak,23.0,Newcastle,15,4,FWD,8.5,43.9,6069.0,67.5,0.98,90.0,3.0,3.0,0.5,0.13,0.0,0.0,0.0,0.0,0.0,0.0,0.0,0.0,0.0,0.0,0.0,0.0,0.0,0.0,0.0,0.0,0.0,0.0,0.0,0.0,0.0,0.0,0.0,0.0,0.0,0.0,0.0,0.0,0.0,0.0,0.0,0.0,0.0,0.0,0.0,0.0,0.0,0.0
474,Yukinari Sugawara,Sugawara,23.0,Southampton,17,2,DEF,4.5,0.2,7590.0,84.3,1.03,68.91,3.0,2.3,0.04,0.11,-0.46,0.32,-0.24,0.06,0.88,-0.12,-0.5,0.64,-0.62,0.22,0.1,-0.41,-0.26,-0.07,-0.3,-0.13,-0.04,0.23,0.03,0.07,-0.25,0.0,-0.17,0.56,0.19,0.05,-0.37,-0.69,0.42,0.35,-0.43,0.0,-0.08,0.28,0.32,-0.34,-0.1,-0.21
4,Kai Havertz,Havertz,24.0,Arsenal,1,4,FWD,8.1,17.9,7012.0,77.9,0.94,90.0,3.0,3.0,0.4,0.15,0.0,0.0,0.0,0.0,0.0,0.0,0.0,0.0,0.0,0.0,0.0,0.0,0.0,0.0,0.0,0.0,0.0,0.0,0.0,0.0,0.0,0.0,0.0,0.0,0.0,0.0,0.0,0.0,0.0,0.0,0.0,0.0,0.0,0.0,0.0,0.0,0.0,0.0
245,Issa Diop,Diop,26.0,Fulham,9,2,DEF,4.5,0.3,4399.0,48.9,1.01,90.0,3.0,3.0,0.01,0.01,0.24,1.44,1.33,0.89,0.35,0.58,-0.25,0.6,0.45,0.67,0.63,1.15,0.0,0.64,0.3,-0.34,1.52,0.08,0.83,1.74,0.47,1.01,0.66,-0.04,1.02,1.06,0.72,0.22,0.4,-0.09,0.03,0.41,0.48,1.09,0.18,0.87,0.25,0.13
544,Tommy Doyle,Doyle,21.0,Wolves,20,3,MID,4.9,0.0,4527.0,50.3,1.0,10.13,2.0,0.4,0.05,0.07,0.0,0.0,0.0,0.0,0.0,0.0,0.0,0.0,0.0,0.0,0.0,0.0,0.0,0.0,0.0,0.0,0.0,0.0,0.0,0.0,0.0,0.0,0.0,0.0,0.0,0.0,0.0,0.0,0.0,0.0,0.0,0.0,0.0,0.0,0.0,0.0,0.0,0.0
284,Luke Woolfenden,Woolfenden,24.0,Ipswich,10,2,DEF,4.0,1.7,3612.0,40.1,1.01,90.0,3.0,3.0,0.01,0.0,-0.37,-0.61,0.49,-0.19,0.62,0.14,0.03,0.41,-0.17,0.98,-0.38,0.2,0.14,0.6,0.37,0.26,-0.08,-0.48,0.04,0.08,0.19,-0.29,-0.69,1.06,-0.24,-0.03,-0.18,0.18,0.55,-0.03,0.68,-0.33,-0.13,-0.43,0.01,0.22,0.55,0.43
518,Flynn Downes,Downes,24.0,Southampton,17,3,MID,5.0,0.1,6183.0,68.7,1.02,90.0,3.0,3.0,0.02,0.04,0.07,0.24,0.11,0.17,0.39,0.13,0.06,0.32,0.05,0.21,0.18,0.08,0.11,0.15,0.1,0.13,0.15,0.22,0.17,0.18,0.11,0.16,0.12,0.3,0.21,0.17,0.09,0.04,0.26,0.25,0.08,0.16,0.14,0.23,0.24,0.09,0.14,0.12
295,James Justin,Justin,25.0,Leicester,11,2,DEF,4.5,0.3,4866.0,54.1,1.01,90.0,3.0,3.0,0.02,0.03,0.19,0.31,0.37,0.4,0.64,-0.29,0.61,0.86,0.79,1.1,0.03,0.26,0.04,0.67,0.41,-0.24,0.92,-0.52,-0.08,-0.03,0.83,0.72,-0.19,0.23,0.08,0.45,0.25,-0.13,0.43,-0.44,0.13,0.01,-0.17,0.49,1.29,0.36,1.52,0.2
224,Jack Harrison,Harrison,26.0,Everton,8,3,MID,5.4,0.2,7561.0,84.0,1.05,75.4,3.0,2.6,0.16,0.16,0.17,0.09,0.2,0.11,0.22,0.22,0.14,0.26,0.21,0.23,0.15,0.18,0.12,0.24,0.1,0.08,0.15,0.07,0.22,0.14,0.16,0.14,0.12,0.27,0.17,0.17,0.12,0.18,0.2,0.06,0.13,0.16,0.11,0.1,0.32,0.16,0.29,0.09
79,Marcos Senesi,Senesi,26.0,Bournemouth,3,2,DEF,4.9,0.7,7276.0,80.9,1.03,84.28,2.0,1.8,0.07,0.05,0.63,0.39,0.49,0.52,-0.3,1.56,1.06,0.34,0.22,0.17,0.3,0.68,0.76,0.46,1.38,0.95,0.28,1.1,0.57,0.92,0.12,-0.0,1.07,0.07,1.14,1.19,0.27,0.05,0.72,1.79,0.51,1.01,0.67,0.71,-0.06,0.63,-0.21,1.48
498,Cristian Romero,Romero,25.0,Spurs,18,2,DEF,5.1,9.7,6998.0,77.8,1.01,90.0,3.0,3.0,0.09,0.02,1.14,1.01,0.08,0.42,0.8,0.37,0.35,1.02,0.76,0.72,1.85,-0.14,1.09,0.55,0.61,1.22,0.14,0.72,1.27,0.48,0.02,0.58,1.56,0.38,0.79,1.46,0.25,0.98,0.66,0.2,1.64,0.85,1.15,-0.23,0.6,1.19,0.3,0.78
380,Lisandro Martínez,Martinez,25.0,Man Utd,14,2,DEF,4.5,5.4,4666.0,51.9,0.98,90.0,3.0,3.0,0.03,0.02,0.92,0.2,-0.0,1.06,0.6,0.37,0.14,0.64,0.43,0.45,1.4,1.29,0.85,-0.13,0.98,-0.28,0.8,0.68,0.32,-0.37,1.48,0.61,0.49,1.02,-0.03,0.41,1.7,0.26,0.98,0.55,0.09,-0.08,1.12,0.38,0.22,0.86,0.04,0.56
275,Ben Johnson,Johnson,23.0,Ipswich,10,2,DEF,4.0,4.3,2807.0,31.1,1.01,44.29,2.0,1.4,0.02,0.03,-0.55,-0.72,-0.05,-0.44,0.02,-0.24,-0.3,-0.09,-0.42,0.2,-0.56,-0.2,-0.24,0.0,-0.11,-0.17,-0.37,-0.62,-0.3,-0.27,-0.21,-0.49,-0.78,0.23,-0.46,-0.34,-0.43,-0.22,-0.02,-0.34,0.05,-0.52,-0.4,-0.59,-0.31,-0.19,-0.02,-0.08
433,Morgan Gibbs-White,Gibbs-White,23.0,Nott'm Forest,16,3,MID,6.5,4.2,9181.0,102.0,0.95,89.63,3.0,3.0,0.16,0.23,0.3,0.36,0.37,0.09,0.18,0.33,0.16,0.35,0.34,0.32,0.21,0.13,0.49,0.1,0.19,0.25,0.19,0.22,0.23,0.28,0.15,0.44,0.22,0.26,0.24,0.14,0.2,0.17,0.41,0.27,0.18,0.31,0.14,0.27,0.26,0.43,0.23,0.23
71,Justin Kluivert,Kluivert,24.0,Bournemouth,3,3,MID,5.4,0.3,5231.0,58.2,1.02,63.32,3.0,2.1,0.24,0.12,0.17,0.14,0.15,0.15,0.06,0.3,0.23,0.13,0.11,0.11,0.12,0.17,0.18,0.14,0.27,0.21,0.12,0.23,0.16,0.21,0.1,0.09,0.23,0.1,0.24,0.24,0.12,0.09,0.18,0.33,0.15,0.22,0.17,0.18,0.08,0.17,0.06,0.29
351,Erling Haaland,Haaland,23.0,Man City,13,4,FWD,15.2,65.8,7232.0,80.4,1.05,89.63,3.0,3.0,0.77,0.16,0.0,0.0,0.0,0.0,0.0,0.0,0.0,0.0,0.0,0.0,0.0,0.0,0.0,0.0,0.0,0.0,0.0,0.0,0.0,0.0,0.0,0.0,0.0,0.0,0.0,0.0,0.0,0.0,0.0,0.0,0.0,0.0,0.0,0.0,0.0,0.0,0.0,0.0
17,Bukayo Saka,Saka,21.0,Arsenal,1,3,MID,10.1,32.5,9078.0,100.8,1.03,85.46,3.0,2.8,0.3,0.29,0.57,0.38,0.47,0.34,0.28,0.62,0.63,0.43,0.34,0.33,0.35,0.54,0.44,0.48,0.45,0.52,0.47,0.67,0.39,0.39,0.42,0.46,0.49,0.36,0.54,0.52,0.46,0.39,0.44,0.53,0.44,0.48,0.6,0.55,0.51,0.25,0.41,0.56
527,Lucas Paquetá,L.Paquetá,25.0,West Ham,19,3,MID,6.0,2.1,7631.0,84.8,0.95,84.72,3.0,2.8,0.15,0.14,0.22,0.23,0.14,0.21,0.2,0.16,0.46,0.12,0.23,0.22,0.28,0.11,0.17,0.3,0.33,0.19,0.23,0.32,0.12,0.08,0.29,0.31,0.15,0.13,0.24,0.1,0.39,0.18,0.19,0.24,0.27,0.07,0.41,0.15,0.19,0.16,0.3,0.37
231,Vitaliy Mykolenko,Mykolenko,24.0,Everton,8,2,DEF,4.4,6.1,6179.0,68.6,1.01,90.0,3.0,3.0,0.04,0.04,0.79,0.13,0.98,0.31,1.15,1.2,0.49,1.48,1.1,1.24,0.61,0.82,0.38,1.29,0.16,0.04,0.62,-0.13,1.17,0.56,0.74,0.55,0.36,1.58,0.78,0.8,0.39,0.86,1.04,-0.22,0.43,0.74,0.26,0.2,1.88,0.67,1.66,0.08
80,Luis Sinisterra,Sinisterra,24.0,Bournemouth,3,3,MID,5.0,0.4,4145.0,46.0,1.05,34.87,3.0,1.2,0.28,0.16,0.07,0.06,0.07,0.07,0.02,0.13,0.1,0.06,0.05,0.05,0.06,0.08,0.08,0.06,0.12,0.09,0.05,0.1,0.07,0.09,0.05,0.04,0.1,0.04,0.11,0.11,0.05,0.04,0.08,0.15,0.07,0.1,0.08,0.08,0.04,0.07,0.03,0.13
14,Aaron Ramsdale,Ramsdale,25.0,Southampton,17,1,GKP,4.4,1.5,7200.0,80.0,1.0,28.32,1.0,1.0,0.0,0.0,-0.57,-0.03,-0.4,-0.2,0.3,-0.32,-0.6,0.16,-0.69,-0.1,-0.17,-0.53,-0.42,-0.29,-0.44,-0.33,-0.26,-0.09,-0.22,-0.19,-0.41,-0.24,-0.35,0.11,-0.11,-0.21,-0.5,-0.75,0.03,-0.01,-0.54,-0.24,-0.3,-0.06,-0.03,-0.47,-0.3,-0.38
285,Boubakary Soumaré,B.Soumaré,24.0,Leicester,11,3,MID,4.5,0.2,5017.0,55.7,0.99,3.72,1.0,0.1,0.0,0.03,0.0,0.0,0.0,0.0,0.0,0.0,0.0,0.0,0.0,0.0,0.0,0.0,0.0,0.0,0.0,0.0,0.0,0.0,0.0,0.0,0.0,0.0,0.0,0.0,0.0,0.0,0.0,0.0,0.0,0.0,0.0,0.0,0.0,0.0,0.0,0.0,0.0,0.0
3,Gabriel Magalhães,Gabriel,25.0,Arsenal,1,2,DEF,6.0,12.6,9516.0,105.7,0.99,90.0,3.0,3.0,0.12,0.02,2.19,1.29,1.74,1.1,0.8,2.4,2.46,1.54,1.12,1.06,1.19,2.07,1.58,1.77,1.64,1.95,1.74,2.63,1.38,1.34,1.52,1.7,1.81,1.24,2.07,1.97,1.7,1.36,1.6,2.02,1.58,1.79,2.32,2.12,1.92,0.7,1.48,2.14
105,Mads Roerslev,Roerslev,24.0,Brentford,4,2,DEF,4.5,0.1,4333.0,48.2,1.01,78.04,3.0,2.6,0.03,0.08,0.76,-0.33,1.08,-0.26,-0.04,0.64,0.82,0.14,1.24,0.36,0.59,0.3,1.02,0.09,0.22,0.01,0.72,0.12,0.18,0.78,0.05,-0.03,0.44,0.27,0.31,0.72,0.63,0.41,0.28,-0.08,0.32,-0.13,0.45,0.41,0.46,0.95,0.68,0.5
482,Yves Bissouma,Bissouma,26.0,Spurs,18,3,MID,5.0,0.5,5189.0,57.7,0.97,75.68,2.0,1.7,0.05,0.03,0.34,0.32,0.14,0.2,0.28,0.19,0.19,0.32,0.27,0.26,0.5,0.1,0.33,0.23,0.24,0.36,0.15,0.26,0.37,0.21,0.13,0.23,0.43,0.19,0.27,0.41,0.17,0.31,0.25,0.16,0.45,0.28,0.35,0.09,0.23,0.35,0.18,0.27
573,Nikola Milenković,Milenković,25.0,Nott'm Forest,16,2,DEF,4.5,0.2,7573.0,84.1,0.98,90.0,2.0,2.0,0.05,0.02,0.95,1.2,1.26,-0.26,0.33,1.06,0.18,1.17,1.12,1.01,0.46,0.0,1.83,-0.16,0.34,0.7,0.36,0.51,0.56,0.83,0.13,1.62,0.51,0.75,0.63,0.05,0.4,0.22,1.44,0.76,0.28,0.98,0.1,0.78,0.74,1.54,0.57,0.58
632,Chiedozie Ogbene,Ogbene,26.0,Ipswich,10,3,MID,5.0,0.0,5234.0,58.2,1.02,69.85,1.0,1.0,0.16,0.11,0.06,0.04,0.18,0.08,0.2,0.13,0.11,0.17,0.09,0.26,0.06,0.14,0.13,0.2,0.16,0.15,0.1,0.05,0.11,0.12,0.13,0.07,0.03,0.28,0.08,0.1,0.08,0.13,0.19,0.1,0.21,0.07,0.09,0.05,0.11,0.14,0.19,0.17
535,Jean-Ricner Bellegarde,Bellegarde,25.0,Wolves,20,3,MID,5.0,0.1,5978.0,66.4,1.02,65.78,3.0,2.2,0.09,0.13,0.07,0.14,0.16,0.12,0.1,0.09,0.11,0.1,0.11,0.22,0.29,0.15,0.19,0.14,0.14,0.32,0.21,0.16,0.08,0.21,0.08,0.09,0.12,0.16,0.05,0.13,0.2,0.19,0.22,0.2,0.26,0.13,0.11,0.27,0.06,0.16,0.16,0.17
104,Ethan Pinnock,Pinnock,30.0,Brentford,4,2,DEF,4.5,0.4,7915.0,87.9,1.0,90.0,3.0,3.0,0.08,0.04,1.22,-0.21,1.66,-0.12,0.15,1.06,1.31,0.39,1.88,0.68,0.99,0.61,1.58,0.33,0.5,0.22,1.17,0.37,0.45,1.26,0.27,0.17,0.79,0.56,0.62,1.17,1.04,0.75,0.57,0.1,0.63,0.04,0.8,0.75,0.82,1.48,1.12,0.87
207,Jean-Philippe Mateta,Mateta,26.0,Crystal Palace,7,4,FWD,7.4,4.3,4197.0,46.7,1.03,69.1,3.0,2.3,0.37,0.12,0.0,0.0,0.0,0.0,0.0,0.0,0.0,0.0,0.0,0.0,0.0,0.0,0.0,0.0,0.0,0.0,0.0,0.0,0.0,0.0,0.0,0.0,0.0,0.0,0.0,0.0,0.0,0.0,0.0,0.0,0.0,0.0,0.0,0.0,0.0,0.0,0.0,0.0
281,Jack Taylor,Taylor,25.0,Ipswich,10,3,MID,4.9,0.0,3464.0,38.4,1.02,23.14,2.0,0.5,0.05,0.04,0.0,0.0,0.0,0.0,0.0,0.0,0.0,0.0,0.0,0.0,0.0,0.0,0.0,0.0,0.0,0.0,0.0,0.0,0.0,0.0,0.0,0.0,0.0,0.0,0.0,0.0,0.0,0.0,0.0,0.0,0.0,0.0,0.0,0.0,0.0,0.0,0.0,0.0
585,Ismaila Sarr,I.Sarr,25.0,Crystal Palace,7,3,MID,5.9,0.2,6475.0,72.0,0.98,16.59,3.0,0.5,0.16,0.11,0.0,0.0,0.0,0.0,0.0,0.0,0.0,0.0,0.0,0.0,0.0,0.0,0.0,0.0,0.0,0.0,0.0,0.0,0.0,0.0,0.0,0.0,0.0,0.0,0.0,0.0,0.0,0.0,0.0,0.0,0.0,0.0,0.0,0.0,0.0,0.0,0.0,0.0
199,Eberechi Eze,Eze,25.0,Crystal Palace,7,3,MID,6.9,24.7,5296.0,58.8,1.07,90.0,3.0,3.0,0.29,0.19,0.23,0.36,0.19,0.47,0.31,0.27,0.18,0.3,0.26,0.33,0.38,0.21,0.25,0.45,0.2,0.23,0.24,0.26,0.49,0.28,0.39,0.28,0.32,0.23,0.36,0.29,0.3,0.53,0.17,0.4,0.31,0.13,0.35,0.16,0.39,0.18,0.41,0.12
53,Jacob Ramsey,Ramsey,22.0,Aston Villa,2,3,MID,5.5,0.4,5956.0,66.2,1.03,38.57,3.0,1.3,0.18,0.14,0.07,0.06,0.11,0.1,0.12,0.13,0.09,0.08,0.1,0.05,0.03,0.11,0.05,0.09,0.14,0.08,0.05,0.04,0.08,0.14,0.07,0.04,0.1,0.09,0.16,0.07,0.08,0.06,0.05,0.06,0.11,0.11,0.07,0.03,0.1,0.07,0.07,0.06
398,Anthony Gordon,Gordon,22.0,Newcastle,15,3,MID,7.4,18.5,6757.0,75.1,1.0,82.41,3.0,2.7,0.26,0.21,0.45,0.23,0.23,0.29,0.25,0.17,0.23,0.27,0.16,0.2,0.26,0.32,0.27,0.15,0.2,0.44,0.41,0.26,0.19,0.15,0.38,0.31,0.36,0.34,0.11,0.35,0.09,0.24,0.36,0.28,0.35,0.28,0.18,0.5,0.19,0.24,0.13,0.32
504,Djed Spence,Spence,22.0,Spurs,18,2,DEF,4.4,0.1,5447.0,60.5,0.99,7.06,2.0,0.2,0.02,0.04,-0.24,-0.26,-0.48,-0.38,-0.3,-0.4,-0.4,-0.26,-0.31,-0.32,-0.13,-0.56,-0.24,-0.35,-0.34,-0.22,-0.46,-0.32,-0.21,-0.37,-0.5,-0.35,-0.17,-0.39,-0.3,-0.18,-0.43,-0.26,-0.33,-0.45,-0.16,-0.29,-0.23,-0.59,-0.34,-0.23,-0.42,-0.3
241,Calvin Bassey,Bassey,23.0,Fulham,9,2,DEF,4.5,0.4,4110.0,45.7,1.02,90.0,3.0,3.0,0.01,0.02,0.24,1.44,1.33,0.89,0.35,0.58,-0.25,0.6,0.45,0.67,0.63,1.15,0.0,0.64,0.3,-0.34,1.52,0.08,0.83,1.74,0.47,1.01,0.66,-0.04,1.02,1.06,0.72,0.22,0.4,-0.09,0.03,0.41,0.48,1.09,0.18,0.87,0.25,0.13
568,Arijanet Muric,Muric,24.0,Ipswich,10,1,GKP,4.4,0.4,4514.0,50.2,1.0,90.0,2.0,2.0,0.0,0.01,-0.37,-0.61,0.49,-0.19,0.62,0.14,0.03,0.41,-0.17,0.98,-0.38,0.2,0.14,0.6,0.37,0.26,-0.08,-0.48,0.04,0.08,0.19,-0.29,-0.69,1.06,-0.24,-0.03,-0.18,0.18,0.55,-0.03,0.68,-0.33,-0.13,-0.43,0.01,0.22,0.55,0.43
528,Konstantinos Mavropanos,Mavropanos,25.0,West Ham,19,2,DEF,4.5,0.2,6491.0,72.2,0.99,90.0,3.0,3.0,0.09,0.02,0.52,0.56,0.06,0.46,0.41,0.2,1.68,-0.06,0.58,0.52,0.8,-0.11,0.23,0.95,1.07,0.35,0.57,1.02,-0.03,-0.31,0.89,0.99,0.12,0.01,0.61,-0.15,1.36,0.28,0.38,0.64,0.76,-0.4,1.44,0.16,0.34,0.18,0.95,1.26
404,Lloyd Kelly,Kelly,24.0,Newcastle,15,2,DEF,4.5,0.2,7224.0,80.3,0.99,53.09,3.0,1.7,0.01,0.04,1.1,0.28,0.27,0.5,0.36,0.05,0.31,0.45,0.0,0.18,0.41,0.64,0.44,-0.03,0.15,1.04,0.96,0.41,0.14,-0.05,0.83,0.59,0.79,0.69,-0.26,0.74,-0.33,0.31,0.76,0.47,0.72,0.46,0.09,1.26,0.12,0.32,-0.13,0.63
491,Brennan Johnson,Johnson,22.0,Spurs,18,3,MID,6.4,0.5,9154.0,101.7,0.97,71.8,3.0,2.4,0.26,0.19,0.23,0.22,0.09,0.14,0.19,0.13,0.13,0.22,0.18,0.18,0.34,0.07,0.23,0.15,0.16,0.25,0.1,0.18,0.25,0.14,0.09,0.16,0.29,0.13,0.19,0.28,0.12,0.21,0.17,0.11,0.31,0.19,0.24,0.06,0.16,0.24,0.12,0.18
329,Alexis Mac Allister,Mac Allister,24.0,Liverpool,12,3,MID,6.4,2.1,7608.0,84.6,0.95,90.0,3.0,3.0,0.16,0.12,0.48,0.35,0.26,0.42,0.38,0.36,0.34,0.31,0.19,0.34,0.33,0.44,0.23,0.2,0.3,0.41,0.21,0.51,0.31,0.35,0.33,0.26,0.57,0.3,0.44,0.16,0.28,0.52,0.25,0.39,0.32,0.39,0.42,0.3,0.23,0.27,0.26,0.43
321,Cody Gakpo,Gakpo,24.0,Liverpool,12,4,FWD,7.3,2.2,6134.0,68.2,1.05,18.71,3.0,0.6,0.36,0.2,0.0,0.0,0.0,0.0,0.0,0.0,0.0,0.0,0.0,0.0,0.0,0.0,0.0,0.0,0.0,0.0,0.0,0.0,0.0,0.0,0.0,0.0,0.0,0.0,0.0,0.0,0.0,0.0,0.0,0.0,0.0,0.0,0.0,0.0,0.0,0.0,0.0,0.0
124,Billy Gilmour,Gilmour,22.0,Brighton,5,3,MID,5.0,0.1,4482.0,49.8,0.96,41.67,2.0,1.1,0.05,0.08,0.11,0.13,0.07,0.22,0.16,0.08,0.11,0.07,0.17,0.05,0.08,0.11,0.2,0.12,0.16,0.16,0.11,0.13,0.09,0.1,0.18,0.09,0.14,0.12,0.11,0.16,0.14,0.15,0.05,0.12,0.12,0.19,0.09,0.15,0.1,0.13,0.07,0.07
251,Rodrigo Muniz,Muniz,22.0,Fulham,9,4,FWD,6.1,8.9,2996.0,33.3,1.0,78.06,3.0,2.6,0.41,0.09,0.0,0.0,0.0,0.0,0.0,0.0,0.0,0.0,0.0,0.0,0.0,0.0,0.0,0.0,0.0,0.0,0.0,0.0,0.0,0.0,0.0,0.0,0.0,0.0,0.0,0.0,0.0,0.0,0.0,0.0,0.0,0.0,0.0,0.0,0.0,0.0,0.0,0.0
210,Tyrick Mitchell,Mitchell,23.0,Crystal Palace,7,2,DEF,4.9,1.8,9196.0,102.2,0.99,90.0,3.0,3.0,0.03,0.06,0.57,1.22,0.38,1.74,0.99,0.78,0.33,0.92,0.74,1.06,1.29,0.49,0.67,1.64,0.43,0.55,0.62,0.74,1.81,0.8,1.34,0.8,1.01,0.56,1.2,0.86,0.92,2.02,0.26,1.42,0.98,0.04,1.17,0.2,1.34,0.31,1.48,-0.06
327,Luis Díaz,Luis Díaz,26.0,Liverpool,12,3,MID,7.6,15.1,6074.0,67.5,1.01,75.01,3.0,2.5,0.43,0.21,0.48,0.35,0.26,0.42,0.38,0.36,0.34,0.31,0.19,0.34,0.33,0.44,0.23,0.2,0.3,0.41,0.21,0.51,0.31,0.35,0.33,0.26,0.57,0.3,0.44,0.16,0.28,0.52,0.25,0.39,0.32,0.39,0.42,0.3,0.23,0.27,0.26,0.43
54,Morgan Rogers,Rogers,21.0,Aston Villa,2,3,MID,5.1,14.5,3430.0,38.1,0.98,90.0,3.0,3.0,0.13,0.16,0.23,0.2,0.34,0.31,0.37,0.41,0.27,0.24,0.3,0.14,0.09,0.35,0.16,0.27,0.44,0.25,0.17,0.14,0.26,0.43,0.23,0.13,0.32,0.28,0.49,0.23,0.26,0.19,0.15,0.18,0.34,0.36,0.21,0.1,0.33,0.22,0.22,0.19
182,Cole Palmer,Palmer,21.0,Chelsea,6,3,MID,10.6,41.9,3111.0,34.6,1.0,87.0,3.0,2.9,0.38,0.4,0.18,0.3,0.37,0.24,0.25,0.29,0.36,0.1,0.23,0.21,0.22,0.36,0.28,0.38,0.16,0.3,0.25,0.35,0.43,0.29,0.33,0.39,0.12,0.34,0.2,0.2,0.47,0.45,0.14,0.24,0.21,0.51,0.26,0.34,0.17,0.15,0.29,0.28
314,Fabio Carvalho,Carvalho,20.0,Brentford,4,3,MID,4.9,1.0,5060.0,56.3,1.1,14.38,3.0,0.5,0.12,0.1,0.0,0.0,0.0,0.0,0.0,0.0,0.0,0.0,0.0,0.0,0.0,0.0,0.0,0.0,0.0,0.0,0.0,0.0,0.0,0.0,0.0,0.0,0.0,0.0,0.0,0.0,0.0,0.0,0.0,0.0,0.0,0.0,0.0,0.0,0.0,0.0,0.0,0.0
52,Pau Torres,Pau,26.0,Aston Villa,2,2,DEF,4.5,1.9,8373.0,93.0,1.03,90.0,3.0,3.0,0.05,0.02,0.57,0.4,1.12,0.98,1.26,1.44,0.76,0.63,0.95,0.1,-0.26,1.17,0.18,0.78,1.62,0.7,0.22,0.05,0.75,1.54,0.56,0.0,1.01,0.83,1.83,0.58,0.74,0.36,0.13,0.33,1.12,1.2,0.46,-0.16,1.06,0.51,0.51,0.34
461,Taylor Harwood-Bellis,Harwood-Bellis,21.0,Southampton,17,2,DEF,4.0,11.2,8224.0,91.4,0.96,73.37,3.0,2.4,0.03,0.02,-0.47,0.31,-0.24,0.05,0.86,-0.13,-0.5,0.63,-0.62,0.21,0.09,-0.42,-0.27,-0.08,-0.3,-0.13,-0.04,0.22,0.03,0.06,-0.25,-0.0,-0.17,0.55,0.18,0.04,-0.38,-0.69,0.41,0.34,-0.43,-0.0,-0.09,0.27,0.31,-0.34,-0.1,-0.21
211,Daniel Muñoz,Muñoz,27.0,Crystal Palace,7,2,DEF,5.0,3.6,1439.0,16.0,0.98,90.0,3.0,3.0,0.07,0.14,0.57,1.22,0.38,1.74,0.99,0.78,0.33,0.92,0.74,1.06,1.29,0.49,0.67,1.64,0.43,0.55,0.62,0.74,1.81,0.8,1.34,0.8,1.01,0.56,1.2,0.86,0.92,2.02,0.26,1.42,0.98,0.04,1.17,0.2,1.34,0.31,1.48,-0.06
566,Jørgen Strand Larsen,Strand Larsen,23.0,Wolves,20,4,FWD,5.5,0.9,7267.0,80.7,0.99,86.26,3.0,2.9,0.29,0.06,0.0,0.0,0.0,0.0,0.0,0.0,0.0,0.0,0.0,0.0,0.0,0.0,0.0,0.0,0.0,0.0,0.0,0.0,0.0,0.0,0.0,0.0,0.0,0.0,0.0,0.0,0.0,0.0,0.0,0.0,0.0,0.0,0.0,0.0,0.0,0.0,0.0,0.0
560,Pedro Neto,Neto,23.0,Chelsea,6,3,MID,6.5,1.0,2946.0,32.7,0.95,45.05,3.0,1.5,0.17,0.24,0.0,0.0,0.0,0.0,0.0,0.0,0.0,0.0,0.0,0.0,0.0,0.0,0.0,0.0,0.0,0.0,0.0,0.0,0.0,0.0,0.0,0.0,0.0,0.0,0.0,0.0,0.0,0.0,0.0,0.0,0.0,0.0,0.0,0.0,0.0,0.0,0.0,0.0
177,Noni Madueke,Madueke,21.0,Chelsea,6,3,MID,6.6,11.4,2798.0,31.0,1.0,60.48,2.0,1.9,0.21,0.2,0.13,0.21,0.26,0.17,0.17,0.2,0.25,0.07,0.16,0.14,0.15,0.25,0.19,0.26,0.11,0.2,0.17,0.24,0.29,0.2,0.23,0.27,0.08,0.23,0.14,0.14,0.32,0.31,0.1,0.17,0.14,0.35,0.18,0.23,0.12,0.11,0.2,0.19
346,Jeremy Doku,Doku,21.0,Man City,13,3,MID,6.5,3.9,3466.0,38.4,1.07,75.27,3.0,2.5,0.15,0.27,0.34,0.66,0.43,0.47,0.39,0.32,0.53,0.48,0.62,0.42,0.38,0.41,0.25,0.54,0.46,0.47,0.37,0.51,0.54,0.52,0.38,0.59,0.43,0.3,0.4,0.33,0.33,0.45,0.46,0.61,0.38,0.54,0.42,0.45,0.56,0.55,0.5,0.44
98,Keane Lewis-Potter,Lewis-Potter,22.0,Brentford,4,3,MID,5.0,0.1,5901.0,65.6,0.95,34.67,3.0,1.1,0.25,0.1,0.13,0.03,0.17,0.04,0.06,0.12,0.14,0.07,0.19,0.09,0.12,0.09,0.16,0.07,0.08,0.06,0.13,0.07,0.08,0.14,0.06,0.06,0.1,0.08,0.09,0.13,0.12,0.1,0.09,0.05,0.09,0.05,0.1,0.1,0.1,0.15,0.13,0.11
431,Nicolás Domínguez,Dominguez,25.0,Nott'm Forest,16,3,MID,4.9,0.0,5912.0,65.7,1.0,17.48,2.0,0.6,0.07,0.07,0.0,0.0,0.0,0.0,0.0,0.0,0.0,0.0,0.0,0.0,0.0,0.0,0.0,0.0,0.0,0.0,0.0,0.0,0.0,0.0,0.0,0.0,0.0,0.0,0.0,0.0,0.0,0.0,0.0,0.0,0.0,0.0,0.0,0.0,0.0,0.0,0.0,0.0
336,Dominik Szoboszlai,Szoboszlai,22.0,Liverpool,12,3,MID,6.5,2.4,6091.0,67.7,1.02,90.0,3.0,3.0,0.15,0.25,0.48,0.35,0.26,0.42,0.38,0.36,0.34,0.31,0.19,0.34,0.33,0.44,0.23,0.2,0.3,0.41,0.21,0.51,0.31,0.35,0.33,0.26,0.57,0.3,0.44,0.16,0.28,0.52,0.25,0.39,0.32,0.39,0.42,0.3,0.23,0.27,0.26,0.43
194,Chris Richards,C.Richards,23.0,Crystal Palace,7,2,DEF,4.5,0.2,3848.0,42.8,0.99,84.45,3.0,2.8,0.05,0.02,0.57,1.22,0.38,1.74,0.99,0.78,0.33,0.92,0.74,1.06,1.29,0.49,0.67,1.64,0.43,0.55,0.62,0.74,1.81,0.8,1.34,0.8,1.01,0.56,1.2,0.86,0.92,2.02,0.26,1.42,0.98,0.04,1.17,0.2,1.34,0.31,1.48,-0.06
621,João Félix,João Félix,23.0,Chelsea,6,3,MID,6.5,1.1,4394.0,48.8,1.01,27.08,2.0,0.6,0.37,0.14,0.0,0.0,0.0,0.0,0.0,0.0,0.0,0.0,0.0,0.0,0.0,0.0,0.0,0.0,0.0,0.0,0.0,0.0,0.0,0.0,0.0,0.0,0.0,0.0,0.0,0.0,0.0,0.0,0.0,0.0,0.0,0.0,0.0,0.0,0.0,0.0,0.0,0.0
102,Frank Onyeka,Onyeka,25.0,Brentford,4,3,MID,4.9,0.0,3054.0,33.9,0.95,11.49,2.0,0.3,0.14,0.1,0.0,0.0,0.0,0.0,0.0,0.0,0.0,0.0,0.0,0.0,0.0,0.0,0.0,0.0,0.0,0.0,0.0,0.0,0.0,0.0,0.0,0.0,0.0,0.0,0.0,0.0,0.0,0.0,0.0,0.0,0.0,0.0,0.0,0.0,0.0,0.0,0.0,0.0
541,Matheus Cunha,Cunha,24.0,Wolves,20,4,FWD,6.5,2.6,4909.0,54.5,1.01,63.99,3.0,2.1,0.32,0.13,0.0,0.0,0.0,0.0,0.0,0.0,0.0,0.0,0.0,0.0,0.0,0.0,0.0,0.0,0.0,0.0,0.0,0.0,0.0,0.0,0.0,0.0,0.0,0.0,0.0,0.0,0.0,0.0,0.0,0.0,0.0,0.0,0.0,0.0,0.0,0.0,0.0,0.0
417,Sandro Tonali,Tonali,23.0,Newcastle,15,3,MID,5.5,0.2,5751.0,63.9,1.01,31.7,1.0,0.3,0.08,0.13,0.07,0.03,0.03,0.04,0.04,0.03,0.04,0.04,0.02,0.03,0.04,0.05,0.04,0.02,0.03,0.07,0.06,0.04,0.03,0.02,0.06,0.05,0.05,0.05,0.02,0.05,0.01,0.04,0.05,0.04,0.05,0.04,0.03,0.08,0.03,0.04,0.02,0.05
357,James Mcatee,McAtee,20.0,Man City,13,3,MID,4.9,0.1,3741.0,41.5,1.04,0.37,1.0,0.0,0.13,0.13,0.0,0.0,0.0,0.0,0.0,0.0,0.0,0.0,0.0,0.0,0.0,0.0,0.0,0.0,0.0,0.0,0.0,0.0,0.0,0.0,0.0,0.0,0.0,0.0,0.0,0.0,0.0,0.0,0.0,0.0,0.0,0.0,0.0,0.0,0.0,0.0,0.0,0.0
88,Nathan Collins,Collins,22.0,Brentford,4,2,DEF,4.5,1.1,6136.0,68.3,0.99,90.0,3.0,3.0,0.06,0.05,1.22,-0.21,1.66,-0.12,0.15,1.06,1.31,0.39,1.88,0.68,0.99,0.61,1.58,0.33,0.5,0.22,1.17,0.37,0.45,1.26,0.27,0.17,0.79,0.56,0.62,1.17,1.04,0.75,0.57,0.1,0.63,0.04,0.8,0.75,0.82,1.48,1.12,0.87
230,Dwight McNeil,McNeil,23.0,Everton,8,3,MID,5.4,0.6,8497.0,94.4,1.01,90.0,3.0,3.0,0.11,0.24,0.27,0.15,0.31,0.18,0.35,0.36,0.21,0.41,0.34,0.36,0.24,0.28,0.19,0.38,0.15,0.13,0.24,0.11,0.35,0.23,0.26,0.23,0.19,0.44,0.27,0.28,0.2,0.29,0.32,0.09,0.2,0.26,0.17,0.16,0.5,0.25,0.45,0.14
27,Cameron Archer,Archer,22.0,Southampton,17,4,FWD,5.0,1.6,4901.0,54.5,1.04,27.49,3.0,0.9,0.24,0.13,0.0,0.0,0.0,0.0,0.0,0.0,0.0,0.0,0.0,0.0,0.0,0.0,0.0,0.0,0.0,0.0,0.0,0.0,0.0,0.0,0.0,0.0,0.0,0.0,0.0,0.0,0.0,0.0,0.0,0.0,0.0,0.0,0.0,0.0,0.0,0.0,0.0,0.0
78,Antoine Semenyo,Semenyo,23.0,Bournemouth,3,3,MID,5.6,4.8,5743.0,63.9,1.06,90.0,3.0,3.0,0.21,0.14,0.24,0.2,0.21,0.22,0.08,0.43,0.33,0.19,0.17,0.16,0.18,0.25,0.27,0.21,0.39,0.3,0.18,0.34,0.23,0.3,0.15,0.13,0.33,0.14,0.34,0.35,0.17,0.14,0.26,0.48,0.22,0.32,0.25,0.26,0.12,0.24,0.09,0.41
193,Cheick Doucouré,C.Doucouré,23.0,Crystal Palace,7,3,MID,4.9,0.1,6634.0,73.7,0.96,15.08,2.0,0.5,0.04,0.07,0.0,0.0,0.0,0.0,0.0,0.0,0.0,0.0,0.0,0.0,0.0,0.0,0.0,0.0,0.0,0.0,0.0,0.0,0.0,0.0,0.0,0.0,0.0,0.0,0.0,0.0,0.0,0.0,0.0,0.0,0.0,0.0,0.0,0.0,0.0,0.0,0.0,0.0
89,Mikkel Damsgaard,Damsgaard,23.0,Brentford,4,3,MID,5.0,0.1,2408.0,26.8,0.93,40.14,3.0,1.4,0.16,0.13,0.12,0.03,0.15,0.03,0.05,0.1,0.12,0.06,0.16,0.08,0.1,0.08,0.14,0.06,0.07,0.05,0.11,0.06,0.07,0.12,0.06,0.05,0.09,0.07,0.08,0.11,0.1,0.08,0.07,0.05,0.08,0.04,0.09,0.08,0.09,0.13,0.11,0.09
232,Iliman Ndiaye,Ndiaye,23.0,Everton,8,4,FWD,5.4,0.2,7145.0,79.4,1.0,47.24,3.0,1.6,0.17,0.09,0.0,0.0,0.0,0.0,0.0,0.0,0.0,0.0,0.0,0.0,0.0,0.0,0.0,0.0,0.0,0.0,0.0,0.0,0.0,0.0,0.0,0.0,0.0,0.0,0.0,0.0,0.0,0.0,0.0,0.0,0.0,0.0,0.0,0.0,0.0,0.0,0.0,0.0
495,Pedro Porro,Pedro Porro,23.0,Spurs,18,2,DEF,5.5,35.0,6934.0,77.0,1.02,89.69,3.0,3.0,0.1,0.25,1.14,1.01,0.08,0.42,0.8,0.37,0.35,1.02,0.76,0.72,1.85,-0.14,1.09,0.55,0.61,1.22,0.14,0.72,1.27,0.48,0.02,0.58,1.56,0.38,0.79,1.46,0.25,0.98,0.66,0.2,1.64,0.85,1.15,-0.23,0.6,1.19,0.3,0.78
409,Valentino Livramento,Livramento,20.0,Newcastle,15,2,DEF,4.5,2.8,3544.0,39.4,1.0,77.63,3.0,2.6,0.04,0.07,0.99,0.22,0.21,0.44,0.3,0.01,0.25,0.39,-0.03,0.13,0.35,0.56,0.38,-0.07,0.1,0.93,0.86,0.35,0.09,-0.09,0.74,0.52,0.7,0.61,-0.29,0.65,-0.36,0.26,0.68,0.41,0.64,0.4,0.04,1.13,0.08,0.27,-0.16,0.55
141,Jeremy Sarmiento,Sarmiento,21.0,Brighton,5,3,MID,4.9,0.0,1595.0,17.7,1.0,12.14,1.0,0.1,0.1,0.06,0.0,0.0,0.0,0.0,0.0,0.0,0.0,0.0,0.0,0.0,0.0,0.0,0.0,0.0,0.0,0.0,0.0,0.0,0.0,0.0,0.0,0.0,0.0,0.0,0.0,0.0,0.0,0.0,0.0,0.0,0.0,0.0,0.0,0.0,0.0,0.0,0.0,0.0
323,Ryan Gravenberch,Gravenberch,21.0,Liverpool,12,3,MID,5.0,0.4,3912.0,43.5,0.93,89.63,3.0,3.0,0.12,0.07,0.48,0.35,0.26,0.42,0.38,0.36,0.34,0.31,0.19,0.34,0.33,0.44,0.23,0.2,0.3,0.41,0.21,0.51,0.31,0.35,0.33,0.26,0.57,0.3,0.44,0.16,0.28,0.52,0.25,0.39,0.32,0.39,0.42,0.3,0.23,0.27,0.26,0.43
45,Ian Maatsen,Maatsen,21.0,Aston Villa,2,2,DEF,4.9,2.7,7908.0,87.8,1.03,14.68,3.0,0.5,0.05,0.07,-0.35,-0.39,-0.24,-0.26,-0.22,-0.19,-0.31,-0.33,-0.27,-0.47,-0.6,-0.23,-0.45,-0.3,-0.16,-0.32,-0.44,-0.49,-0.31,-0.17,-0.35,-0.51,-0.26,-0.29,-0.13,-0.35,-0.31,-0.4,-0.47,-0.41,-0.24,-0.22,-0.38,-0.57,-0.25,-0.36,-0.36,-0.41
333,Jarell Quansah,Quansah,20.0,Liverpool,12,2,DEF,4.3,2.7,1190.0,13.2,1.02,13.97,1.0,0.5,0.08,0.01,-0.14,-0.23,-0.32,-0.18,-0.2,-0.22,-0.24,-0.26,-0.4,-0.24,-0.24,-0.17,-0.34,-0.39,-0.27,-0.19,-0.37,-0.13,-0.27,-0.23,-0.24,-0.31,-0.1,-0.28,-0.16,-0.45,-0.29,-0.12,-0.33,-0.2,-0.26,-0.2,-0.18,-0.28,-0.35,-0.3,-0.32,-0.17
631,Jack Clarke,J.Clarke,22.0,Ipswich,10,3,MID,5.5,0.0,7282.0,80.9,1.09,51.09,1.0,0.1,0.08,0.1,0.04,0.02,0.12,0.05,0.13,0.08,0.07,0.11,0.05,0.17,0.04,0.09,0.08,0.13,0.1,0.09,0.06,0.03,0.07,0.08,0.09,0.04,0.02,0.18,0.05,0.07,0.05,0.08,0.12,0.07,0.14,0.04,0.06,0.03,0.07,0.09,0.12,0.11
9,Gabriel Martinelli,Martinelli,22.0,Arsenal,1,3,MID,6.9,2.2,6668.0,74.1,1.05,57.28,3.0,1.9,0.29,0.28,0.39,0.26,0.32,0.23,0.19,0.42,0.43,0.29,0.23,0.22,0.24,0.37,0.3,0.32,0.31,0.35,0.32,0.46,0.27,0.26,0.29,0.31,0.33,0.25,0.37,0.35,0.31,0.27,0.3,0.36,0.3,0.33,0.41,0.38,0.35,0.17,0.28,0.38
189,Wesley Fofana,W.Fofana,21.0,Chelsea,6,2,DEF,4.5,0.6,1993.0,22.1,1.0,90.0,3.0,3.0,0.05,0.02,0.33,0.95,1.27,0.63,0.68,0.86,1.24,-0.15,0.57,0.46,0.51,1.24,0.82,1.31,0.21,0.9,0.67,1.17,1.54,0.86,1.06,1.36,-0.06,1.12,0.43,0.39,1.72,1.64,0.1,0.62,0.47,1.92,0.75,1.1,0.23,0.16,0.87,0.8
338,Sepp van den Berg,Van den Berg,21.0,Brentford,4,2,DEF,4.0,0.9,7506.0,83.3,1.02,6.53,1.0,0.2,0.04,0.01,-0.22,-0.59,-0.16,-0.55,-0.46,-0.25,-0.21,-0.39,-0.13,-0.32,-0.26,-0.34,-0.17,-0.41,-0.36,-0.44,-0.23,-0.4,-0.38,-0.22,-0.42,-0.45,-0.3,-0.35,-0.34,-0.23,-0.25,-0.31,-0.35,-0.47,-0.33,-0.49,-0.3,-0.31,-0.3,-0.18,-0.24,-0.28
492,Dejan Kulusevski,Kulusevski,23.0,Spurs,18,3,MID,6.4,1.8,6862.0,76.3,1.07,56.78,3.0,1.9,0.14,0.23,0.24,0.22,0.1,0.14,0.19,0.13,0.13,0.22,0.18,0.18,0.34,0.07,0.23,0.16,0.16,0.25,0.1,0.18,0.26,0.15,0.09,0.16,0.3,0.13,0.19,0.28,0.12,0.21,0.17,0.11,0.31,0.2,0.24,0.06,0.16,0.24,0.12,0.19
6,Jurriën Timber,J.Timber,22.0,Arsenal,1,2,DEF,5.5,1.0,5650.0,62.8,0.96,60.93,3.0,2.0,0.06,0.02,1.48,0.83,1.16,0.69,0.46,1.63,1.67,1.01,0.7,0.65,0.75,1.39,1.04,1.17,1.08,1.31,1.16,1.8,0.89,0.87,0.99,1.13,1.21,0.79,1.39,1.32,1.13,0.88,1.05,1.36,1.04,1.19,1.58,1.43,1.29,0.38,0.96,1.45
99,Bryan Mbeumo,Mbeumo,23.0,Brentford,4,3,MID,7.1,7.7,7771.0,86.4,0.9,89.69,3.0,3.0,0.31,0.21,0.36,0.09,0.45,0.11,0.15,0.33,0.38,0.2,0.5,0.25,0.31,0.24,0.44,0.18,0.22,0.17,0.35,0.19,0.21,0.37,0.17,0.16,0.27,0.23,0.24,0.35,0.32,0.26,0.23,0.14,0.24,0.13,0.28,0.26,0.28,0.41,0.34,0.29
316,Darwin Núñez,Darwin,24.0,Liverpool,12,4,FWD,7.3,2.8,5718.0,63.5,1.0,11.84,2.0,0.4,0.66,0.27,0.0,0.0,0.0,0.0,0.0,0.0,0.0,0.0,0.0,0.0,0.0,0.0,0.0,0.0,0.0,0.0,0.0,0.0,0.0,0.0,0.0,0.0,0.0,0.0,0.0,0.0,0.0,0.0,0.0,0.0,0.0,0.0,0.0,0.0,0.0,0.0,0.0,0.0
168,Enzo Fernández,Enzo,22.0,Chelsea,6,3,MID,5.0,1.7,5138.0,57.1,0.93,90.0,3.0,3.0,0.14,0.16,0.18,0.3,0.37,0.24,0.25,0.29,0.36,0.1,0.23,0.21,0.22,0.36,0.28,0.38,0.16,0.3,0.25,0.35,0.43,0.29,0.33,0.39,0.12,0.34,0.2,0.2,0.47,0.45,0.14,0.24,0.21,0.51,0.26,0.34,0.17,0.15,0.29,0.28
553,João Gomes,J.Gomes,22.0,Wolves,20,3,MID,5.0,0.1,3302.0,36.7,1.02,78.07,3.0,2.6,0.06,0.04,0.07,0.14,0.15,0.12,0.1,0.08,0.11,0.1,0.11,0.22,0.28,0.14,0.19,0.13,0.14,0.31,0.21,0.16,0.08,0.21,0.08,0.09,0.12,0.15,0.05,0.13,0.2,0.19,0.22,0.19,0.26,0.13,0.11,0.27,0.06,0.16,0.16,0.16
533,Rayan Aït-Nouri,Aït-Nouri,22.0,Wolves,20,2,DEF,4.5,2.4,5233.0,58.2,0.99,69.07,3.0,2.3,0.11,0.1,-0.27,0.17,0.26,0.08,-0.06,-0.18,0.0,-0.1,-0.02,0.6,0.95,0.21,0.44,0.15,0.17,1.11,0.57,0.3,-0.19,0.58,-0.23,-0.13,0.03,0.26,-0.47,0.12,0.52,0.47,0.63,0.48,0.81,0.12,-0.01,0.88,-0.4,0.3,0.29,0.32
270,Jacob Greaves,Greaves,22.0,Ipswich,10,2,DEF,4.0,1.3,11578.0,128.6,1.0,90.0,3.0,3.0,0.02,0.03,-0.37,-0.61,0.49,-0.19,0.62,0.14,0.03,0.41,-0.17,0.98,-0.38,0.2,0.14,0.6,0.37,0.26,-0.08,-0.48,0.04,0.08,0.19,-0.29,-0.69,1.06,-0.24,-0.03,-0.18,0.18,0.55,-0.03,0.68,-0.33,-0.13,-0.43,0.01,0.22,0.55,0.43
432,Anthony Elanga,Elanga,21.0,Nott'm Forest,16,3,MID,5.4,1.4,4073.0,45.2,0.96,78.19,3.0,2.6,0.23,0.24,0.21,0.25,0.25,0.06,0.13,0.23,0.11,0.24,0.23,0.22,0.14,0.09,0.34,0.07,0.13,0.18,0.13,0.15,0.16,0.19,0.1,0.31,0.15,0.18,0.17,0.09,0.14,0.11,0.28,0.18,0.12,0.21,0.1,0.19,0.18,0.29,0.16,0.16
233,Amadou Onana,Onana,21.0,Aston Villa,2,3,MID,5.1,8.1,5938.0,65.9,0.94,75.26,3.0,2.5,0.12,0.1,0.23,0.2,0.34,0.31,0.37,0.41,0.27,0.24,0.3,0.14,0.09,0.35,0.16,0.27,0.44,0.25,0.17,0.14,0.26,0.43,0.23,0.13,0.32,0.28,0.49,0.23,0.26,0.19,0.15,0.18,0.34,0.36,0.21,0.1,0.33,0.22,0.22,0.19
587,Crysencio Summerville,Summerville,21.0,West Ham,19,3,MID,5.9,0.6,5054.0,56.1,1.05,7.17,2.0,0.3,0.16,0.15,0.0,0.0,0.0,0.0,0.0,0.0,0.0,0.0,0.0,0.0,0.0,0.0,0.0,0.0,0.0,0.0,0.0,0.0,0.0,0.0,0.0,0.0,0.0,0.0,0.0,0.0,0.0,0.0,0.0,0.0,0.0,0.0,0.0,0.0,0.0,0.0,0.0,0.0
136,Kaoru Mitoma,Mitoma,26.0,Brighton,5,3,MID,6.6,8.2,3804.0,42.3,0.98,87.11,3.0,2.9,0.28,0.23,0.27,0.31,0.16,0.53,0.38,0.19,0.26,0.17,0.41,0.12,0.2,0.26,0.49,0.28,0.38,0.39,0.27,0.31,0.21,0.24,0.45,0.23,0.35,0.3,0.27,0.4,0.35,0.37,0.13,0.3,0.3,0.47,0.23,0.36,0.25,0.32,0.18,0.18
267,Leif Davis,Davis,23.0,Ipswich,10,2,DEF,4.5,1.6,4355.0,48.4,1.0,90.0,3.0,3.0,0.02,0.13,-0.37,-0.61,0.49,-0.19,0.62,0.14,0.03,0.41,-0.17,0.98,-0.38,0.2,0.14,0.6,0.37,0.26,-0.08,-0.48,0.04,0.08,0.19,-0.29,-0.69,1.06,-0.24,-0.03,-0.18,0.18,0.55,-0.03,0.68,-0.33,-0.13,-0.43,0.01,0.22,0.55,0.43
389,Joshua Zirkzee,Zirkzee,22.0,Man Utd,14,4,FWD,7.0,3.8,3581.0,39.8,1.01,52.93,3.0,1.8,0.22,0.13,0.0,0.0,0.0,0.0,0.0,0.0,0.0,0.0,0.0,0.0,0.0,0.0,0.0,0.0,0.0,0.0,0.0,0.0,0.0,0.0,0.0,0.0,0.0,0.0,0.0,0.0,0.0,0.0,0.0,0.0,0.0,0.0,0.0,0.0,0.0,0.0,0.0,0.0
162,Levi Colwill,Colwill,20.0,Chelsea,6,2,DEF,4.5,1.3,5440.0,60.5,0.96,90.0,3.0,3.0,0.07,0.05,0.33,0.95,1.27,0.63,0.68,0.86,1.24,-0.15,0.57,0.46,0.51,1.24,0.82,1.31,0.21,0.9,0.67,1.17,1.54,0.86,1.06,1.36,-0.06,1.12,0.43,0.39,1.72,1.64,0.1,0.62,0.47,1.92,0.75,1.1,0.23,0.16,0.87,0.8
525,Mohammed Kudus,Kudus,22.0,West Ham,19,3,MID,6.4,5.9,4876.0,54.2,1.01,88.88,3.0,3.0,0.23,0.12,0.22,0.23,0.14,0.21,0.2,0.16,0.46,0.12,0.23,0.22,0.28,0.11,0.17,0.3,0.33,0.19,0.23,0.32,0.12,0.08,0.29,0.31,0.15,0.13,0.24,0.1,0.39,0.18,0.19,0.24,0.27,0.07,0.41,0.15,0.19,0.16,0.3,0.37
299,Kasey McAteer,McAteer,21.0,Leicester,11,3,MID,4.9,0.0,1161.0,12.9,1.01,4.11,3.0,0.1,0.21,0.04,0.0,0.0,0.0,0.0,0.0,0.0,0.0,0.0,0.0,0.0,0.0,0.0,0.0,0.0,0.0,0.0,0.0,0.0,0.0,0.0,0.0,0.0,0.0,0.0,0.0,0.0,0.0,0.0,0.0,0.0,0.0,0.0,0.0,0.0,0.0,0.0,0.0,0.0
260,Ali Al Hamadi,Al-Hamadi,21.0,Ipswich,10,4,FWD,5.0,0.4,293.0,3.3,0.97,11.42,3.0,0.4,0.62,0.09,0.0,0.0,0.0,0.0,0.0,0.0,0.0,0.0,0.0,0.0,0.0,0.0,0.0,0.0,0.0,0.0,0.0,0.0,0.0,0.0,0.0,0.0,0.0,0.0,0.0,0.0,0.0,0.0,0.0,0.0,0.0,0.0,0.0,0.0,0.0,0.0,0.0,0.0
18,William Saliba,Saliba,22.0,Arsenal,1,2,DEF,6.0,38.4,9075.0,100.8,1.0,90.0,3.0,3.0,0.04,0.02,2.19,1.29,1.74,1.1,0.8,2.4,2.46,1.54,1.12,1.06,1.19,2.07,1.58,1.77,1.64,1.95,1.74,2.63,1.38,1.34,1.52,1.7,1.81,1.24,2.07,1.97,1.7,1.36,1.6,2.02,1.58,1.79,2.32,2.12,1.92,0.7,1.48,2.14
268,Liam Delap,Delap,20.0,Ipswich,10,4,FWD,5.5,0.8,4094.0,45.5,0.97,78.58,3.0,2.6,0.15,0.05,0.0,0.0,0.0,0.0,0.0,0.0,0.0,0.0,0.0,0.0,0.0,0.0,0.0,0.0,0.0,0.0,0.0,0.0,0.0,0.0,0.0,0.0,0.0,0.0,0.0,0.0,0.0,0.0,0.0,0.0,0.0,0.0,0.0,0.0,0.0,0.0,0.0,0.0
618,Georginio Rutter,Georginio,21.0,Brighton,5,3,MID,5.5,0.0,6629.0,73.6,0.91,34.3,2.0,0.2,0.17,0.15,0.08,0.1,0.05,0.17,0.12,0.06,0.08,0.05,0.13,0.04,0.06,0.08,0.15,0.09,0.12,0.12,0.08,0.1,0.07,0.07,0.14,0.07,0.11,0.09,0.08,0.12,0.11,0.12,0.04,0.09,0.09,0.15,0.07,0.11,0.08,0.1,0.06,0.06
577,Jesper Lindstrøm,Lindstrøm,23.0,Everton,8,3,MID,5.3,0.1,4168.0,46.4,0.96,12.74,1.0,0.4,0.22,0.14,0.0,0.0,0.0,0.0,0.0,0.0,0.0,0.0,0.0,0.0,0.0,0.0,0.0,0.0,0.0,0.0,0.0,0.0,0.0,0.0,0.0,0.0,0.0,0.0,0.0,0.0,0.0,0.0,0.0,0.0,0.0,0.0,0.0,0.0,0.0,0.0,0.0,0.0
356,Matheus Nunes,Matheus N.,24.0,Man City,13,3,MID,4.9,0.1,6042.0,67.1,0.99,6.35,2.0,0.2,0.09,0.11,0.0,0.0,0.0,0.0,0.0,0.0,0.0,0.0,0.0,0.0,0.0,0.0,0.0,0.0,0.0,0.0,0.0,0.0,0.0,0.0,0.0,0.0,0.0,0.0,0.0,0.0,0.0,0.0,0.0,0.0,0.0,0.0,0.0,0.0,0.0,0.0,0.0,0.0
179,Mykhailo Mudryk,Mudryk,22.0,Chelsea,6,3,MID,6.4,0.3,2233.0,24.8,0.98,22.21,2.0,0.7,0.24,0.22,0.0,0.0,0.0,0.0,0.0,0.0,0.0,0.0,0.0,0.0,0.0,0.0,0.0,0.0,0.0,0.0,0.0,0.0,0.0,0.0,0.0,0.0,0.0,0.0,0.0,0.0,0.0,0.0,0.0,0.0,0.0,0.0,0.0,0.0,0.0,0.0,0.0,0.0
365,Antony,Antony,23.0,Man Utd,14,3,MID,5.9,0.2,5030.0,55.9,0.95,0.37,1.0,0.0,0.25,0.16,0.0,0.0,0.0,0.0,0.0,0.0,0.0,0.0,0.0,0.0,0.0,0.0,0.0,0.0,0.0,0.0,0.0,0.0,0.0,0.0,0.0,0.0,0.0,0.0,0.0,0.0,0.0,0.0,0.0,0.0,0.0,0.0,0.0,0.0,0.0,0.0,0.0,0.0
293,Mads Hermansen,Hermansen,23.0,Leicester,11,1,GKP,4.5,0.5,3960.0,44.0,1.0,90.0,3.0,3.0,0.0,0.0,0.19,0.31,0.37,0.4,0.64,-0.29,0.61,0.86,0.79,1.1,0.03,0.26,0.04,0.67,0.41,-0.24,0.92,-0.52,-0.08,-0.03,0.83,0.72,-0.19,0.23,0.08,0.45,0.25,-0.13,0.43,-0.44,0.13,0.01,-0.17,0.49,1.29,0.36,1.52,0.2
149,Mats Wieffer,Wieffer,23.0,Brighton,5,3,MID,5.0,0.1,4263.0,47.4,0.98,76.39,1.0,1.0,0.08,0.06,0.23,0.26,0.13,0.45,0.33,0.16,0.22,0.14,0.35,0.1,0.17,0.22,0.41,0.24,0.33,0.34,0.23,0.27,0.18,0.2,0.38,0.19,0.3,0.25,0.23,0.34,0.29,0.32,0.11,0.25,0.26,0.4,0.19,0.3,0.21,0.27,0.16,0.15
144,Jan Paul van Hecke,Van Hecke,23.0,Brighton,5,2,DEF,4.5,0.6,5310.0,59.0,0.96,90.0,3.0,3.0,0.05,0.02,0.76,0.98,0.19,2.02,1.33,0.37,0.72,0.24,1.46,-0.07,0.42,0.72,1.81,0.85,1.33,1.38,0.79,0.99,0.48,0.61,1.64,0.55,1.19,0.9,0.79,1.4,1.15,1.27,0.02,0.9,0.95,1.74,0.56,1.2,0.66,1.04,0.32,0.3
301,Caleb Okoli,Okoli,22.0,Leicester,11,2,DEF,4.0,0.2,3874.0,43.1,0.98,28.01,1.0,1.0,0.02,0.01,-0.25,-0.18,-0.15,-0.14,-0.02,-0.51,-0.04,0.08,0.05,0.19,-0.33,-0.21,-0.32,-0.01,-0.13,-0.49,0.11,-0.66,-0.39,-0.36,0.07,0.02,-0.46,-0.22,-0.3,-0.11,-0.21,-0.42,-0.12,-0.61,-0.27,-0.34,-0.44,-0.09,0.27,-0.16,0.37,-0.24
121,Julio Enciso,Enciso,19.0,Brighton,5,3,MID,5.4,0.1,1281.0,14.3,0.98,9.55,2.0,0.2,0.37,0.26,0.0,0.0,0.0,0.0,0.0,0.0,0.0,0.0,0.0,0.0,0.0,0.0,0.0,0.0,0.0,0.0,0.0,0.0,0.0,0.0,0.0,0.0,0.0,0.0,0.0,0.0,0.0,0.0,0.0,0.0,0.0,0.0,0.0,0.0,0.0,0.0,0.0,0.0
129,João Pedro,João Pedro,21.0,Brighton,5,4,FWD,5.7,27.6,6476.0,72.0,0.98,87.21,3.0,2.9,0.25,0.12,0.0,0.0,0.0,0.0,0.0,0.0,0.0,0.0,0.0,0.0,0.0,0.0,0.0,0.0,0.0,0.0,0.0,0.0,0.0,0.0,0.0,0.0,0.0,0.0,0.0,0.0,0.0,0.0,0.0,0.0,0.0,0.0,0.0,0.0,0.0,0.0,0.0,0.0
38,Jhon Durán,Duran,19.0,Aston Villa,2,4,FWD,6.0,1.2,611.0,6.8,1.04,28.19,3.0,0.9,0.47,0.04,0.0,0.0,0.0,0.0,0.0,0.0,0.0,0.0,0.0,0.0,0.0,0.0,0.0,0.0,0.0,0.0,0.0,0.0,0.0,0.0,0.0,0.0,0.0,0.0,0.0,0.0,0.0,0.0,0.0,0.0,0.0,0.0,0.0,0.0,0.0,0.0,0.0,0.0
355,Rico Lewis,Lewis,18.0,Man City,13,2,DEF,4.6,8.1,1712.0,19.0,1.02,90.0,3.0,3.0,0.09,0.12,1.14,2.6,1.54,1.74,1.38,1.01,1.99,1.79,2.43,1.5,1.29,1.48,0.66,2.04,1.7,1.72,1.26,1.92,2.04,1.95,1.33,2.29,1.56,0.95,1.42,1.09,1.06,1.66,1.7,2.37,1.31,2.07,1.52,1.66,2.14,2.12,1.88,1.6
350,Joško Gvardiol,Gvardiol,21.0,Man City,13,2,DEF,6.0,29.4,6907.0,76.8,0.99,89.06,3.0,3.0,0.09,0.05,1.14,2.6,1.54,1.74,1.38,1.01,1.99,1.79,2.43,1.5,1.29,1.48,0.66,2.04,1.7,1.72,1.26,1.92,2.04,1.95,1.33,2.29,1.56,0.95,1.42,1.09,1.06,1.66,1.7,2.37,1.31,2.07,1.52,1.66,2.14,2.12,1.88,1.6
85,Illia Zabarnyi,Zabarnyi,20.0,Bournemouth,3,2,DEF,4.5,0.4,3629.0,40.3,1.0,90.0,3.0,3.0,0.03,0.01,0.63,0.39,0.49,0.52,-0.3,1.56,1.06,0.34,0.22,0.17,0.3,0.68,0.76,0.46,1.38,0.95,0.28,1.1,0.57,0.92,0.12,-0.0,1.07,0.07,1.14,1.19,0.27,0.05,0.72,1.79,0.51,1.01,0.67,0.71,-0.06,0.63,-0.21,1.48
296,Victor Bernth Kristiansen,Kristiansen,20.0,Leicester,11,2,DEF,4.5,0.1,3199.0,35.5,0.99,87.75,3.0,2.9,0.01,0.07,0.19,0.31,0.37,0.4,0.64,-0.29,0.61,0.86,0.79,1.1,0.03,0.26,0.04,0.67,0.41,-0.24,0.92,-0.52,-0.08,-0.03,0.83,0.72,-0.19,0.23,0.08,0.45,0.25,-0.13,0.43,-0.44,0.13,0.01,-0.17,0.49,1.29,0.36,1.52,0.2
569,Jaden Philogene Bidace,Jaden,21.0,Aston Villa,2,3,MID,5.4,0.1,5596.0,62.2,1.05,10.06,1.0,0.2,0.11,0.07,0.0,0.0,0.0,0.0,0.0,0.0,0.0,0.0,0.0,0.0,0.0,0.0,0.0,0.0,0.0,0.0,0.0,0.0,0.0,0.0,0.0,0.0,0.0,0.0,0.0,0.0,0.0,0.0,0.0,0.0,0.0,0.0,0.0,0.0,0.0,0.0,0.0,0.0
499,Pape Matar Sarr,P.M.Sarr,20.0,Spurs,18,3,MID,4.9,0.2,4416.0,49.1,0.97,47.07,3.0,1.6,0.12,0.09,0.11,0.1,0.04,0.06,0.09,0.06,0.06,0.1,0.08,0.08,0.15,0.03,0.1,0.07,0.07,0.11,0.05,0.08,0.12,0.07,0.04,0.07,0.13,0.06,0.08,0.13,0.05,0.1,0.08,0.05,0.14,0.09,0.11,0.03,0.07,0.11,0.06,0.08
171,Malo Gusto,Gusto,20.0,Chelsea,6,2,DEF,5.0,3.0,5230.0,58.1,0.97,84.65,3.0,2.8,0.03,0.17,0.33,0.95,1.27,0.63,0.68,0.86,1.24,-0.15,0.57,0.46,0.51,1.24,0.82,1.31,0.21,0.9,0.67,1.17,1.54,0.86,1.06,1.36,-0.06,1.12,0.43,0.39,1.72,1.64,0.1,0.62,0.47,1.92,0.75,1.1,0.23,0.16,0.87,0.8
563,Rodrigo Gomes,R.Gomes,20.0,Wolves,20,3,MID,5.4,0.1,3524.0,39.2,1.0,31.6,2.0,1.1,0.21,0.1,0.03,0.06,0.07,0.06,0.05,0.04,0.05,0.04,0.05,0.1,0.13,0.07,0.08,0.06,0.06,0.14,0.1,0.07,0.04,0.1,0.04,0.04,0.05,0.07,0.02,0.06,0.09,0.09,0.1,0.09,0.12,0.06,0.05,0.12,0.03,0.07,0.07,0.07
218,Beto,Beto,25.0,Everton,8,4,FWD,5.0,0.7,5594.0,62.2,0.94,12.72,3.0,0.4,0.41,0.08,0.0,0.0,0.0,0.0,0.0,0.0,0.0,0.0,0.0,0.0,0.0,0.0,0.0,0.0,0.0,0.0,0.0,0.0,0.0,0.0,0.0,0.0,0.0,0.0,0.0,0.0,0.0,0.0,0.0,0.0,0.0,0.0,0.0,0.0,0.0,0.0,0.0,0.0
157,Moisés Caicedo,Caicedo,21.0,Chelsea,6,3,MID,5.0,0.6,6665.0,74.0,1.0,84.38,3.0,2.8,0.03,0.08,0.18,0.3,0.37,0.24,0.25,0.29,0.36,0.1,0.23,0.21,0.22,0.36,0.28,0.38,0.16,0.3,0.25,0.35,0.43,0.29,0.33,0.39,0.12,0.34,0.2,0.2,0.47,0.45,0.14,0.24,0.21,0.51,0.26,0.34,0.17,0.15,0.29,0.28
505,Destiny Udogie,Udogie,20.0,Spurs,18,2,DEF,5.0,3.5,7572.0,84.1,1.0,83.25,3.0,2.8,0.09,0.09,1.14,1.01,0.08,0.42,0.8,0.37,0.35,1.02,0.76,0.72,1.85,-0.14,1.09,0.55,0.61,1.22,0.14,0.72,1.27,0.48,0.02,0.58,1.56,0.38,0.79,1.46,0.25,0.98,0.66,0.2,1.64,0.85,1.15,-0.23,0.6,1.19,0.3,0.78
399,Lewis Hall,Hall,18.0,Newcastle,15,2,DEF,4.5,3.5,1435.0,16.0,1.0,36.91,3.0,1.3,0.06,0.13,0.41,-0.07,-0.07,0.07,-0.02,-0.21,-0.05,0.04,-0.24,-0.13,0.01,0.15,0.03,-0.27,-0.15,0.37,0.33,0.01,-0.15,-0.28,0.25,0.12,0.23,0.18,-0.42,0.2,-0.47,-0.05,0.22,0.05,0.2,0.04,-0.19,0.49,-0.16,-0.04,-0.33,0.14
146,Bart Verbruggen,Verbruggen,20.0,Brighton,5,1,GKP,4.5,0.9,1890.0,21.0,1.0,78.32,1.0,1.0,0.0,0.0,0.62,0.82,0.1,1.74,1.13,0.27,0.59,0.15,1.24,-0.13,0.32,0.59,1.56,0.7,1.13,1.18,0.65,0.83,0.37,0.48,1.4,0.43,1.0,0.75,0.65,1.19,0.97,1.08,-0.05,0.75,0.79,1.5,0.44,1.02,0.53,0.87,0.23,0.21
226,Tim Iroegbunam,Iroegbunam,20.0,Everton,8,3,MID,4.5,1.1,2529.0,28.1,0.99,90.0,3.0,3.0,0.05,0.01,0.27,0.15,0.31,0.18,0.35,0.36,0.21,0.41,0.34,0.36,0.24,0.28,0.19,0.38,0.15,0.13,0.24,0.11,0.35,0.23,0.26,0.23,0.19,0.44,0.27,0.28,0.2,0.29,0.32,0.09,0.2,0.26,0.17,0.16,0.5,0.25,0.45,0.14
256,Jay Stansfield,Stansfield,20.0,Fulham,9,4,FWD,5.0,0.1,3423.0,38.1,1.04,0.59,1.0,0.0,0.13,0.06,0.0,0.0,0.0,0.0,0.0,0.0,0.0,0.0,0.0,0.0,0.0,0.0,0.0,0.0,0.0,0.0,0.0,0.0,0.0,0.0,0.0,0.0,0.0,0.0,0.0,0.0,0.0,0.0,0.0,0.0,0.0,0.0,0.0,0.0,0.0,0.0,0.0,0.0
459,Samuel Edozie,Edozie,20.0,Southampton,17,3,MID,4.9,0.0,1931.0,21.5,1.04,34.79,2.0,0.7,0.1,0.08,0.0,0.0,0.0,0.0,0.0,0.0,0.0,0.0,0.0,0.0,0.0,0.0,0.0,0.0,0.0,0.0,0.0,0.0,0.0,0.0,0.0,0.0,0.0,0.0,0.0,0.0,0.0,0.0,0.0,0.0,0.0,0.0,0.0,0.0,0.0,0.0,0.0,0.0
506,Micky van de Ven,Van de Ven,22.0,Spurs,18,2,DEF,4.5,7.6,5498.0,61.1,1.04,90.0,2.0,2.0,0.02,0.03,1.14,1.01,0.08,0.42,0.8,0.37,0.35,1.02,0.76,0.72,1.85,-0.14,1.09,0.55,0.61,1.22,0.14,0.72,1.27,0.48,0.02,0.58,1.56,0.38,0.79,1.46,0.25,0.98,0.66,0.2,1.64,0.85,1.15,-0.23,0.6,1.19,0.3,0.78
313,Conor Bradley,Bradley,20.0,Liverpool,12,2,DEF,4.9,0.5,753.0,8.4,1.0,16.19,3.0,0.5,0.13,0.16,-0.14,-0.23,-0.32,-0.18,-0.2,-0.22,-0.24,-0.26,-0.4,-0.24,-0.24,-0.17,-0.34,-0.39,-0.27,-0.19,-0.37,-0.13,-0.27,-0.23,-0.24,-0.31,-0.1,-0.28,-0.16,-0.45,-0.29,-0.12,-0.33,-0.2,-0.26,-0.2,-0.18,-0.28,-0.35,-0.3,-0.32,-0.17
372,Alejandro Garnacho,Garnacho,19.0,Man Utd,14,3,MID,6.4,11.8,3147.0,34.9,0.98,40.46,3.0,1.4,0.36,0.18,0.1,0.05,0.04,0.1,0.08,0.06,0.05,0.08,0.07,0.07,0.13,0.12,0.09,0.03,0.1,0.03,0.09,0.08,0.06,0.02,0.13,0.08,0.07,0.1,0.04,0.06,0.15,0.06,0.1,0.07,0.05,0.04,0.11,0.06,0.05,0.09,0.04,0.07
486,Radu Drăgușin,Dragusin,21.0,Spurs,18,2,DEF,4.4,0.2,3247.0,36.1,1.01,28.32,1.0,1.0,0.03,0.02,0.2,0.15,-0.3,-0.13,0.05,-0.15,-0.16,0.15,0.04,0.02,0.5,-0.42,0.18,-0.06,-0.04,0.24,-0.27,0.02,0.26,-0.1,-0.33,-0.05,0.38,-0.15,0.05,0.34,-0.21,0.13,-0.01,-0.24,0.42,0.07,0.21,-0.48,-0.04,0.23,-0.19,0.04
364,Amad Diallo,Amad,21.0,Man Utd,14,3,MID,5.0,4.2,2976.0,33.0,1.08,58.91,3.0,1.9,0.12,0.14,0.2,0.11,0.09,0.22,0.16,0.13,0.1,0.17,0.14,0.14,0.27,0.26,0.19,0.07,0.21,0.06,0.19,0.17,0.12,0.05,0.28,0.16,0.15,0.22,0.08,0.14,0.31,0.12,0.21,0.15,0.1,0.08,0.23,0.13,0.11,0.19,0.09,0.15
216,Adam Wharton,Wharton,19.0,Crystal Palace,7,3,MID,5.0,0.4,4309.0,47.8,1.03,84.72,3.0,2.8,0.03,0.1,0.23,0.36,0.19,0.47,0.31,0.27,0.18,0.3,0.26,0.33,0.38,0.21,0.25,0.45,0.2,0.23,0.24,0.26,0.49,0.28,0.39,0.28,0.32,0.23,0.36,0.29,0.3,0.53,0.17,0.4,0.31,0.13,0.35,0.16,0.39,0.18,0.41,0.12
178,Marc Guiu,Marc Guiu,17.0,Chelsea,6,4,FWD,5.0,0.8,74.0,0.8,1.0,14.2,1.0,0.3,0.5,0.17,0.0,0.0,0.0,0.0,0.0,0.0,0.0,0.0,0.0,0.0,0.0,0.0,0.0,0.0,0.0,0.0,0.0,0.0,0.0,0.0,0.0,0.0,0.0,0.0,0.0,0.0,0.0,0.0,0.0,0.0,0.0,0.0,0.0,0.0,0.0,0.0,0.0,0.0
451,Samuel Amo-Ameyaw,Amo-Ameyaw,17.0,Southampton,17,3,MID,4.5,0.1,79.0,0.8,1.0,3.1,1.0,0.1,0.05,0.17,0.0,0.0,0.0,0.0,0.0,0.0,0.0,0.0,0.0,0.0,0.0,0.0,0.0,0.0,0.0,0.0,0.0,0.0,0.0,0.0,0.0,0.0,0.0,0.0,0.0,0.0,0.0,0.0,0.0,0.0,0.0,0.0,0.0,0.0,0.0,0.0,0.0,0.0
558,Yerson Mosquera,Mosquera,22.0,Wolves,20,2,DEF,4.0,1.1,1229.0,13.7,1.01,90.0,3.0,3.0,0.09,0.01,-0.13,0.43,0.55,0.31,0.13,-0.02,0.21,0.08,0.18,1.01,1.48,0.48,0.79,0.4,0.42,1.7,0.96,0.61,-0.03,0.98,-0.09,0.04,0.25,0.55,-0.38,0.37,0.9,0.83,1.04,0.85,1.29,0.36,0.2,1.38,-0.29,0.6,0.58,0.63
450,Carlos Alcaraz,Alcaraz,20.0,Southampton,17,3,MID,4.9,0.1,2511.0,27.8,1.02,12.35,1.0,0.1,0.14,0.05,0.0,0.01,0.01,0.01,0.02,0.01,0.0,0.02,0.0,0.01,0.01,0.0,0.01,0.01,0.0,0.01,0.01,0.01,0.01,0.01,0.01,0.01,0.01,0.02,0.01,0.01,0.0,0.0,0.01,0.01,0.0,0.01,0.01,0.01,0.01,0.0,0.01,0.01
77,Alex Scott,Scott,19.0,Bournemouth,3,3,MID,5.0,0.1,7145.0,79.5,0.99,37.24,3.0,1.3,0.04,0.08,0.07,0.06,0.07,0.07,0.02,0.13,0.1,0.06,0.05,0.05,0.06,0.08,0.08,0.06,0.12,0.09,0.05,0.1,0.07,0.09,0.05,0.04,0.1,0.04,0.11,0.11,0.05,0.04,0.08,0.15,0.07,0.1,0.08,0.08,0.04,0.07,0.03,0.13
274,Omari Hutchinson,Hutchinson,19.0,Ipswich,10,3,MID,5.5,0.5,2218.0,24.7,1.08,89.25,3.0,3.0,0.11,0.09,0.07,0.04,0.21,0.1,0.24,0.15,0.13,0.2,0.1,0.31,0.07,0.16,0.15,0.23,0.19,0.17,0.11,0.06,0.13,0.14,0.16,0.08,0.03,0.33,0.09,0.12,0.1,0.16,0.23,0.12,0.25,0.08,0.11,0.06,0.13,0.17,0.23,0.2
600,Yasin Ayari,Ayari,19.0,Brighton,5,3,MID,5.0,0.0,951.0,10.5,0.98,24.28,3.0,0.9,0.14,0.1,0.09,0.1,0.05,0.17,0.12,0.06,0.08,0.05,0.13,0.04,0.06,0.08,0.16,0.09,0.12,0.13,0.09,0.1,0.07,0.08,0.14,0.07,0.11,0.09,0.09,0.13,0.11,0.12,0.04,0.09,0.1,0.15,0.07,0.11,0.08,0.1,0.06,0.06
571,Sávio,Sávio,19.0,Man City,13,3,MID,6.5,1.8,3076.0,34.2,1.05,55.21,2.0,1.3,0.13,0.22,0.14,0.27,0.18,0.19,0.16,0.13,0.22,0.2,0.26,0.17,0.15,0.17,0.1,0.22,0.19,0.19,0.15,0.21,0.22,0.21,0.16,0.24,0.18,0.12,0.17,0.14,0.13,0.19,0.19,0.25,0.16,0.22,0.17,0.19,0.23,0.23,0.21,0.18
567,Toti Gomes,Toti,24.0,Wolves,20,2,DEF,4.5,0.2,4116.0,45.7,1.0,90.0,3.0,3.0,0.05,0.04,-0.13,0.43,0.55,0.31,0.13,-0.02,0.21,0.08,0.18,1.01,1.48,0.48,0.79,0.4,0.42,1.7,0.96,0.61,-0.03,0.98,-0.09,0.04,0.25,0.55,-0.38,0.37,0.9,0.83,1.04,0.85,1.29,0.36,0.2,1.38,-0.29,0.6,0.58,0.63
537,Chiquinho,Chiquinho,23.0,Wolves,20,3,MID,4.5,0.2,2846.0,31.6,1.03,13.92,1.0,0.1,0.18,0.09,0.01,0.02,0.02,0.02,0.02,0.01,0.02,0.02,0.02,0.03,0.05,0.02,0.03,0.02,0.02,0.05,0.03,0.03,0.01,0.03,0.01,0.01,0.02,0.02,0.01,0.02,0.03,0.03,0.04,0.03,0.04,0.02,0.02,0.04,0.01,0.03,0.03,0.03
429,Danilo,Danilo,22.0,Nott'm Forest,16,3,MID,4.8,0.0,2768.0,30.7,1.03,26.93,1.0,0.2,0.1,0.08,0.05,0.06,0.07,0.02,0.03,0.06,0.03,0.06,0.06,0.06,0.04,0.02,0.09,0.02,0.03,0.05,0.03,0.04,0.04,0.05,0.03,0.08,0.04,0.05,0.04,0.02,0.04,0.03,0.07,0.05,0.03,0.06,0.03,0.05,0.05,0.08,0.04,0.04
106,Kevin Schade,Schade,21.0,Brentford,4,3,MID,5.5,0.1,2078.0,23.0,1.02,52.7,3.0,1.8,0.24,0.12,0.23,0.06,0.29,0.07,0.1,0.21,0.24,0.12,0.32,0.16,0.2,0.15,0.27,0.12,0.14,0.1,0.22,0.12,0.13,0.23,0.11,0.1,0.17,0.14,0.15,0.22,0.2,0.17,0.14,0.09,0.15,0.08,0.17,0.17,0.18,0.26,0.21,0.18
174,Roméo Lavia,Lavia,19.0,Chelsea,6,3,MID,4.5,1.2,2254.0,25.1,1.01,46.2,1.0,0.7,0.02,0.06,0.13,0.21,0.26,0.17,0.18,0.2,0.25,0.07,0.16,0.15,0.15,0.25,0.19,0.27,0.11,0.21,0.17,0.24,0.3,0.2,0.23,0.27,0.08,0.24,0.14,0.14,0.33,0.31,0.1,0.17,0.15,0.36,0.19,0.24,0.12,0.11,0.2,0.19
195,Chadi Riad,Chadi Riad,20.0,Crystal Palace,7,2,DEF,4.4,0.1,2166.0,24.0,0.99,36.75,1.0,1.0,0.02,0.01,0.03,0.37,-0.08,0.63,0.25,0.14,-0.11,0.21,0.12,0.29,0.4,-0.02,0.08,0.58,-0.05,0.02,0.06,0.12,0.66,0.15,0.43,0.15,0.26,0.02,0.36,0.18,0.21,0.76,-0.14,0.47,0.24,-0.28,0.34,-0.18,0.43,-0.12,0.5,-0.34
378,Kobbie Mainoo,Mainoo,18.0,Man Utd,14,3,MID,5.4,4.9,1935.0,21.5,1.04,87.82,3.0,2.9,0.04,0.03,0.3,0.16,0.13,0.33,0.23,0.19,0.15,0.24,0.2,0.21,0.4,0.38,0.28,0.11,0.31,0.08,0.28,0.25,0.18,0.07,0.41,0.24,0.21,0.32,0.12,0.2,0.46,0.17,0.31,0.23,0.14,0.11,0.34,0.19,0.17,0.29,0.13,0.23
180,Nicolas Jackson,N.Jackson,22.0,Chelsea,6,4,FWD,7.6,5.9,4562.0,50.7,0.98,73.93,3.0,2.5,0.55,0.14,0.0,0.0,0.0,0.0,0.0,0.0,0.0,0.0,0.0,0.0,0.0,0.0,0.0,0.0,0.0,0.0,0.0,0.0,0.0,0.0,0.0,0.0,0.0,0.0,0.0,0.0,0.0,0.0,0.0,0.0,0.0,0.0,0.0,0.0,0.0,0.0,0.0,0.0
69,Daniel Jebbison,Jebbison,19.0,Bournemouth,3,4,FWD,4.5,3.7,715.0,7.9,0.95,13.9,2.0,0.3,0.26,0.1,0.0,0.0,0.0,0.0,0.0,0.0,0.0,0.0,0.0,0.0,0.0,0.0,0.0,0.0,0.0,0.0,0.0,0.0,0.0,0.0,0.0,0.0,0.0,0.0,0.0,0.0,0.0,0.0,0.0,0.0,0.0,0.0,0.0,0.0,0.0,0.0,0.0,0.0
570,Abdul Fatawu Issahaku,A.Fatawu,19.0,Leicester,11,3,MID,5.5,0.7,2932.0,32.6,1.01,82.76,3.0,2.7,0.08,0.19,0.16,0.18,0.19,0.2,0.24,0.08,0.24,0.29,0.27,0.34,0.13,0.17,0.13,0.25,0.2,0.09,0.3,0.05,0.11,0.12,0.28,0.26,0.1,0.17,0.14,0.21,0.17,0.11,0.2,0.06,0.15,0.13,0.1,0.21,0.38,0.19,0.42,0.16
126,Jack Hinshelwood,Hinshelwood,18.0,Brighton,5,3,MID,5.0,0.1,871.0,9.7,1.02,90.0,3.0,3.0,0.17,0.07,0.27,0.31,0.16,0.53,0.38,0.19,0.26,0.17,0.41,0.12,0.2,0.26,0.49,0.28,0.38,0.39,0.27,0.31,0.21,0.24,0.45,0.23,0.35,0.3,0.27,0.4,0.35,0.37,0.13,0.3,0.3,0.47,0.23,0.36,0.25,0.32,0.18,0.18
74,Dango Ouattara,O.Dango,21.0,Bournemouth,3,3,MID,5.0,0.0,4830.0,53.7,0.93,36.11,3.0,1.2,0.22,0.16,0.07,0.06,0.07,0.07,0.02,0.13,0.1,0.06,0.05,0.05,0.06,0.08,0.08,0.06,0.12,0.09,0.05,0.1,0.07,0.09,0.05,0.04,0.1,0.04,0.11,0.11,0.05,0.04,0.08,0.15,0.07,0.1,0.08,0.08,0.04,0.07,0.03,0.13
115,Carlos Baleba,Baleba,19.0,Brighton,5,3,MID,5.0,0.0,1864.0,20.7,0.98,35.07,2.0,1.2,0.07,0.02,0.09,0.1,0.05,0.17,0.12,0.06,0.08,0.05,0.13,0.04,0.06,0.08,0.16,0.09,0.12,0.13,0.09,0.1,0.07,0.08,0.14,0.07,0.11,0.09,0.09,0.13,0.11,0.12,0.04,0.09,0.1,0.15,0.07,0.11,0.08,0.1,0.06,0.06
113,Simon Adingra,Adingra,21.0,Brighton,5,3,MID,5.5,1.0,2222.0,24.7,1.03,16.55,3.0,0.6,0.18,0.17,0.0,0.0,0.0,0.0,0.0,0.0,0.0,0.0,0.0,0.0,0.0,0.0,0.0,0.0,0.0,0.0,0.0,0.0,0.0,0.0,0.0,0.0,0.0,0.0,0.0,0.0,0.0,0.0,0.0,0.0,0.0,0.0,0.0,0.0,0.0,0.0,0.0,0.0
117,Facundo Buonanotte,Buonanotte,18.0,Leicester,11,3,MID,5.0,0.3,1929.0,21.5,1.0,57.7,3.0,1.9,0.17,0.14,0.11,0.12,0.13,0.13,0.17,0.06,0.16,0.19,0.19,0.23,0.09,0.12,0.09,0.17,0.14,0.06,0.2,0.04,0.08,0.08,0.19,0.18,0.07,0.11,0.1,0.14,0.12,0.07,0.14,0.04,0.1,0.09,0.07,0.15,0.26,0.13,0.29,0.11
70,Milos Kerkez,Kerkez,19.0,Bournemouth,3,2,DEF,4.5,0.4,4641.0,51.6,0.99,82.13,3.0,2.7,0.05,0.04,0.63,0.39,0.49,0.52,-0.3,1.56,1.06,0.34,0.22,0.17,0.3,0.68,0.76,0.46,1.38,0.95,0.28,1.1,0.57,0.92,0.12,-0.0,1.07,0.07,1.14,1.19,0.27,0.05,0.72,1.79,0.51,1.01,0.67,0.71,-0.06,0.63,-0.21,1.48
489,Archie Gray,Gray,17.0,Spurs,18,3,MID,4.9,0.2,3599.0,40.0,0.99,10.78,2.0,0.3,0.01,0.01,0.0,0.0,0.0,0.0,0.0,0.0,0.0,0.0,0.0,0.0,0.0,0.0,0.0,0.0,0.0,0.0,0.0,0.0,0.0,0.0,0.0,0.0,0.0,0.0,0.0,0.0,0.0,0.0,0.0,0.0,0.0,0.0,0.0,0.0,0.0,0.0,0.0,0.0
612,Wilson Odobert,Odobert,18.0,Spurs,18,3,MID,5.5,0.1,3862.0,42.9,1.03,74.97,2.0,1.5,0.12,0.11,0.34,0.32,0.14,0.2,0.28,0.19,0.19,0.32,0.27,0.26,0.5,0.1,0.33,0.23,0.24,0.36,0.15,0.26,0.37,0.21,0.13,0.23,0.43,0.19,0.27,0.41,0.17,0.31,0.25,0.16,0.45,0.28,0.35,0.09,0.23,0.35,0.18,0.27
184,Renato Veiga,Renato Veiga,19.0,Chelsea,6,3,MID,4.5,0.2,639.0,7.1,1.0,6.41,2.0,0.2,0.02,0.02,0.0,0.0,0.0,0.0,0.0,0.0,0.0,0.0,0.0,0.0,0.0,0.0,0.0,0.0,0.0,0.0,0.0,0.0,0.0,0.0,0.0,0.0,0.0,0.0,0.0,0.0,0.0,0.0,0.0,0.0,0.0,0.0,0.0,0.0,0.0,0.0,0.0,0.0
436,Murillo,Murillo,21.0,Nott'm Forest,16,2,DEF,4.5,0.6,2789.0,31.0,0.97,90.0,3.0,3.0,0.05,0.04,0.95,1.2,1.26,-0.26,0.33,1.06,0.18,1.17,1.12,1.01,0.46,0.0,1.83,-0.16,0.34,0.7,0.36,0.51,0.56,0.83,0.13,1.62,0.51,0.75,0.63,0.05,0.4,0.22,1.44,0.76,0.28,0.98,0.1,0.78,0.74,1.54,0.57,0.58
135,Yankuba Minteh,Minteh,19.0,Brighton,5,3,MID,5.5,1.7,1456.0,16.2,1.0,69.36,3.0,2.3,0.3,0.23,0.18,0.21,0.11,0.37,0.26,0.13,0.18,0.12,0.28,0.08,0.14,0.18,0.34,0.2,0.26,0.27,0.19,0.22,0.15,0.16,0.31,0.16,0.24,0.2,0.19,0.27,0.24,0.26,0.09,0.2,0.21,0.33,0.16,0.25,0.17,0.22,0.13,0.12
