Pos,ID,Name,BV,SV,Team,6_xMins,6_Pts,7_xMins,7_Pts,8_xMins,8_Pts,9_xMins,9_Pts,10_xMins,10_Pts,11_xMins,11_Pts,12_xMins,12_Pts,13_xMins,13_Pts,14_xMins,14_Pts,15_xMins,15_Pts,16_xMins,16_Pts,17_xMins,17_Pts,Elite%
M,1,Fábio Vieira,5.4,5.4,Arsenal,0,0.00,0,0.00,0,0.00,0,0.00,0,0.00,0,0.00,0,0.00,0,0.00,0,0.00,0,0.00,0,0.00,0,0.00,0.00
F,2,G.Jesus,6.8,6.8,Arsenal,27,2.13,40,3.08,41,2.53,38,2.31,34,2.11,41,2.20,33,2.33,34,2.14,36,2.32,38,2.22,39,2.89,39,2.34,0.00
D,3,Gabriel,6.1,6.1,Arsenal,88,4.94,83,4.62,83,3.77,80,3.05,78,2.99,75,2.66,76,4.14,75,3.32,75,3.43,76,3.52,75,4.21,73,3.33,0.27
F,4,Havertz,8.1,8.1,Arsenal,86,5.49,83,5.48,83,4.36,81,4.00,79,3.92,78,3.75,75,4.54,75,3.95,73,4.01,74,3.74,73,4.72,74,3.73,0.03
G,5,Hein,4.0,4.0,Arsenal,0,0.00,0,0.00,0,0.00,0,0.00,0,0.00,0,0.00,0,0.00,0,0.00,0,0.00,0,0.00,0,0.00,0,0.00,0.00
D,6,J.Timber,5.5,5.5,Arsenal,46,2.56,52,2.88,51,2.31,47,1.77,49,1.87,47,1.68,47,2.51,48,2.11,48,2.13,44,2.01,46,2.54,47,2.09,0.00
M,7,Jorginho,4.9,4.9,Arsenal,43,1.71,43,1.70,43,1.53,41,1.40,37,1.28,29,1.05,24,1.00,22,0.84,22,0.88,23,0.90,24,0.99,25,0.95,0.00
D,8,Kiwior,4.8,4.8,Arsenal,13,0.62,12,0.61,10,0.41,8,0.30,8,0.30,10,0.34,9,0.42,10,0.43,9,0.35,10,0.42,10,0.50,11,0.45,0.00
M,9,Martinelli,6.9,6.9,Arsenal,66,4.79,59,4.38,55,3.40,52,2.87,48,2.79,57,3.07,46,3.10,42,2.54,44,2.83,42,2.47,41,2.97,41,2.40,0.00
M,10,Nelson,5.0,5.0,Fulham,33,1.56,34,1.31,36,1.77,37,1.76,39,1.99,39,1.73,41,2.22,41,1.68,39,1.82,0,0.00,42,1.61,43,2.44,0.00
F,11,Nketiah,5.9,5.9,Crystal Palace,75,3.51,73,2.94,72,3.19,71,3.31,71,3.39,70,3.42,71,2.96,70,3.44,68,3.28,68,2.53,69,2.92,70,2.67,0.00
M,12,Nwaneri,4.5,4.5,Arsenal,17,0.88,22,1.14,20,0.94,16,0.72,15,0.68,15,0.69,8,0.43,9,0.47,10,0.48,8,0.41,9,0.50,10,0.46,0.00
M,13,Ødegaard,8.2,8.2,Arsenal,0,0.00,0,0.00,0,0.00,23,1.20,61,3.26,83,4.10,82,5.25,83,4.45,81,4.80,81,4.30,80,5.38,82,4.31,0.00
G,14,Ramsdale,4.4,4.4,Southampton,94,3.21,93,3.02,92,3.41,91,3.00,90,3.30,90,3.21,90,2.92,91,3.03,89,2.93,90,2.96,90,2.93,90,3.11,0.01
G,15,Raya,5.6,5.6,Arsenal,71,3.35,93,4.36,93,3.92,92,3.56,91,3.54,90,3.47,91,4.20,91,3.77,91,3.77,92,3.95,91,4.28,92,3.83,0.10
M,16,Rice,6.3,6.3,Arsenal,90,4.06,85,3.88,86,3.23,83,2.87,81,2.78,78,2.53,76,3.04,76,2.75,76,2.85,75,2.70,74,3.09,74,2.65,0.00
M,17,Saka,10.0,10.0,Arsenal,84,7.17,81,6.92,81,5.47,80,5.09,77,4.92,78,4.68,74,5.79,76,4.99,76,5.43,77,4.81,75,6.23,76,4.82,0.35
D,18,Saliba,6.0,6.0,Arsenal,92,4.68,89,4.53,86,3.47,86,3.01,84,2.90,83,2.65,83,4.06,81,3.24,80,3.29,81,3.45,79,4.03,79,3.26,0.05
M,19,Smith Rowe,5.8,5.8,Fulham,73,3.31,70,2.44,65,3.15,65,3.07,64,3.33,66,2.94,65,3.57,62,2.52,61,3.01,62,2.47,60,2.30,62,3.60,0.23
M,20,Thomas,5.0,5.0,Arsenal,62,2.50,59,2.37,58,2.03,54,1.77,46,1.57,39,1.32,31,1.26,32,1.20,33,1.24,32,1.15,31,1.31,31,1.16,0.00
D,21,Tierney,4.4,4.4,Arsenal,0,0.00,0,0.00,1,0.08,3,0.14,3,0.16,4,0.21,4,0.24,4,0.22,4,0.23,4,0.22,4,0.24,3,0.18,0.00
D,22,Tomiyasu,4.8,4.8,Arsenal,0,0.00,0,0.00,9,0.42,17,0.68,21,0.83,24,0.93,22,1.14,23,1.02,24,1.08,23,1.03,22,1.20,23,1.03,0.00
M,23,Trossard,6.9,6.9,Arsenal,65,4.82,59,4.41,58,3.52,51,2.92,44,2.57,45,2.41,33,2.38,35,2.20,34,2.24,35,2.10,35,2.63,33,2.01,0.00
D,24,White,6.4,6.4,Arsenal,62,3.35,81,4.43,78,3.47,75,2.82,75,2.82,74,2.57,72,3.71,75,3.15,73,3.15,73,3.23,73,3.85,74,3.18,0.00
D,25,Zinchenko,4.8,4.8,Arsenal,0,0.00,0,0.00,7,0.36,15,0.70,15,0.67,16,0.70,12,0.66,12,0.56,12,0.59,12,0.57,13,0.73,12,0.57,0.00
D,26,Alex Moreno,4.4,4.4,Nott'm Forest,59,2.65,56,1.69,56,2.53,54,2.29,53,2.39,55,2.06,56,1.33,55,2.84,54,1.08,56,1.65,0,0.00,56,2.11,0.00
F,27,Archer,5.0,5.0,Southampton,59,2.92,58,2.20,57,3.32,57,2.08,56,3.24,55,2.83,55,2.52,56,2.54,54,2.68,51,2.37,53,2.67,53,2.49,0.00
M,28,Bailey,6.4,6.4,Aston Villa,73,4.00,70,3.69,65,3.25,60,3.71,58,2.68,56,2.42,58,3.35,57,2.64,56,3.40,58,3.99,54,2.82,55,2.32,0.00
M,29,Barkley,5.3,5.3,Aston Villa,29,1.54,28,1.42,20,1.00,18,1.05,17,0.78,18,0.79,17,0.94,19,0.89,22,1.25,21,1.32,20,1.04,19,0.83,0.00
M,30,Barrenechea,4.9,4.9,Aston Villa,0,0.00,0,0.00,0,0.00,0,0.00,0,0.00,0,0.00,0,0.00,0,0.00,0,0.00,0,0.00,0,0.00,0,0.00,0.00
M,31,Buendia,5.3,5.3,Aston Villa,12,0.69,11,0.67,9,0.52,7,0.54,5,0.36,7,0.40,7,0.50,8,0.47,9,0.61,9,0.64,10,0.57,10,0.51,0.00
D,32,Cash,4.4,4.4,Aston Villa,26,1.18,46,1.70,49,1.90,51,2.35,47,1.29,45,1.09,45,2.07,45,1.27,46,2.14,49,2.51,49,1.94,47,1.29,0.00
M,33,Dendoncker,4.5,4.5,Aston Villa,0,0.00,0,0.00,0,0.00,0,0.00,0,0.00,0,0.00,0,0.00,0,0.00,0,0.00,0,0.00,0,0.00,0,0.00,0.00
M,34,Diaby,6.5,6.5,Aston Villa,0,0.00,0,0.00,0,0.00,0,0.00,0,0.00,0,0.00,0,0.00,0,0.00,0,0.00,0,0.00,0,0.00,0,0.00,0.00
D,35,Diego Carlos,4.5,4.5,Aston Villa,35,1.33,40,1.28,37,1.27,37,1.48,38,0.86,38,0.72,38,1.51,38,0.88,40,1.59,36,1.61,37,1.26,39,0.91,0.00
D,36,Digne,4.6,4.6,Aston Villa,64,3.02,62,2.49,60,2.41,59,2.90,56,1.62,55,1.38,55,2.71,53,1.61,51,2.53,53,2.98,52,2.20,52,1.57,0.01
M,37,Dobbin,5.0,5.0,Aston Villa,0,0.00,0,0.00,0,0.00,0,0.00,0,0.00,0,0.00,0,0.00,0,0.00,0,0.00,0,0.00,0,0.00,0,0.00,0.00
F,38,Duran,6.2,6.2,Aston Villa,47,2.73,42,2.32,36,1.94,31,2.00,31,1.62,32,1.53,31,1.95,32,1.67,32,2.06,33,2.36,35,1.91,34,1.59,0.00
G,39,Gauci,4.0,4.0,Aston Villa,0,0.00,0,0.00,0,0.00,0,0.00,0,0.00,0,0.00,0,0.00,0,0.00,0,0.00,0,0.00,0,0.00,0,0.00,0.00
D,40,Hause,4.0,4.0,Aston Villa,2,0.06,0,0.00,0,0.00,0,0.00,0,0.00,0,0.00,0,0.00,1,0.03,1,0.04,1,0.04,1,0.03,2,0.04,0.00
M,41,Iling Jr,5.4,5.4,Aston Villa,0,0.00,0,0.00,0,0.00,0,0.00,0,0.00,0,0.00,0,0.00,0,0.00,0,0.00,0,0.00,0,0.00,0,0.00,0.00
M,42,Kamara,5.0,5.0,Aston Villa,19,0.60,43,1.28,67,1.90,65,1.99,63,1.69,63,1.62,63,1.93,61,1.66,60,1.87,61,2.01,62,1.80,62,1.62,0.00
D,43,Kesler-Hayden,4.0,4.0,Aston Villa,0,0.00,0,0.00,0,0.00,0,0.00,0,0.00,0,0.00,0,0.00,0,0.00,0,0.00,0,0.00,0,0.00,0,0.00,0.00
D,44,Konsa,4.5,4.5,Aston Villa,92,3.39,89,2.69,87,2.81,85,3.32,85,1.74,83,1.47,83,3.25,83,1.78,84,3.20,83,3.56,83,2.73,82,1.81,0.65
D,45,Maatsen,4.9,4.9,Aston Villa,36,1.60,37,1.45,38,1.49,37,1.75,41,1.15,41,1.03,42,1.94,43,1.23,45,2.10,42,2.20,44,1.70,45,1.27,0.00
G,46,Marschall,4.0,4.0,Aston Villa,0,0.00,0,0.00,0,0.00,0,0.00,0,0.00,0,0.00,0,0.00,0,0.00,0,0.00,0,0.00,0,0.00,0,0.00,0.00
G,47,Martinez,5.0,5.0,Aston Villa,94,3.70,94,3.36,92,3.47,92,3.61,91,3.05,92,3.05,91,3.58,90,3.10,89,3.55,90,3.67,90,3.41,91,2.97,0.01
M,48,McGinn,5.3,5.3,Aston Villa,0,0.00,0,0.00,31,1.34,64,3.05,77,2.81,75,2.55,74,3.47,74,2.71,72,3.46,74,3.91,73,3.00,75,2.49,0.00
D,49,Mings,4.4,4.4,Aston Villa,4,0.15,10,0.30,18,0.59,21,0.82,20,0.49,22,0.47,23,0.91,24,0.59,22,0.90,25,1.10,22,0.78,23,0.58,0.00
D,50,Nedeljkovic,4.0,4.0,Aston Villa,11,0.46,7,0.24,5,0.20,6,0.24,6,0.18,9,0.24,8,0.33,9,0.27,8,0.33,9,0.38,8,0.32,8,0.24,0.02
G,51,Olsen,4.5,4.5,Aston Villa,0,0.00,1,0.05,3,0.10,3,0.13,3,0.12,3,0.11,4,0.15,4,0.15,5,0.21,5,0.20,4,0.16,4,0.13,0.00
D,52,Pau,4.5,4.5,Aston Villa,88,3.26,81,2.52,78,2.55,75,2.88,75,1.59,74,1.33,73,2.84,70,1.53,71,2.76,70,3.04,71,2.34,71,1.63,0.01
M,53,Ramsey,5.5,5.5,Aston Villa,64,3.08,64,2.91,55,2.44,50,2.69,46,1.99,48,1.87,48,2.47,48,2.02,48,2.54,48,2.82,48,2.23,48,1.88,0.00
M,54,Rogers,5.2,5.1,Aston Villa,80,4.02,78,3.65,76,3.41,73,3.96,72,2.97,72,2.68,71,3.69,70,2.89,69,3.73,67,4.10,69,3.21,69,2.61,0.78
G,55,Sinisalo,4.0,4.0,Aston Villa,0,0.00,0,0.00,0,0.00,0,0.00,0,0.00,0,0.00,0,0.00,0,0.00,0,0.00,0,0.00,0,0.00,0,0.00,0.00
D,56,Sousa,4.0,4.0,Aston Villa,0,0.00,0,0.00,0,0.00,0,0.00,0,0.00,0,0.00,0,0.00,0,0.00,0,0.00,0,0.00,0,0.00,0,0.00,0.00
M,57,Tielemans,5.5,5.5,Aston Villa,82,3.41,79,3.22,76,2.93,73,3.29,70,2.53,70,2.35,70,3.08,70,2.56,68,3.03,66,3.24,68,2.70,68,2.32,0.00
F,58,Watkins,9.0,9.0,Aston Villa,84,4.84,83,4.54,82,4.23,81,5.22,80,3.90,79,3.53,79,4.87,80,3.82,79,5.01,80,5.87,78,4.17,77,3.29,0.09
D,59,Aarons,4.4,4.4,Bournemouth,10,0.43,14,0.55,17,0.47,20,0.59,19,0.48,18,0.60,20,0.70,23,0.83,23,0.69,23,0.87,22,0.85,23,0.60,0.00
M,60,Adams,4.9,4.9,Bournemouth,0,0.00,0,0.00,0,0.00,0,0.00,12,0.38,26,0.82,32,1.02,31,0.98,31,0.97,32,1.00,33,1.05,31,0.93,0.00
M,61,Anthony,4.5,4.5,Bournemouth,0,0.00,0,0.00,0,0.00,0,0.00,0,0.00,0,0.00,0,0.00,0,0.00,0,0.00,0,0.00,0,0.00,0,0.00,0.00
M,62,Brooks,4.9,4.9,Bournemouth,3,0.27,4,0.31,6,0.35,7,0.41,8,0.41,8,0.48,8,0.51,7,0.47,9,0.52,9,0.58,8,0.54,8,0.46,0.00
M,63,Christie,4.9,4.9,Bournemouth,67,2.86,67,2.55,64,2.05,62,2.08,58,1.79,54,1.95,54,2.05,55,2.11,53,1.95,56,2.11,55,2.20,53,1.81,0.00
M,64,Cook,5.0,5.0,Bournemouth,89,2.99,85,2.56,81,2.11,77,2.07,74,1.87,73,2.09,73,2.14,71,2.10,72,2.07,70,2.13,70,2.22,72,1.92,0.00
F,65,Enes Ünal,5.4,5.4,Bournemouth,27,2.03,29,1.87,32,1.53,33,1.74,32,1.51,31,1.78,33,1.99,33,1.96,34,1.96,34,2.05,33,2.16,34,1.82,0.00
M,66,Faivre,5.0,5.0,Bournemouth,0,0.00,0,0.00,0,0.00,0,0.00,0,0.00,0,0.00,0,0.00,0,0.00,0,0.00,0,0.00,0,0.00,0,0.00,0.00
M,67,H.Traorè,4.5,4.5,Bournemouth,0,0.00,0,0.00,0,0.00,0,0.00,0,0.00,0,0.00,0,0.00,0,0.00,0,0.00,0,0.00,0,0.00,0,0.00,0.00
D,68,Hill,4.0,4.0,Bournemouth,0,0.00,2,0.05,3,0.07,3,0.07,4,0.07,5,0.13,5,0.14,6,0.17,6,0.14,8,0.24,8,0.26,7,0.15,0.00
F,69,Jebbison,4.5,4.5,Bournemouth,0,0.00,0,0.00,0,0.00,0,0.00,0,0.00,0,0.00,0,0.00,0,0.00,0,0.00,0,0.00,0,0.00,0,0.00,0.01
D,70,Kerkez,4.5,4.5,Bournemouth,83,3.58,80,2.91,77,1.92,73,1.90,74,1.55,75,2.32,73,2.50,72,2.53,71,1.91,72,2.66,70,2.64,70,1.62,0.00
M,71,Kluivert,5.4,5.4,Bournemouth,55,3.64,52,3.07,51,2.27,51,2.42,51,2.17,49,2.51,50,2.69,48,2.60,48,2.54,48,2.60,47,2.81,49,2.28,0.00
D,72,Mepham,4.4,4.4,Bournemouth,0,0.00,0,0.00,0,0.00,0,0.00,0,0.00,0,0.00,0,0.00,0,0.00,0,0.00,0,0.00,0,0.00,0,0.00,0.00
G,73,Neto,4.3,4.3,Arsenal,24,1.13,2,0.10,0,0.00,3,0.14,4,0.15,4,0.17,4,0.17,4,0.17,4,0.15,3,0.12,4,0.18,3,0.13,0.00
M,74,O.Dango,5.0,5.0,Bournemouth,31,1.94,34,1.83,36,1.57,38,1.73,39,1.62,36,1.75,38,1.92,38,1.90,38,1.89,38,1.99,40,2.12,39,1.75,0.00
G,75,Paulsen,4.0,4.0,Bournemouth,0,0.00,0,0.00,0,0.00,0,0.00,0,0.00,0,0.00,0,0.00,0,0.00,0,0.00,0,0.00,0,0.00,0,0.00,0.01
M,76,Philip,4.8,4.8,Bournemouth,16,0.96,20,1.05,23,0.98,28,1.23,26,1.02,25,1.16,22,1.08,23,1.14,22,1.07,24,1.19,25,1.30,24,1.05,0.00
M,77,Scott,4.9,4.9,Bournemouth,44,2.04,45,1.85,50,1.70,50,1.74,46,1.53,44,1.65,41,1.64,42,1.69,43,1.65,42,1.68,42,1.75,42,1.51,0.00
M,78,Semenyo,5.6,5.6,Bournemouth,78,4.61,77,3.97,74,2.85,73,3.05,72,2.66,70,3.17,71,3.40,70,3.40,69,3.24,68,3.32,69,3.56,67,2.70,0.03
D,79,Senesi,4.8,4.8,Bournemouth,70,2.86,68,2.36,68,1.65,69,1.65,66,1.29,66,1.94,65,2.09,65,2.20,65,1.63,61,2.19,60,2.15,63,1.35,0.00
M,80,Sinisterra,5.0,5.0,Bournemouth,19,1.26,19,1.15,22,1.09,23,1.17,25,1.14,28,1.44,26,1.46,26,1.44,26,1.45,26,1.48,27,1.59,26,1.27,0.00
D,81,Smith,4.5,4.5,Bournemouth,35,1.44,36,1.30,38,1.02,38,1.02,38,0.86,37,1.16,38,1.28,37,1.27,36,1.00,37,1.32,39,1.38,38,0.90,0.00
F,82,Solanke,7.5,7.5,Spurs,86,4.60,85,4.66,81,5.67,76,4.27,75,4.77,74,5.52,74,2.98,73,4.88,72,4.36,73,4.54,74,4.94,73,4.04,0.28
M,83,Tavernier,5.5,5.5,Bournemouth,78,4.55,76,3.80,73,2.83,73,2.99,72,2.63,70,3.16,70,3.31,72,3.38,71,3.25,70,3.38,69,3.55,71,2.83,0.00
G,84,Travers,4.4,4.4,Bournemouth,1,0.06,1,0.05,3,0.11,4,0.12,3,0.11,4,0.13,4,0.14,4,0.15,6,0.19,5,0.20,4,0.17,5,0.17,0.00
D,85,Zabarnyi,4.5,4.5,Bournemouth,87,3.08,84,2.54,81,1.69,79,1.66,79,1.35,78,1.97,78,2.19,77,2.31,76,1.62,76,2.33,76,2.35,76,1.38,0.00
D,86,Ajer,4.5,4.5,Brentford,59,2.18,60,2.43,58,1.38,55,2.44,52,1.69,51,1.97,54,1.86,53,2.24,54,1.44,52,1.62,51,1.10,52,2.08,0.00
M,87,Brierley,4.5,4.5,Brentford,1,0.08,0,0.00,0,0.00,0,0.00,0,0.00,0,0.00,0,0.00,0,0.00,0,0.00,0,0.00,0,0.00,0,0.00,0.00
D,88,Collins,4.5,4.5,Brentford,83,2.86,82,3.22,78,1.67,74,3.08,74,2.15,74,2.70,72,2.31,71,2.87,70,1.69,68,1.93,71,1.32,71,2.67,0.00
M,89,Damsgaard,5.0,5.0,Brentford,71,3.12,68,2.96,60,2.22,50,2.46,45,1.85,46,2.17,46,1.98,45,2.18,46,1.77,45,2.00,44,1.69,44,2.03,0.00
M,90,Dasilva,4.9,4.9,Brentford,0,0.00,0,0.00,15,0.61,22,1.12,23,1.04,23,1.15,24,1.12,24,1.19,22,0.97,24,1.13,23,0.97,25,1.17,0.00
G,91,Flekken,4.5,4.5,Brentford,94,3.54,93,3.72,93,3.18,92,3.76,91,3.31,90,3.44,91,3.40,91,3.68,91,3.18,91,3.19,92,3.11,91,3.57,0.28
D,92,Henry,4.4,4.4,Brentford,0,0.00,0,0.00,33,0.81,64,2.88,77,2.40,75,2.89,75,2.59,73,3.15,73,1.90,74,2.24,73,1.50,72,2.84,0.00
D,93,Hickey,4.4,4.4,Brentford,0,0.00,0,0.00,0,0.00,0,0.00,0,0.00,0,0.00,0,0.00,0,0.00,0,0.00,0,0.00,0,0.00,0,0.00,0.00
M,94,Janelt,4.9,4.9,Brentford,83,2.78,79,2.67,76,2.19,71,2.65,70,2.21,71,2.46,70,2.32,69,2.51,68,2.04,66,2.19,65,1.91,67,2.31,0.00
M,95,Jensen,5.4,5.4,Brentford,0,0.00,0,0.00,27,0.98,59,2.59,67,2.42,65,2.72,65,2.50,67,2.90,66,2.28,65,2.49,66,2.20,64,2.60,0.00
D,96,Ji-soo,4.0,4.0,Brentford,0,0.00,1,0.03,2,0.03,1,0.03,2,0.04,2,0.05,2,0.05,3,0.08,2,0.05,3,0.06,2,0.04,2,0.06,0.00
M,97,Konak,4.5,4.5,Brentford,20,0.84,17,0.73,11,0.45,6,0.27,4,0.21,6,0.27,5,0.24,5,0.25,5,0.22,4,0.18,5,0.24,5,0.26,0.00
M,98,Lewis-Potter,5.0,5.0,Brentford,68,3.49,65,3.30,52,2.25,44,2.69,39,1.97,37,2.21,37,1.99,35,2.08,34,1.58,31,1.69,33,1.53,36,1.94,0.00
M,99,Mbeumo,7.2,7.2,Brentford,89,6.16,86,5.79,83,4.31,82,6.00,81,4.48,79,5.51,77,4.66,75,5.33,75,3.83,75,4.74,74,3.73,74,4.88,0.19
D,100,Mee,4.4,4.4,Brentford,15,0.56,20,0.85,18,0.48,16,0.69,18,0.59,18,0.74,19,0.71,19,0.83,20,0.57,19,0.63,20,0.49,20,0.82,0.00
M,101,Nørgaard,4.9,4.9,Brentford,65,2.21,83,2.77,80,2.25,77,2.80,75,2.35,73,2.55,72,2.32,69,2.55,70,2.02,73,2.34,73,2.01,71,2.38,0.00
M,102,Onyeka,4.9,4.9,Brentford,0,0.00,0,0.00,0,0.00,0,0.00,0,0.00,0,0.00,0,0.00,0,0.00,0,0.00,0,0.00,0,0.00,0,0.00,0.00
M,103,Peart-Harris,4.5,4.5,Brentford,0,0.00,0,0.00,0,0.00,0,0.00,0,0.00,0,0.00,0,0.00,0,0.00,0,0.00,0,0.00,0,0.00,0,0.00,0.00
D,104,Pinnock,4.5,4.5,Brentford,90,3.10,86,3.33,84,1.78,82,3.52,81,2.40,81,2.93,79,2.61,78,3.20,80,1.95,79,2.23,79,1.49,80,2.96,0.02
D,105,Roerslev,4.5,4.5,Brentford,65,2.43,61,2.55,54,1.37,49,2.26,49,1.64,50,2.02,47,1.74,49,2.21,48,1.38,48,1.59,51,1.20,48,2.00,0.00
M,106,Schade,5.4,5.4,Brentford,63,3.48,66,3.63,61,2.72,57,3.54,56,2.68,57,3.28,45,2.39,41,2.40,39,1.82,38,2.07,37,1.69,39,2.18,0.00
F,107,Thiago,5.9,5.9,Brentford,0,0.00,0,0.00,0,0.00,0,0.00,0,0.00,0,0.00,0,0.00,0,0.00,0,0.00,0,0.00,0,0.00,0,0.00,0.00
F,108,Toney,7.3,7.3,Brentford,0,0.00,0,0.00,0,0.00,0,0.00,0,0.00,0,0.00,0,0.00,0,0.00,0,0.00,0,0.00,0,0.00,0,0.00,0.00
G,109,Valdimarsson,4.0,4.0,Brentford,0,0.00,2,0.08,2,0.07,3,0.12,4,0.14,4,0.16,4,0.15,3,0.13,3,0.11,4,0.14,3,0.10,4,0.15,0.41
F,110,Wissa,6.0,6.0,Brentford,0,0.00,0,0.00,0,0.00,0,0.00,0,0.00,0,0.00,26,1.39,56,3.27,65,2.97,65,3.43,66,2.84,67,3.68,0.01
M,111,Yarmoliuk,4.5,4.5,Brentford,40,1.63,37,1.53,27,1.05,15,0.72,12,0.50,14,0.67,13,0.60,12,0.57,13,0.53,12,0.55,13,0.53,13,0.57,0.00
D,112,Zanka,4.5,4.5,Brentford,0,0.00,0,0.00,0,0.00,0,0.00,0,0.00,0,0.00,0,0.00,0,0.00,0,0.00,0,0.00,0,0.00,0,0.00,0.00
M,113,Adingra,5.5,5.5,Brighton,32,1.55,33,1.74,28,1.39,27,1.71,30,1.34,31,1.35,29,1.54,27,1.73,30,1.53,30,1.60,28,1.58,28,1.44,0.00
M,114,Baker-Boaitey,4.5,4.5,Brighton,0,0.00,0,0.00,0,0.00,0,0.00,0,0.00,0,0.00,0,0.00,0,0.00,0,0.00,0,0.00,0,0.00,0,0.00,0.00
M,115,Baleba,5.0,5.0,Brighton,63,1.84,60,1.91,59,1.77,55,1.99,55,1.50,51,1.47,51,1.63,52,1.89,50,1.58,52,1.70,50,1.71,50,1.57,0.00
D,116,Barco,4.0,4.0,Brighton,0,0.00,0,0.00,0,0.00,0,0.00,0,0.00,0,0.00,0,0.00,0,0.00,0,0.00,0,0.00,0,0.00,0,0.00,0.31
M,117,Buonanotte,5.0,5.0,Leicester,31,1.13,31,1.42,33,1.53,33,1.52,32,1.41,34,1.33,34,1.43,33,1.40,33,1.52,0,0.00,35,1.40,34,1.61,0.00
M,118,Cozier-Duberry,4.5,4.5,Brighton,0,0.00,0,0.00,0,0.00,0,0.00,0,0.00,0,0.00,0,0.00,0,0.00,0,0.00,0,0.00,0,0.00,0,0.00,0.00
M,119,Dahoud,4.9,4.9,Brighton,0,0.00,0,0.00,0,0.00,0,0.00,0,0.00,0,0.00,0,0.00,0,0.00,0,0.00,0,0.00,0,0.00,0,0.00,0.00
D,120,Dunk,4.6,4.5,Brighton,91,2.22,90,2.64,88,2.30,87,4.12,87,1.63,86,2.04,85,2.90,84,4.01,84,2.89,84,3.27,84,3.50,83,2.74,0.45
M,121,Enciso,5.4,5.4,Brighton,21,1.11,17,0.99,11,0.63,10,0.66,13,0.63,12,0.60,14,0.77,14,0.97,14,0.81,15,0.84,15,0.92,14,0.76,0.00
D,122,Estupiñan,5.0,5.0,Brighton,59,1.86,66,2.46,62,2.06,58,3.14,56,1.44,57,1.73,56,2.32,57,3.17,57,2.34,57,2.62,54,2.67,58,2.28,0.00
F,123,Ferguson,5.5,5.5,Brighton,25,1.46,25,1.66,19,1.12,19,1.39,20,1.07,19,0.97,21,1.29,22,1.68,20,1.18,21,1.33,21,1.37,21,1.29,0.00
M,124,Gilmour,5.0,5.0,Brighton,0,0.00,0,0.00,0,0.00,0,0.00,0,0.00,0,0.00,0,0.00,0,0.00,0,0.00,0,0.00,0,0.00,0,0.00,0.00
M,125,Gross,6.5,6.5,Brighton,0,0.00,0,0.00,0,0.00,0,0.00,0,0.00,0,0.00,0,0.00,0,0.00,0,0.00,0,0.00,0,0.00,0,0.00,0.00
M,126,Hinshelwood,5.0,5.0,Brighton,41,1.47,41,1.62,37,1.39,36,1.63,36,1.20,34,1.15,37,1.39,39,1.70,37,1.42,37,1.41,38,1.49,38,1.42,0.00
M,127,I.Osman,5.0,5.0,Brighton,0,0.00,0,0.00,0,0.00,0,0.00,0,0.00,0,0.00,0,0.00,0,0.00,0,0.00,0,0.00,0,0.00,0,0.00,0.00
D,128,Igor,4.4,4.4,Brighton,7,0.17,8,0.24,10,0.28,11,0.46,13,0.29,12,0.32,13,0.44,15,0.60,13,0.44,13,0.49,13,0.49,15,0.47,0.00
F,129,João Pedro,5.6,5.5,Brighton,0,0.00,23,1.41,68,3.61,69,4.74,67,3.09,67,3.04,64,3.63,64,4.80,63,3.33,65,3.85,66,4.07,65,3.64,0.84
M,130,Kozlowski,4.5,4.5,Brighton,0,0.00,0,0.00,0,0.00,0,0.00,0,0.00,0,0.00,0,0.00,0,0.00,0,0.00,0,0.00,0,0.00,0,0.00,0.00
D,131,Lamptey,4.5,4.5,Brighton,10,0.38,9,0.40,8,0.34,7,0.42,8,0.30,7,0.30,9,0.40,7,0.42,10,0.41,9,0.42,9,0.44,10,0.41,0.00
M,132,March,6.5,6.5,Brighton,0,0.00,0,0.00,8,0.44,19,1.27,23,1.13,23,1.11,24,1.37,24,1.63,25,1.34,23,1.32,25,1.53,24,1.33,0.00
M,133,Mazilu,4.5,4.5,Brighton,0,0.00,0,0.00,0,0.00,0,0.00,0,0.00,0,0.00,0,0.00,0,0.00,0,0.00,0,0.00,0,0.00,0,0.00,0.00
M,134,Milner,5.0,5.0,Brighton,0,0.00,0,0.00,7,0.27,15,0.68,17,0.67,20,0.76,20,0.82,21,0.95,23,0.92,21,0.90,21,0.93,21,0.85,0.00
M,135,Minteh,5.5,5.5,Brighton,65,2.94,59,3.16,57,2.85,53,3.33,52,2.24,50,2.13,48,2.54,52,3.44,50,2.48,50,2.74,49,2.80,50,2.58,0.12
M,136,Mitoma,6.7,6.7,Brighton,84,3.44,81,3.79,77,3.33,75,4.17,73,2.74,73,2.74,73,3.33,72,4.24,71,3.17,73,3.44,72,3.69,71,3.18,0.02
M,137,Moder,4.4,4.4,Brighton,1,0.09,2,0.12,0,0.00,1,0.11,0,0.00,0,0.00,1,0.09,2,0.13,2,0.11,2,0.14,3,0.19,2,0.13,0.00
F,138,O’Mahony,4.5,4.5,Brighton,0,0.00,0,0.00,0,0.00,0,0.00,0,0.00,0,0.00,0,0.00,0,0.00,0,0.00,0,0.00,0,0.00,0,0.00,0.00
D,139,Offiah,4.0,4.0,Brighton,0,0.00,0,0.00,0,0.00,0,0.00,0,0.00,0,0.00,0,0.00,0,0.00,0,0.00,0,0.00,0,0.00,0,0.00,0.00
M,140,Peupion,4.5,4.5,Brighton,0,0.00,0,0.00,0,0.00,0,0.00,0,0.00,0,0.00,0,0.00,0,0.00,0,0.00,0,0.00,0,0.00,0,0.00,0.00
M,141,Sarmiento,4.9,4.9,Brighton,0,0.00,0,0.00,0,0.00,0,0.00,0,0.00,0,0.00,0,0.00,0,0.00,0,0.00,0,0.00,0,0.00,0,0.00,0.00
G,142,Steele,4.5,4.5,Brighton,4,0.13,3,0.12,5,0.16,6,0.25,6,0.20,7,0.24,7,0.28,8,0.33,7,0.28,10,0.39,8,0.33,9,0.32,0.00
F,143,Undav,5.5,5.5,Brighton,0,0.00,0,0.00,0,0.00,0,0.00,0,0.00,0,0.00,0,0.00,0,0.00,0,0.00,0,0.00,0,0.00,0,0.00,0.00
D,144,Van Hecke,4.5,4.5,Brighton,91,1.95,89,2.28,86,2.00,85,3.64,83,1.40,82,1.80,81,2.50,82,3.51,81,2.54,80,2.84,80,3.03,79,2.35,0.00
D,145,Veltman,4.5,4.5,Brighton,63,1.56,57,1.71,56,1.52,52,2.40,50,1.06,54,1.35,51,1.78,48,2.23,49,1.75,48,1.84,51,2.10,50,1.67,0.00
G,146,Verbruggen,4.5,4.5,Brighton,91,3.17,92,3.15,90,3.12,89,3.67,88,2.92,88,2.88,87,3.31,87,3.56,88,3.31,85,3.40,86,3.44,86,3.19,0.04
D,147,Webster,4.4,4.4,Brighton,11,0.28,12,0.34,13,0.35,13,0.50,14,0.30,14,0.36,15,0.52,16,0.69,17,0.58,17,0.64,17,0.67,18,0.59,0.00
F,148,Welbeck,5.8,5.8,Brighton,67,3.32,57,3.34,48,2.46,50,3.08,47,2.04,44,1.96,45,2.37,45,3.07,48,2.42,45,2.46,44,2.58,45,2.31,0.02
M,149,Wieffer,4.9,4.9,Brighton,86,2.42,82,2.56,80,2.32,77,2.77,77,2.04,78,2.09,78,2.41,74,2.79,76,2.28,75,2.35,73,2.40,72,2.19,0.00
M,150,Andrey Santos,4.5,4.5,Chelsea,0,0.00,0,0.00,0,0.00,0,0.00,0,0.00,0,0.00,0,0.00,0,0.00,0,0.00,0,0.00,0,0.00,0,0.00,0.00
M,151,Ângelo,4.5,4.5,Chelsea,0,0.00,0,0.00,0,0.00,0,0.00,0,0.00,0,0.00,0,0.00,0,0.00,0,0.00,0,0.00,0,0.00,0,0.00,0.00
G,152,Arrizabalaga,4.5,4.5,Bournemouth,94,3.67,93,3.59,92,3.08,91,3.15,91,2.97,91,3.24,90,3.25,90,3.41,89,2.98,89,3.41,90,3.36,90,3.04,0.00
D,153,B.Badiashile,4.4,4.4,Chelsea,4,0.13,8,0.30,9,0.20,11,0.37,11,0.30,12,0.35,12,0.45,13,0.47,13,0.51,12,0.31,11,0.43,12,0.43,0.00
G,154,Bergström,4.0,4.0,Chelsea,0,0.00,0,0.00,0,0.00,0,0.00,0,0.00,0,0.00,0,0.00,0,0.00,0,0.00,0,0.00,0,0.00,0,0.00,0.00
G,155,Bettinelli,4.0,4.0,Chelsea,0,0.00,0,0.00,0,0.00,0,0.00,0,0.00,0,0.00,0,0.00,0,0.00,0,0.00,0,0.00,0,0.00,0,0.00,0.00
F,156,Broja,5.4,5.4,Everton,0,0.00,0,0.00,4,0.26,8,0.52,9,0.62,9,0.56,10,0.64,10,0.55,11,0.74,11,0.61,11,0.51,0,0.00,0.00
M,157,Caicedo,4.9,4.9,Chelsea,84,2.43,81,2.44,78,1.91,77,2.25,78,2.00,76,1.98,73,2.13,72,2.11,72,2.16,73,1.87,69,2.14,69,1.98,0.00
M,158,Casadei,4.5,4.5,Chelsea,0,0.00,0,0.00,0,0.00,0,0.00,0,0.00,0,0.00,0,0.00,0,0.00,0,0.00,1,0.10,0,0.00,1,0.10,0.00
D,159,Chalobah,4.4,4.4,Crystal Palace,24,0.76,55,1.13,73,2.24,71,1.77,70,2.30,73,2.66,67,1.66,64,1.81,62,2.15,63,1.28,64,1.59,64,1.53,0.00
D,160,Chilwell,4.8,4.8,Chelsea,5,0.23,6,0.28,5,0.17,6,0.27,5,0.19,5,0.21,6,0.31,6,0.27,6,0.33,5,0.20,5,0.28,5,0.25,0.00
M,161,Chukwuemeka,4.9,4.9,Chelsea,4,0.30,4,0.26,4,0.27,5,0.34,7,0.40,6,0.33,7,0.43,6,0.40,7,0.43,7,0.41,8,0.49,7,0.41,0.00
D,162,Colwill,4.5,4.5,Chelsea,88,3.27,84,3.58,82,1.68,80,2.74,79,2.14,80,2.34,80,3.11,79,2.89,80,3.13,80,1.87,81,3.29,79,2.97,0.01
D,163,Cucurella,5.0,5.0,Chelsea,88,3.37,85,3.78,80,1.57,74,2.64,73,1.99,72,2.13,70,2.84,71,2.74,71,2.93,74,1.76,72,3.17,74,2.89,0.00
F,164,D.D.Fofana,5.4,5.4,Chelsea,0,0.00,0,0.00,0,0.00,0,0.00,0,0.00,0,0.00,0,0.00,0,0.00,0,0.00,0,0.00,0,0.00,0,0.00,0.00
F,165,Deivid,5.0,5.0,Chelsea,0,0.00,0,0.00,0,0.00,0,0.00,0,0.00,0,0.00,0,0.00,0,0.00,0,0.00,0,0.00,0,0.00,0,0.00,0.00
M,166,Dewsbury-Hall,5.7,5.7,Chelsea,9,0.45,8,0.42,7,0.29,8,0.40,9,0.43,8,0.36,11,0.55,10,0.53,9,0.51,11,0.51,10,0.56,13,0.67,0.00
D,167,Disasi,4.4,4.4,Chelsea,8,0.27,12,0.45,12,0.28,11,0.36,12,0.32,11,0.33,12,0.45,13,0.47,14,0.53,12,0.32,15,0.59,15,0.57,0.00
M,168,Enzo,5.0,5.0,Chelsea,86,3.21,84,3.28,83,2.44,80,3.16,82,2.69,81,2.53,80,3.04,80,3.02,80,3.17,78,2.56,79,3.21,78,2.95,0.00
M,169,Gallagher,5.9,5.9,Chelsea,0,0.00,0,0.00,0,0.00,0,0.00,0,0.00,0,0.00,0,0.00,0,0.00,0,0.00,0,0.00,0,0.00,0,0.00,0.00
D,170,Gilchrist,4.0,4.0,Chelsea,0,0.00,0,0.00,0,0.00,0,0.00,0,0.00,0,0.00,0,0.00,0,0.00,0,0.00,0,0.00,0,0.00,0,0.00,0.00
D,171,Gusto,4.9,4.9,Chelsea,85,3.49,79,3.79,65,1.53,50,1.99,40,1.31,40,1.36,42,1.87,41,1.73,41,1.82,39,1.15,42,1.98,40,1.73,0.00
D,172,James,5.0,5.0,Chelsea,0,0.00,0,0.00,20,0.66,47,2.34,58,2.25,58,2.32,56,3.01,57,2.96,56,3.07,57,1.99,55,3.19,56,2.92,0.00
M,173,Kellyman,4.5,4.5,Chelsea,0,0.00,0,0.00,0,0.00,0,0.00,0,0.00,0,0.00,0,0.00,0,0.00,0,0.00,0,0.00,0,0.00,0,0.00,0.00
M,174,Lavia,4.5,4.5,Chelsea,17,0.63,29,1.09,32,1.04,33,1.21,33,1.10,34,1.11,35,1.25,35,1.25,35,1.26,36,1.16,37,1.34,36,1.26,0.00
F,175,Lukaku,6.3,6.3,Chelsea,0,0.00,0,0.00,0,0.00,0,0.00,0,0.00,0,0.00,0,0.00,0,0.00,0,0.00,0,0.00,0,0.00,0,0.00,0.00
D,176,M.Sarr,4.5,4.5,Chelsea,0,0.00,0,0.00,0,0.00,0,0.00,0,0.00,0,0.00,0,0.00,0,0.00,0,0.00,0,0.00,0,0.00,0,0.00,0.00
M,177,Madueke,6.6,6.6,Chelsea,57,3.23,56,3.26,55,2.46,55,3.24,60,2.89,54,2.48,53,3.03,53,3.07,52,3.16,52,2.48,52,3.24,53,3.00,0.01
F,178,Marc Guiu,4.9,4.9,Chelsea,3,0.27,4,0.36,5,0.35,6,0.52,9,0.61,7,0.48,7,0.56,8,0.62,8,0.63,8,0.55,8,0.68,9,0.64,0.00
M,179,Mudryk,6.3,6.3,Chelsea,8,0.56,10,0.66,11,0.61,11,0.75,23,1.33,14,0.73,14,0.87,14,0.89,13,0.92,15,0.88,14,0.96,14,0.92,0.00
F,180,N.Jackson,7.7,7.7,Chelsea,70,4.22,66,4.05,65,3.06,63,4.04,64,3.28,60,2.84,60,3.67,59,3.62,59,3.90,58,2.98,60,3.96,58,3.56,0.00
M,181,Nkunku,6.1,6.1,Chelsea,32,2.32,32,2.39,35,1.95,32,2.42,36,2.22,33,1.91,34,2.46,34,2.51,35,2.77,34,2.11,33,2.67,34,2.45,0.05
M,182,Palmer,10.6,10.6,Chelsea,87,6.60,82,6.38,81,4.28,81,6.46,80,4.91,80,4.53,78,5.83,77,5.92,79,6.17,78,4.67,76,6.44,77,5.57,0.09
G,183,Petrović,4.4,4.4,Chelsea,0,0.00,0,0.00,0,0.00,0,0.00,0,0.00,0,0.00,0,0.00,0,0.00,0,0.00,0,0.00,0,0.00,0,0.00,0.00
M,184,Renato Veiga,4.5,4.5,Chelsea,8,0.33,8,0.31,7,0.27,9,0.38,10,0.37,10,0.35,11,0.43,12,0.46,12,0.47,11,0.41,14,0.56,12,0.47,0.00
G,185,Sánchez,4.7,4.7,Chelsea,93,3.58,91,3.72,90,3.05,90,3.24,89,3.10,88,3.08,89,3.47,87,3.30,87,3.37,87,2.91,87,3.43,85,3.26,0.00
M,186,Sterling,6.8,6.8,Arsenal,34,2.71,39,3.03,40,2.58,41,2.34,39,2.38,0,0.00,40,2.80,39,2.45,39,2.63,38,2.32,40,3.07,40,2.44,0.00
D,187,Tosin,4.4,4.4,Chelsea,29,1.06,33,1.40,37,0.79,33,1.14,37,1.03,38,1.12,38,1.49,38,1.40,39,1.51,38,0.91,36,1.48,38,1.46,0.00
M,188,Ugochukwu,4.5,4.5,Southampton,49,1.51,49,1.36,48,1.59,41,1.18,42,1.42,42,1.36,43,1.28,43,1.28,0,0.00,44,1.31,44,1.32,42,1.28,0.00
D,189,W.Fofana,4.5,4.5,Chelsea,75,2.83,75,3.26,70,1.44,69,2.36,64,1.75,63,1.81,62,2.43,63,2.33,60,2.35,62,1.47,62,2.55,62,2.36,0.00
M,190,Ahamada,4.5,4.5,Crystal Palace,0,0.00,0,0.00,0,0.00,0,0.00,0,0.00,0,0.00,0,0.00,0,0.00,0,0.00,0,0.00,0,0.00,0,0.00,0.00
D,191,Andersen,4.4,4.4,Fulham,91,2.71,86,1.18,85,2.72,84,2.69,82,2.99,80,2.32,81,3.31,81,1.48,80,2.54,81,1.93,80,1.18,81,3.31,0.01
M,192,J.Ayew,5.3,5.3,Leicester,69,2.22,68,3.08,68,3.11,66,3.04,65,2.88,63,2.30,63,2.61,59,2.42,62,2.80,63,2.66,60,2.28,62,3.00,0.00
M,193,C.Doucouré,4.9,4.9,Crystal Palace,0,0.00,0,0.00,9,0.34,24,0.88,34,1.23,35,1.31,34,1.17,35,1.25,36,1.31,35,1.13,35,1.21,35,1.16,0.00
D,194,C.Richards,4.5,4.5,Crystal Palace,64,1.99,52,1.08,42,1.29,42,1.08,42,1.43,41,1.50,40,1.00,36,1.05,35,1.25,36,0.76,34,0.90,36,0.90,0.00
D,195,Chadi Riad,4.4,4.4,Crystal Palace,0,0.00,0,0.00,0,0.00,0,0.00,0,0.00,0,0.00,13,0.37,25,0.79,32,1.18,30,0.72,31,0.90,32,0.88,0.00
D,196,Clyne,4.4,4.4,Crystal Palace,19,0.66,18,0.50,18,0.63,20,0.62,19,0.69,20,0.79,20,0.63,19,0.64,22,0.81,19,0.51,21,0.66,23,0.70,0.00
M,197,Ebiowei,4.5,4.5,Crystal Palace,0,0.00,0,0.00,0,0.00,0,0.00,0,0.00,0,0.00,0,0.00,0,0.00,0,0.00,0,0.00,0,0.00,0,0.00,0.00
F,198,Edouard,5.4,5.4,Leicester,21,0.99,25,1.52,23,1.37,19,1.17,22,1.26,23,1.19,22,1.25,22,1.20,23,1.39,24,1.34,25,1.24,22,1.39,0.00
M,199,Eze,6.9,6.9,Crystal Palace,87,4.75,85,3.89,82,4.23,81,4.47,78,4.41,79,4.81,80,3.78,79,4.69,78,4.47,79,3.32,78,3.75,78,3.38,0.87
D,200,Guéhi,4.4,4.4,Crystal Palace,91,2.91,88,1.81,87,2.69,85,2.15,85,2.88,86,3.17,85,2.06,85,2.44,85,2.95,85,1.70,85,2.14,84,2.00,0.01
G,201,Henderson,4.5,4.5,Crystal Palace,94,3.41,92,3.01,92,3.32,91,3.05,90,3.41,91,3.43,90,3.10,90,3.13,90,3.40,90,2.86,90,3.11,90,2.98,0.60
D,202,Holding,4.4,4.4,Crystal Palace,2,0.06,2,0.04,2,0.05,3,0.06,3,0.08,3,0.09,2,0.05,1,0.03,0,0.00,1,0.02,1,0.03,0,0.00,0.00
M,203,Hughes,4.9,4.9,Crystal Palace,41,1.44,41,1.30,41,1.37,35,1.24,35,1.28,34,1.26,35,1.18,34,1.25,32,1.19,33,1.07,32,1.11,33,1.10,0.00
G,204,Johnstone,4.4,4.4,Wolves,93,2.95,91,3.27,90,2.83,88,2.89,89,3.23,87,3.29,88,3.06,87,3.18,87,3.12,86,2.93,85,3.29,86,3.12,0.00
M,205,Kamada,5.3,5.3,Crystal Palace,53,2.50,54,2.23,53,2.41,54,2.47,52,2.54,53,2.66,52,2.24,52,2.61,53,2.58,54,2.08,53,2.24,51,2.07,0.00
M,206,Lerma,4.9,4.9,Crystal Palace,39,1.41,40,1.30,37,1.32,33,1.19,31,1.16,30,1.19,31,1.11,30,1.13,32,1.25,31,1.03,31,1.07,32,1.08,0.00
F,207,Mateta,7.4,7.4,Crystal Palace,77,3.90,75,3.32,72,3.49,72,3.71,71,3.75,70,3.84,70,3.22,69,3.78,71,3.76,69,2.78,70,3.18,69,2.91,0.00
M,208,M.França,4.4,4.4,Crystal Palace,5,0.31,10,0.53,13,0.68,12,0.67,14,0.78,14,0.78,13,0.67,13,0.74,13,0.70,14,0.66,13,0.65,13,0.63,0.00
G,209,Matthews,4.0,4.0,Crystal Palace,0,0.00,0,0.00,2,0.08,0,0.00,0,0.00,0,0.00,0,0.00,0,0.00,0,0.00,0,0.00,0,0.00,0,0.00,0.06
D,210,Mitchell,4.9,4.9,Crystal Palace,86,2.79,84,1.77,81,2.53,82,2.15,82,2.79,82,3.06,79,1.99,80,2.38,79,2.81,79,1.62,80,2.01,80,1.97,0.00
D,211,Muñoz,4.9,4.9,Crystal Palace,88,3.09,84,1.94,82,2.78,81,2.33,81,3.02,80,3.28,79,2.20,80,2.63,78,3.04,78,1.71,75,2.13,75,1.95,0.05
M,212,Ozoh,4.5,4.5,Crystal Palace,0,0.00,0,0.00,0,0.00,0,0.00,0,0.00,0,0.00,0,0.00,0,0.00,0,0.00,0,0.00,0,0.00,0,0.00,0.00
M,213,Rak-Sakyi,4.5,4.5,Crystal Palace,0,0.00,0,0.00,0,0.00,0,0.00,0,0.00,0,0.00,0,0.00,0,0.00,0,0.00,0,0.00,0,0.00,0,0.00,0.00
M,214,Schlupp,4.8,4.8,Crystal Palace,5,0.32,7,0.36,8,0.43,7,0.40,8,0.44,8,0.43,10,0.47,8,0.45,9,0.47,9,0.42,8,0.42,9,0.43,0.00
D,215,Ward,4.4,4.4,Crystal Palace,7,0.23,9,0.24,11,0.38,12,0.37,12,0.44,13,0.49,11,0.33,13,0.43,12,0.46,12,0.33,13,0.41,13,0.39,0.00
M,216,Wharton,4.9,4.9,Crystal Palace,77,2.60,75,2.24,73,2.41,70,2.33,69,2.44,68,2.44,69,2.17,68,2.36,68,2.42,69,2.00,69,2.17,70,2.10,0.00
M,217,A.Doucoure,5.2,5.2,Everton,39,1.87,40,1.81,41,1.82,42,1.92,43,1.94,41,1.72,42,1.98,41,1.62,42,2.04,43,1.65,46,1.53,47,1.95,0.00
F,218,Beto,5.0,5.0,Everton,19,1.26,23,1.41,23,1.39,22,1.43,22,1.41,22,1.30,22,1.48,23,1.27,23,1.57,23,1.28,24,1.11,25,1.46,0.00
D,219,Branthwaite,4.8,4.8,Everton,59,1.86,85,2.22,84,2.54,82,2.67,80,2.33,80,1.89,80,2.51,80,1.40,80,2.87,79,1.38,79,1.05,78,1.74,0.00
F,220,Calvert-Lewin,6.0,6.0,Everton,82,4.56,77,4.08,72,3.83,71,3.97,69,3.89,70,3.46,69,3.98,68,3.07,67,4.09,67,3.16,68,2.52,69,3.54,0.13
D,221,Coleman,4.4,4.4,Everton,0,0.00,0,0.00,15,0.54,30,1.15,35,1.24,35,1.03,37,1.38,34,0.83,37,1.54,36,0.87,37,0.74,36,1.05,0.00
M,222,Gana,4.9,4.9,Everton,62,1.89,58,1.74,59,1.77,57,1.79,57,1.72,60,1.70,59,1.80,56,1.53,57,1.83,56,1.54,56,1.43,57,1.63,0.00
M,223,Garner,5.0,5.0,Everton,39,1.41,40,1.38,37,1.36,38,1.39,39,1.42,40,1.33,40,1.46,41,1.26,41,1.58,42,1.33,41,1.15,42,1.43,0.00
M,224,Harrison,5.3,5.3,Everton,57,2.68,55,2.51,55,2.45,55,2.54,54,2.55,51,2.18,50,2.44,54,2.13,53,2.66,53,2.12,53,1.79,54,2.29,0.00
D,225,Holgate,4.0,4.0,Everton,0,0.00,0,0.00,0,0.00,0,0.00,0,0.00,0,0.00,0,0.00,0,0.00,0,0.00,0,0.00,0,0.00,0,0.00,0.00
M,226,Iroegbunam,4.5,4.5,Everton,36,1.33,38,1.33,38,1.34,39,1.37,42,1.45,39,1.29,42,1.49,42,1.29,42,1.49,42,1.31,40,1.17,40,1.31,0.01
G,227,J.Virginia,4.0,4.0,Everton,0,0.00,1,0.04,1,0.04,2,0.08,2,0.07,2,0.06,2,0.06,2,0.06,2,0.08,2,0.05,1,0.05,2,0.05,0.03
D,228,Keane,4.0,4.0,Everton,37,1.26,13,0.40,15,0.49,18,0.62,17,0.57,18,0.50,19,0.65,20,0.43,18,0.69,21,0.46,22,0.37,24,0.61,0.00
F,229,Maupay,4.9,4.9,Everton,0,0.00,0,0.00,0,0.00,0,0.00,0,0.00,0,0.00,0,0.00,0,0.00,0,0.00,0,0.00,0,0.00,0,0.00,0.00
M,230,McNeil,5.4,5.4,Everton,84,3.79,81,3.46,81,3.44,80,3.60,79,3.43,78,3.08,78,3.58,79,2.87,77,3.74,77,2.84,76,2.35,75,3.06,0.01
D,231,Mykolenko,4.3,4.3,Everton,90,3.02,86,2.46,82,2.75,80,2.81,78,2.52,78,2.02,79,2.73,78,1.56,76,3.01,77,1.58,76,1.18,78,1.91,0.04
F,232,Ndiaye,5.4,5.4,Everton,69,3.01,70,2.98,70,2.96,66,2.90,66,2.92,67,2.69,67,3.02,67,2.49,64,3.05,65,2.51,64,2.09,65,2.72,0.00
M,233,Onana,5.2,5.2,Aston Villa,68,2.42,51,1.82,38,1.42,36,1.45,38,1.30,39,1.28,38,1.52,37,1.28,38,1.54,39,1.67,39,1.44,38,1.25,0.00
D,234,Patterson,4.4,4.4,Everton,5,0.18,19,0.59,25,0.84,20,0.73,17,0.58,19,0.56,19,0.68,20,0.49,20,0.76,20,0.49,20,0.42,20,0.57,0.00
G,235,Pickford,4.8,4.8,Everton,94,3.44,93,3.23,93,3.42,92,3.40,92,3.37,92,3.21,92,3.38,91,3.00,91,3.53,92,2.96,92,2.95,92,3.04,0.00
D,236,Tarkowski,4.8,4.8,Everton,92,2.92,90,2.40,88,2.71,86,2.79,88,2.60,87,2.03,86,2.78,86,1.48,85,3.15,83,1.48,82,1.09,81,1.79,0.00
F,237,Y. Chermiti,4.9,4.9,Everton,0,0.00,0,0.00,0,0.00,0,0.00,0,0.00,0,0.00,0,0.00,0,0.00,0,0.00,0,0.00,0,0.00,0,0.00,0.00
D,238,Young,4.5,4.5,Everton,82,2.97,74,2.25,63,2.22,55,2.05,56,1.92,55,1.57,54,1.99,54,1.21,53,2.21,55,1.22,54,0.95,53,1.44,0.00
M,239,Adama,5.1,5.1,Fulham,72,3.12,69,2.35,68,3.08,64,2.91,62,3.09,62,2.65,61,3.22,62,2.44,62,2.88,63,2.37,59,2.14,60,3.35,0.00
M,240,Andreas,5.3,5.3,Fulham,78,3.40,75,2.56,73,3.39,73,3.35,69,3.50,71,3.02,68,3.77,68,2.66,69,3.25,69,2.66,67,2.43,65,3.86,0.00
D,241,Bassey,4.5,4.5,Fulham,91,2.61,87,1.13,84,2.52,81,2.50,80,2.75,80,2.21,79,3.03,79,1.37,78,2.40,78,1.84,78,1.12,78,3.01,0.00
G,242,Benda,4.0,4.0,Fulham,1,0.06,2,0.08,4,0.14,3,0.12,3,0.14,4,0.14,3,0.14,4,0.14,4,0.16,5,0.17,5,0.17,6,0.24,0.01
M,243,Cairney,4.9,4.9,Fulham,9,0.46,11,0.47,13,0.63,15,0.69,15,0.76,16,0.74,17,0.88,17,0.76,17,0.82,25,1.01,18,0.75,20,1.04,0.00
D,244,Castagne,4.3,4.3,Fulham,11,0.37,16,0.31,19,0.68,21,0.76,23,0.91,23,0.78,27,1.21,26,0.63,29,1.07,27,0.79,27,0.59,28,1.30,0.00
D,245,Diop,4.5,4.5,Fulham,7,0.23,14,0.24,17,0.52,19,0.63,22,0.77,23,0.67,23,0.90,23,0.47,25,0.83,24,0.61,24,0.41,24,0.98,0.00
M,246,Harris,4.5,4.5,Fulham,0,0.00,0,0.00,0,0.00,0,0.00,0,0.00,0,0.00,0,0.00,0,0.00,0,0.00,0,0.00,0,0.00,0,0.00,0.00
M,247,Iwobi,5.5,5.5,Fulham,85,3.31,83,2.52,80,3.26,78,3.24,76,3.37,75,2.89,76,3.59,77,2.69,74,3.09,76,2.62,75,2.46,75,3.73,0.00
G,248,Leno,5.0,5.0,Fulham,94,3.45,93,3.07,91,3.37,92,3.53,91,3.54,91,3.36,91,3.67,91,3.01,91,3.41,90,3.07,90,2.95,89,3.56,0.00
M,249,Lukić,5.0,5.0,Fulham,50,1.80,45,1.44,42,1.61,43,1.64,45,1.81,41,1.51,43,1.79,43,1.48,43,1.61,47,1.57,43,1.40,44,1.90,0.00
D,250,Mbabu,4.0,4.0,Fulham,0,0.00,0,0.00,0,0.00,0,0.00,0,0.00,0,0.00,0,0.00,0,0.00,0,0.00,0,0.00,0,0.00,0,0.00,0.00
F,251,Muniz,5.9,5.9,Fulham,37,2.03,39,1.63,38,2.12,40,2.27,41,2.48,39,2.00,39,2.45,39,1.89,40,2.23,40,1.81,40,1.75,41,2.72,0.11
F,252,Raúl,5.4,5.4,Fulham,63,3.10,59,2.32,58,3.07,56,2.92,55,3.23,55,2.72,53,3.23,54,2.47,54,2.90,54,2.33,53,2.20,53,3.42,0.00
D,253,Ream,4.5,4.5,Fulham,0,0.00,0,0.00,0,0.00,0,0.00,0,0.00,0,0.00,0,0.00,0,0.00,0,0.00,0,0.00,0,0.00,0,0.00,0.00
M,254,Reed,4.9,4.9,Fulham,9,0.43,13,0.48,13,0.53,15,0.60,17,0.72,17,0.70,19,0.81,19,0.72,19,0.79,24,0.88,19,0.70,20,0.86,0.00
D,255,Robinson,4.7,4.7,Fulham,86,2.63,84,1.17,82,2.66,80,2.65,79,2.96,78,2.31,75,3.16,77,1.42,75,2.44,76,1.86,75,1.17,73,3.08,0.38
F,256,Stansfield,5.0,5.0,Fulham,0,0.00,0,0.00,0,0.00,0,0.00,0,0.00,0,0.00,0,0.00,0,0.00,0,0.00,0,0.00,0,0.00,0,0.00,0.00
D,257,Tete,4.5,4.5,Fulham,82,2.61,79,1.17,76,2.58,74,2.59,72,2.80,73,2.25,69,2.99,69,1.38,67,2.30,70,1.79,67,1.13,67,2.94,0.00
F,258,Vinicius,5.0,5.0,Fulham,2,0.12,4,0.24,6,0.40,5,0.39,6,0.45,7,0.46,8,0.55,8,0.47,8,0.51,8,0.46,8,0.46,7,0.55,0.00
M,259,Wilson,5.3,5.3,Fulham,9,0.56,11,0.54,13,0.77,15,0.89,17,1.06,17,0.93,17,1.11,17,0.89,19,1.08,28,1.28,19,0.96,18,1.21,0.00
F,260,Al-Hamadi,4.9,4.9,Ipswich,0,0.00,1,0.11,2,0.17,3,0.21,3,0.28,3,0.25,4,0.30,4,0.30,4,0.29,3,0.28,4,0.30,4,0.32,0.00
D,261,Baggott,4.0,4.0,Ipswich,0,0.00,0,0.00,0,0.00,0,0.00,0,0.00,0,0.00,0,0.00,0,0.00,0,0.00,0,0.00,0,0.00,0,0.00,0.00
M,262,Broadhead,4.9,4.9,Ipswich,9,0.54,10,0.59,11,0.66,12,0.63,14,0.79,14,0.68,15,0.80,14,0.73,15,0.81,15,0.86,16,0.87,17,0.94,0.00
D,263,Burgess,4.0,4.0,Ipswich,5,0.18,8,0.24,11,0.38,12,0.33,14,0.49,15,0.26,14,0.35,16,0.43,16,0.51,17,0.54,16,0.49,18,0.45,0.00
M,264,Burns,4.9,4.9,Ipswich,52,2.20,50,2.06,51,2.36,48,1.97,48,2.28,49,1.81,46,1.91,46,1.87,46,2.04,48,2.19,48,2.02,46,1.96,0.00
M,265,Chaplin,5.3,5.3,Ipswich,14,0.80,14,0.82,17,1.10,17,0.93,18,1.12,19,0.97,21,1.18,19,1.05,22,1.30,19,1.19,21,1.23,20,1.20,0.00
D,266,H.Clarke,4.0,4.0,Ipswich,0,0.00,1,0.04,3,0.10,2,0.06,3,0.11,4,0.09,5,0.15,4,0.12,4,0.14,4,0.12,4,0.15,5,0.15,0.00
D,267,Davis,4.5,4.5,Ipswich,87,2.71,83,2.51,82,3.47,79,2.33,77,3.36,79,1.40,77,2.29,77,2.38,77,2.88,76,2.88,75,2.56,75,2.23,0.00
F,268,Delap,5.5,5.5,Ipswich,64,3.14,62,2.96,61,3.39,59,2.78,59,3.28,56,2.43,55,2.63,57,2.61,55,2.79,55,2.90,53,2.64,55,2.80,0.00
D,269,Edmundson,4.0,4.0,Ipswich,0,0.00,0,0.00,0,0.00,0,0.00,0,0.00,0,0.00,0,0.00,0,0.00,0,0.00,0,0.00,0,0.00,0,0.00,0.00
D,270,Greaves,4.0,4.0,Ipswich,89,2.21,87,2.08,84,2.82,82,1.91,81,2.81,80,1.02,78,1.79,78,1.94,78,2.35,79,2.38,79,2.16,77,1.76,0.04
M,271,Harness,4.9,4.9,Ipswich,0,0.00,0,0.00,0,0.00,0,0.00,0,0.00,0,0.00,0,0.00,0,0.00,0,0.00,0,0.00,0,0.00,0,0.00,0.00
F,272,Hirst,5.4,5.4,Ipswich,30,1.68,30,1.67,31,1.87,32,1.67,30,1.87,32,1.53,33,1.76,31,1.61,34,1.90,33,1.90,34,1.82,33,1.84,0.00
M,273,Humphreys,4.5,4.5,Ipswich,0,0.00,0,0.00,0,0.00,0,0.00,0,0.00,0,0.00,0,0.00,0,0.00,0,0.00,0,0.00,0,0.00,0,0.00,0.00
M,274,Hutchinson,5.4,5.4,Ipswich,79,3.16,76,2.97,71,3.27,71,2.71,71,3.16,71,2.47,70,2.79,68,2.62,69,2.90,69,2.99,68,2.74,68,2.79,0.00
D,275,Johnson,4.0,4.0,Ipswich,30,0.93,33,0.97,34,1.32,36,1.04,38,1.48,36,0.68,37,1.03,37,1.09,38,1.31,39,1.35,40,1.29,38,1.05,0.13
F,276,Ladapo,4.5,4.5,Ipswich,0,0.00,0,0.00,0,0.00,0,0.00,0,0.00,0,0.00,0,0.00,0,0.00,0,0.00,0,0.00,0,0.00,0,0.00,0.00
M,277,Luongo,4.5,4.5,Ipswich,13,0.51,10,0.42,13,0.53,14,0.56,15,0.65,16,0.62,17,0.67,18,0.69,17,0.68,17,0.70,17,0.67,17,0.68,0.00
M,278,Morsy,4.9,4.9,Ipswich,85,2.17,80,2.04,75,2.10,71,1.80,71,2.03,70,1.64,69,1.76,70,1.77,72,1.94,73,2.03,72,1.87,72,1.85,0.00
D,279,Ndaba,4.0,4.0,Ipswich,0,0.00,0,0.00,0,0.00,0,0.00,0,0.00,0,0.00,0,0.00,0,0.00,0,0.00,0,0.00,0,0.00,0,0.00,0.00
G,280,Slicker,4.0,4.0,Ipswich,0,0.00,0,0.00,0,0.00,0,0.00,0,0.00,0,0.00,0,0.00,0,0.00,0,0.00,0,0.00,0,0.00,0,0.00,0.04
M,281,Taylor,4.9,4.9,Ipswich,5,0.28,4,0.23,5,0.33,8,0.39,8,0.41,10,0.43,9,0.42,9,0.41,10,0.46,8,0.42,9,0.43,9,0.42,0.00
D,282,Tuanzebe,4.0,4.0,Ipswich,73,1.86,70,1.76,67,2.32,67,1.62,66,2.34,65,0.90,65,1.58,64,1.65,65,2.00,64,1.98,64,1.82,64,1.50,0.00
G,283,Walton,4.5,4.5,Ipswich,2,0.06,2,0.09,4,0.14,4,0.14,4,0.15,5,0.16,5,0.16,5,0.17,5,0.20,6,0.21,6,0.21,5,0.16,0.00
D,284,Woolfenden,4.0,4.0,Ipswich,21,0.53,29,0.70,27,0.88,28,0.66,31,1.04,30,0.41,32,0.73,34,0.83,32,0.92,34,0.97,34,0.92,33,0.72,0.00
M,285,B.Soumaré,4.5,4.5,Leicester,2,0.07,4,0.13,5,0.17,7,0.24,6,0.20,6,0.19,7,0.22,7,0.23,9,0.29,11,0.36,8,0.25,8,0.28,0.00
F,286,Cannon,4.5,4.5,Leicester,0,0.00,0,0.00,0,0.00,0,0.00,0,0.00,0,0.00,0,0.00,0,0.00,0,0.00,0,0.00,0,0.00,0,0.00,0.01
M,287,Choudhury,4.4,4.4,Leicester,5,0.16,7,0.25,9,0.32,10,0.34,10,0.33,12,0.39,14,0.45,13,0.42,14,0.49,17,0.55,14,0.46,16,0.55,0.00
D,288,Coady,4.0,4.0,Leicester,7,0.12,10,0.29,5,0.13,6,0.18,7,0.20,10,0.21,8,0.17,7,0.18,10,0.30,10,0.27,9,0.19,11,0.37,0.00
F,289,Daka,4.9,4.9,Leicester,0,0.00,0,0.00,18,1.15,28,1.73,30,1.69,32,1.56,33,1.84,32,1.67,34,2.05,34,1.92,33,1.70,33,2.06,0.00
M,290,De Cordova-Reid,5.3,5.3,Leicester,12,0.52,13,0.72,13,0.73,13,0.72,15,0.81,15,0.76,16,0.85,17,0.90,17,0.95,18,0.95,17,0.83,17,1.00,0.00
D,291,Faes,4.1,4.1,Leicester,92,1.19,87,2.42,85,2.47,85,2.82,84,2.58,82,1.40,82,1.75,81,1.99,80,2.45,81,2.25,81,1.40,77,2.80,0.12
M,292,Golding,4.5,4.5,Leicester,0,0.00,0,0.00,0,0.00,0,0.00,0,0.00,0,0.00,0,0.00,0,0.00,0,0.00,0,0.00,0,0.00,0,0.00,0.00
G,293,Hermansen,4.5,4.5,Leicester,94,3.08,93,3.29,92,3.40,91,3.44,91,3.38,91,3.02,91,3.09,91,3.21,90,3.34,91,3.26,91,3.00,90,3.51,0.00
G,294,Iversen,4.0,4.0,Leicester,0,0.00,1,0.05,2,0.06,2,0.09,1,0.05,2,0.06,2,0.06,2,0.07,2,0.09,2,0.09,2,0.06,2,0.07,0.03
D,295,Justin,4.5,4.5,Leicester,85,1.22,80,2.40,77,2.47,76,2.75,75,2.42,72,1.42,71,1.73,72,1.93,70,2.35,70,2.13,70,1.37,69,2.74,0.00
D,296,Kristiansen,4.5,4.5,Leicester,81,1.20,78,2.33,75,2.38,72,2.58,73,2.40,73,1.43,72,1.71,70,1.91,70,2.28,69,2.12,70,1.34,69,2.69,0.00
M,297,Marcal,4.5,4.5,Leicester,0,0.00,0,0.00,0,0.00,0,0.00,0,0.00,0,0.00,0,0.00,0,0.00,0,0.00,0,0.00,0,0.00,0,0.00,0.00
M,298,Mavididi,5.3,5.3,Leicester,71,2.46,66,3.40,55,2.83,55,2.90,55,2.73,54,2.28,54,2.56,56,2.60,54,2.83,55,2.67,55,2.39,53,3.06,0.02
M,299,McAteer,4.9,4.9,Leicester,2,0.14,3,0.27,4,0.28,4,0.32,5,0.36,5,0.34,5,0.31,5,0.35,6,0.42,12,0.62,7,0.41,7,0.47,0.00
M,300,Ndidi,5.0,5.0,Leicester,76,1.97,73,2.37,71,2.30,71,2.39,67,2.20,70,2.01,69,2.10,69,2.13,67,2.23,67,2.18,66,1.92,65,2.29,0.00
D,301,Okoli,4.0,4.0,Leicester,91,1.11,85,2.29,79,2.22,79,2.52,77,2.31,76,1.29,76,1.60,74,1.80,73,2.15,74,1.99,75,1.24,74,2.57,0.00
D,302,Ricardo,4.3,4.3,Leicester,9,0.17,13,0.42,16,0.54,17,0.61,19,0.66,19,0.45,20,0.56,22,0.67,23,0.85,23,0.81,22,0.53,23,0.93,0.00
D,303,Souttar,4.0,4.0,Leicester,0,0.00,0,0.00,0,0.00,0,0.00,0,0.00,0,0.00,0,0.00,0,0.00,0,0.00,0,0.00,0,0.00,0,0.00,0.00
G,304,Stolarczyk,4.0,4.0,Leicester,0,0.00,0,0.00,0,0.00,0,0.00,0,0.00,0,0.00,0,0.00,0,0.00,0,0.00,0,0.00,0,0.00,0,0.00,0.01
D,305,Thomas,4.0,4.0,Leicester,14,0.32,16,0.52,18,0.61,20,0.73,19,0.66,20,0.50,20,0.57,20,0.62,21,0.72,21,0.72,21,0.53,21,0.82,0.00
F,306,Vardy,5.7,5.7,Leicester,79,2.86,76,4.36,69,3.78,67,3.75,64,3.32,61,2.74,61,3.11,62,2.95,58,3.38,57,3.02,58,2.71,60,3.66,0.15
D,307,Vestergaard,4.0,4.0,Leicester,0,0.00,7,0.21,21,0.64,20,0.69,22,0.72,23,0.45,26,0.61,27,0.73,27,0.89,26,0.77,25,0.49,29,1.06,0.00
G,308,Ward,4.0,4.0,Leicester,0,0.00,1,0.04,1,0.04,1,0.06,2,0.09,2,0.07,3,0.09,2,0.06,2,0.08,2,0.07,3,0.09,3,0.11,0.00
M,309,Winks,4.5,4.5,Leicester,82,1.95,79,2.39,77,2.30,74,2.28,74,2.19,73,1.92,73,2.04,72,2.01,71,2.18,73,2.10,71,1.87,70,2.29,0.29
G,310,A.Becker,5.5,5.5,Liverpool,36,1.54,86,3.57,93,3.54,92,3.33,92,3.79,91,3.69,91,3.80,90,3.30,91,3.38,90,3.76,90,3.94,90,3.22,0.01
D,311,Alexander-Arnold,7.1,7.1,Liverpool,84,4.73,80,4.17,78,3.79,77,2.58,76,4.25,74,4.06,75,4.39,76,2.88,73,3.07,74,4.12,72,4.42,75,2.75,0.78
M,312,Bajcetic,4.5,4.5,Liverpool,0,0.00,0,0.00,0,0.00,0,0.00,0,0.00,0,0.00,0,0.00,0,0.00,0,0.00,0,0.00,0,0.00,0,0.00,0.00
D,313,Bradley,4.8,4.8,Liverpool,16,0.79,19,0.95,22,1.03,21,0.78,23,1.22,23,1.21,24,1.29,24,0.94,26,1.10,25,1.29,27,1.50,25,1.00,0.00
M,314,Carvalho,4.8,4.8,Brentford,66,3.79,65,3.71,62,2.83,55,3.55,53,2.69,54,3.27,46,2.52,38,2.42,34,1.74,37,2.14,34,1.64,34,2.04,0.00
M,315,Clark,4.5,4.5,Liverpool,0,0.00,0,0.00,0,0.00,0,0.00,0,0.00,0,0.00,0,0.00,0,0.00,0,0.00,0,0.00,0,0.00,0,0.00,0.00
F,316,Darwin,7.2,7.2,Liverpool,49,3.39,48,3.04,50,3.28,48,2.20,47,3.10,47,3.20,48,3.45,47,2.35,48,2.92,48,3.21,48,3.40,50,2.78,0.00
M,317,Diogo J.,7.5,7.5,Liverpool,51,3.58,47,3.10,48,3.15,48,2.30,48,3.27,49,3.36,44,3.23,46,2.36,45,2.78,46,3.15,45,3.28,46,2.67,0.28
M,318,Doak,4.5,4.5,Liverpool,0,0.00,0,0.00,0,0.00,0,0.00,0,0.00,0,0.00,0,0.00,0,0.00,0,0.00,0,0.00,0,0.00,0,0.00,0.00
M,319,Elliott,5.2,5.2,Liverpool,0,0.00,0,0.00,7,0.37,16,0.76,20,1.18,21,1.21,22,1.32,23,1.07,23,1.23,24,1.35,23,1.37,20,1.05,0.00
M,320,Endo,4.8,4.8,Liverpool,12,0.52,14,0.62,13,0.58,13,0.53,14,0.62,15,0.64,17,0.75,17,0.65,17,0.69,16,0.67,16,0.70,16,0.63,0.00
F,321,Gakpo,7.2,7.2,Liverpool,22,1.59,27,1.70,26,1.72,29,1.42,28,1.82,28,1.87,31,2.19,30,1.53,30,1.83,30,1.95,32,2.16,30,1.75,0.00
D,322,Gomez,4.8,4.8,Liverpool,4,0.13,8,0.25,12,0.38,13,0.32,13,0.46,17,0.62,16,0.61,19,0.56,20,0.64,20,0.79,17,0.72,18,0.53,0.00
M,323,Gravenberch,5.0,5.0,Liverpool,79,3.21,78,2.97,76,2.94,73,2.27,72,2.90,71,2.83,70,2.94,69,2.28,68,2.50,69,2.75,70,2.91,69,2.39,0.00
M,324,Jones,5.3,5.3,Liverpool,25,1.25,24,1.18,28,1.32,24,0.98,25,1.24,25,1.23,27,1.38,27,1.11,27,1.22,28,1.34,27,1.36,28,1.20,0.00
G,325,Kelleher,4.4,4.4,Liverpool,58,2.44,9,0.35,2,0.08,3,0.12,3,0.13,4,0.16,4,0.17,4,0.16,4,0.14,5,0.20,5,0.21,4,0.16,0.00
D,326,Konaté,5.1,5.1,Liverpool,76,3.13,70,2.71,68,2.33,68,1.74,68,2.70,67,2.64,65,2.67,62,1.76,62,1.88,64,2.52,63,2.76,61,1.63,0.00
M,327,Luis Díaz,8.0,8.0,Liverpool,70,4.36,66,3.86,65,3.89,62,2.67,63,3.88,61,3.83,63,4.21,61,2.88,61,3.42,62,3.78,60,3.93,59,3.07,0.01
M,328,M.Salah,12.8,12.7,Liverpool,87,6.98,85,6.18,83,6.48,83,4.25,82,6.62,82,6.63,79,6.60,80,4.62,79,5.53,79,6.11,79,6.69,79,5.04,0.86
M,329,Mac Allister,6.3,6.3,Liverpool,83,3.63,82,3.33,78,3.34,79,2.49,77,3.42,77,3.42,76,3.58,76,2.61,75,3.00,74,3.23,75,3.49,75,2.76,0.00
M,330,McConnell,4.5,4.5,Liverpool,0,0.00,0,0.00,0,0.00,0,0.00,0,0.00,0,0.00,0,0.00,0,0.00,0,0.00,0,0.00,0,0.00,0,0.00,0.00
M,331,Morton,4.5,4.5,Liverpool,0,0.00,0,0.00,0,0.00,0,0.00,0,0.00,1,0.08,1,0.08,0,0.00,1,0.07,1,0.09,2,0.10,0,0.00,0.00
D,332,N.Phillips,4.0,4.0,Liverpool,0,0.00,0,0.00,0,0.00,0,0.00,0,0.00,0,0.00,0,0.00,0,0.00,0,0.00,0,0.00,0,0.00,0,0.00,0.00
D,333,Quansah,4.1,4.1,Liverpool,20,0.86,28,1.17,30,1.14,30,0.90,31,1.34,30,1.27,32,1.40,33,1.08,33,1.10,32,1.35,34,1.56,34,1.05,0.13
D,334,R.Williams,4.0,4.0,Liverpool,0,0.00,0,0.00,0,0.00,0,0.00,0,0.00,0,0.00,0,0.00,0,0.00,0,0.00,0,0.00,0,0.00,0,0.00,0.00
D,335,Robertson,6.0,6.0,Liverpool,84,4.43,80,4.02,77,3.52,76,2.44,77,3.94,76,3.92,75,4.09,74,2.64,73,2.92,72,3.78,73,4.15,74,2.62,0.25
M,336,Szoboszlai,6.5,6.5,Liverpool,75,4.13,73,3.77,69,3.69,67,2.62,64,3.56,65,3.63,64,3.73,61,2.61,62,3.10,62,3.44,62,3.57,63,2.98,0.00
D,337,Tsimikas,4.7,4.7,Liverpool,9,0.44,12,0.58,14,0.64,16,0.54,16,0.78,16,0.79,16,0.84,17,0.64,18,0.74,18,0.90,19,1.01,18,0.68,0.00
D,338,Van den Berg,4.0,4.0,Brentford,55,1.85,57,2.11,49,1.04,46,1.90,44,1.28,46,1.61,47,1.51,47,1.90,46,1.11,49,1.38,46,0.89,43,1.56,0.00
D,339,Virgil,6.0,6.0,Liverpool,92,3.95,88,3.64,85,3.03,84,2.20,83,3.42,82,3.38,82,3.57,82,2.37,82,2.52,82,3.45,81,3.77,82,2.24,0.01
D,340,Akanji,5.5,5.5,Man City,78,3.00,74,3.67,70,3.50,61,3.41,60,2.72,58,2.42,60,2.53,61,1.94,62,3.27,62,2.83,63,2.88,62,2.57,0.00
D,341,Aké,5.3,5.3,Man City,0,0.00,0,0.00,21,1.14,47,2.78,58,2.83,60,2.71,57,2.58,57,2.03,59,3.34,58,2.79,58,2.81,59,2.63,0.00
M,342,Bernardo,6.5,6.5,Man City,60,2.79,59,3.11,57,2.94,59,3.69,59,2.92,60,2.73,58,2.93,61,2.44,62,3.42,61,2.90,58,2.95,56,2.53,0.00
M,343,Bobb,4.8,4.8,Man City,0,0.00,0,0.00,0,0.00,0,0.00,0,0.00,0,0.00,0,0.00,0,0.00,0,0.00,0,0.00,9,0.63,18,1.15,0.00
G,344,Carson,4.0,4.0,Man City,0,0.00,0,0.00,0,0.00,0,0.00,0,0.00,0,0.00,0,0.00,0,0.00,0,0.00,0,0.00,0,0.00,0,0.00,0.00
M,345,De Bruyne,9.5,9.5,Man City,52,3.23,74,5.22,73,5.04,69,6.02,71,4.67,71,4.29,71,4.78,71,3.67,68,5.13,69,4.41,68,4.78,68,4.05,0.00
M,346,Doku,6.4,6.4,Man City,45,2.60,44,2.81,43,2.69,44,3.27,43,2.57,44,2.43,42,2.60,43,2.10,44,2.94,42,2.44,42,2.59,43,2.39,0.00
G,347,Ederson M.,5.5,5.5,Man City,92,3.60,91,4.07,90,4.04,89,4.28,89,3.78,89,3.63,88,3.55,87,3.20,86,4.06,87,3.73,88,3.72,87,3.52,0.02
M,348,Foden,9.3,9.3,Man City,78,4.93,75,5.39,76,5.24,74,6.42,73,4.87,74,4.39,76,5.08,76,3.88,73,5.47,74,4.70,76,5.13,75,4.39,0.00
M,349,Grealish,6.4,6.4,Man City,46,2.60,44,2.76,45,2.76,46,3.39,45,2.61,47,2.50,44,2.66,45,2.21,45,2.93,46,2.61,44,2.68,44,2.37,0.00
D,350,Gvardiol,5.9,5.9,Man City,84,3.45,81,4.34,73,3.94,66,4.09,66,3.24,63,2.79,64,2.96,63,2.13,60,3.53,62,2.97,62,3.06,63,2.85,0.09
F,351,Haaland,15.3,15.1,Man City,89,6.45,85,7.36,83,6.61,79,8.30,79,5.99,77,5.29,77,6.12,76,4.53,75,6.67,77,5.42,76,6.25,76,5.25,0.74
F,352,J.Alvarez,7.0,7.0,Man City,0,0.00,0,0.00,0,0.00,0,0.00,0,0.00,0,0.00,0,0.00,0,0.00,0,0.00,0,0.00,0,0.00,0,0.00,0.00
D,353,João Cancelo,5.3,5.3,Man City,0,0.00,0,0.00,0,0.00,0,0.00,0,0.00,0,0.00,0,0.00,0,0.00,0,0.00,0,0.00,0,0.00,0,0.00,0.00
M,354,Kovačić,5.5,5.5,Man City,58,2.18,56,2.32,54,2.25,53,2.44,56,2.20,53,2.01,54,2.12,52,1.81,54,2.30,51,2.01,52,2.09,52,1.97,0.00
D,355,Lewis,4.7,4.7,Man City,44,1.95,45,2.49,43,2.36,45,2.80,42,2.15,43,2.03,41,2.03,43,1.57,42,2.46,42,2.10,41,2.14,42,1.96,0.09
M,356,Matheus N.,4.9,4.9,Man City,13,0.67,16,0.85,17,0.90,19,1.18,19,0.97,19,0.93,21,1.09,21,0.95,23,1.26,22,1.10,20,1.07,20,0.99,0.00
M,357,McAtee,4.8,4.8,Man City,4,0.34,5,0.43,7,0.55,8,0.75,7,0.57,9,0.59,10,0.74,9,0.57,10,0.76,12,0.79,8,0.63,7,0.52,0.00
G,358,Ortega Moreno,5.3,5.3,Man City,3,0.10,4,0.16,5,0.22,6,0.27,6,0.27,6,0.26,7,0.28,8,0.29,8,0.39,8,0.33,6,0.28,8,0.33,0.00
M,359,Phillips,5.0,5.0,Ipswich,51,1.57,69,2.03,67,2.16,66,1.91,64,2.09,63,1.72,62,1.84,61,1.78,59,1.85,60,1.91,60,1.83,61,1.83,0.00
M,360,Rodrigo,6.4,6.4,Man City,0,0.00,0,0.00,0,0.00,0,0.00,0,0.00,0,0.00,0,0.00,0,0.00,0,0.00,0,0.00,0,0.00,0,0.00,0.00
D,361,Rúben,5.5,5.5,Man City,75,2.90,71,3.50,66,3.29,63,3.50,62,2.84,62,2.60,60,2.50,61,1.93,61,3.25,58,2.69,58,2.56,57,2.38,0.00
D,362,Stones,5.4,5.4,Man City,45,1.84,55,2.85,52,2.69,50,2.96,45,2.15,47,2.06,48,2.19,48,1.67,47,2.54,48,2.30,49,2.31,48,2.10,0.00
D,363,Walker,5.3,5.3,Man City,55,2.15,54,2.70,55,2.76,50,2.81,51,2.37,51,2.16,51,2.19,50,1.67,52,2.78,52,2.38,52,2.42,51,2.11,0.00
M,364,Amad,5.0,5.0,Man Utd,60,3.23,59,2.84,51,3.09,49,2.61,51,2.75,50,3.21,52,2.94,52,3.24,52,2.06,52,3.13,52,2.00,51,3.09,0.00
M,365,Antony,5.8,5.8,Man Utd,8,0.55,11,0.63,11,0.72,12,0.71,13,0.74,14,0.91,13,0.82,15,1.01,15,0.70,15,0.94,13,0.61,16,1.01,0.00
M,366,B.Fernandes,8.3,8.3,Man Utd,89,5.42,88,4.67,86,5.87,86,4.93,85,5.18,83,6.05,85,5.21,83,6.04,82,3.36,82,5.47,81,3.20,79,5.47,0.53
G,367,Bayindir,4.4,4.4,Man Utd,1,0.04,2,0.09,3,0.13,3,0.11,3,0.13,4,0.19,4,0.17,5,0.23,5,0.16,4,0.17,5,0.16,4,0.17,0.00
M,368,Casemiro,4.9,4.9,Man Utd,31,1.29,29,1.13,32,1.42,34,1.33,33,1.36,34,1.51,34,1.42,36,1.58,34,1.13,34,1.47,34,1.11,33,1.41,0.00
D,369,Dalot,5.0,5.0,Man Utd,90,2.88,85,2.69,79,3.52,76,2.61,76,2.60,76,3.78,73,3.13,73,3.55,73,1.63,73,3.33,73,1.30,72,3.19,0.00
M,370,Eriksen,5.4,5.4,Man Utd,36,1.80,31,1.46,28,1.62,27,1.38,27,1.42,28,1.68,30,1.64,32,1.82,31,1.24,33,1.85,31,1.25,31,1.76,0.00
D,371,Evans,4.4,4.4,Man Utd,2,0.05,2,0.06,2,0.06,2,0.07,3,0.09,3,0.10,3,0.10,3,0.12,4,0.10,4,0.13,4,0.10,4,0.14,0.00
M,372,Garnacho,6.4,6.4,Man Utd,54,2.97,51,2.57,65,3.82,65,3.34,63,3.34,62,3.89,62,3.50,60,3.81,61,2.37,63,3.76,64,2.35,62,3.73,0.01
M,373,Hannibal,4.5,4.5,Man Utd,0,0.00,0,0.00,0,0.00,0,0.00,0,0.00,0,0.00,0,0.00,0,0.00,0,0.00,0,0.00,0,0.00,0,0.00,0.00
G,374,Heaton,4.0,4.0,Man Utd,0,0.00,0,0.00,0,0.00,0,0.00,0,0.00,0,0.00,0,0.00,0,0.00,0,0.00,0,0.00,0,0.00,0,0.00,0.00
F,375,Højlund,6.9,6.9,Man Utd,29,1.84,36,1.97,35,2.34,36,2.12,35,2.05,36,2.52,36,2.24,37,2.53,36,1.63,36,2.41,36,1.54,40,2.64,0.00
D,376,Lindelof,4.3,4.3,Man Utd,6,0.18,12,0.39,8,0.32,9,0.29,8,0.28,10,0.43,10,0.39,11,0.46,10,0.27,12,0.50,12,0.29,11,0.42,0.00
D,377,Maguire,4.9,4.9,Man Utd,28,0.91,32,1.03,27,1.11,28,0.96,28,0.92,28,1.30,31,1.26,31,1.43,29,0.71,31,1.34,31,0.62,32,1.34,0.00
M,378,Mainoo,5.3,5.3,Man Utd,82,2.46,80,2.33,76,2.57,72,2.21,74,2.25,72,2.52,70,2.28,69,2.42,69,1.83,67,2.33,70,1.77,69,2.35,0.00
D,379,Malacia,4.4,4.4,Man Utd,0,0.00,0,0.00,4,0.19,8,0.30,11,0.40,11,0.51,13,0.53,14,0.61,14,0.40,13,0.56,12,0.32,15,0.64,0.00
D,380,Martinez,4.5,4.5,Man Utd,86,2.47,82,2.37,78,3.10,78,2.40,75,2.25,72,3.22,71,2.75,70,3.01,72,1.47,71,2.89,71,1.16,70,2.74,0.00
M,381,McTominay,4.9,4.9,Man Utd,0,0.00,0,0.00,0,0.00,0,0.00,0,0.00,0,0.00,0,0.00,0,0.00,0,0.00,0,0.00,0,0.00,0,0.00,0.00
M,382,Mount,6.3,6.3,Man Utd,28,1.59,28,1.43,28,1.66,31,1.63,30,1.68,31,1.95,32,1.78,31,1.91,33,1.41,32,1.92,32,1.32,33,2.01,0.00
G,383,Onana,5.0,5.0,Man Utd,94,3.25,93,3.30,92,3.63,92,3.39,92,3.26,91,3.75,91,3.54,89,3.67,90,2.95,90,3.60,90,2.94,91,3.56,0.00
M,384,Pellistri,5.0,5.0,Man Utd,0,0.00,0,0.00,0,0.00,0,0.00,0,0.00,0,0.00,0,0.00,0,0.00,0,0.00,0,0.00,0,0.00,0,0.00,0.00
M,385,Rashford,6.9,6.9,Man Utd,63,3.92,63,3.52,60,4.26,60,3.66,59,3.66,59,4.40,58,3.80,58,4.34,58,2.60,58,4.03,56,2.38,58,4.13,0.00
M,386,Sancho,6.3,6.3,Chelsea,53,2.99,50,2.89,50,2.24,51,2.98,0,0.00,49,2.27,48,2.72,51,2.87,50,2.95,47,2.31,50,3.02,50,2.80,0.00
D,387,Shaw,4.9,4.9,Man Utd,0,0.00,16,0.53,71,3.20,71,2.45,69,2.31,68,3.33,67,2.87,66,3.18,66,1.50,64,2.91,66,1.22,66,2.94,0.00
D,388,Wan-Bissaka,4.5,4.5,West Ham,76,2.10,73,2.86,71,1.24,72,2.02,69,2.07,70,2.68,67,1.40,68,1.61,67,2.19,69,2.73,67,1.86,66,2.06,0.00
F,389,Zirkzee,6.9,6.9,Man Utd,53,3.00,48,2.51,49,3.11,47,2.68,50,2.86,51,3.34,49,2.92,48,3.21,48,1.98,48,2.92,48,1.97,46,3.03,0.00
D,390,A.Murphy,4.0,4.0,Newcastle,0,0.00,0,0.00,0,0.00,0,0.00,0,0.00,0,0.00,0,0.00,1,0.04,1,0.05,0,0.00,0,0.00,0,0.00,0.00
M,391,Almirón,5.7,5.7,Newcastle,5,0.33,9,0.55,9,0.60,7,0.44,8,0.45,8,0.50,10,0.67,10,0.58,10,0.56,11,0.61,11,0.71,11,0.66,0.00
M,392,Barnes,6.5,6.5,Newcastle,62,2.75,61,3.43,59,3.40,57,2.79,58,2.71,54,3.02,55,3.53,54,2.90,54,2.75,53,2.98,53,3.55,54,3.26,0.00
D,393,Botman,4.4,4.4,Newcastle,0,0.00,0,0.00,0,0.00,0,0.00,0,0.00,0,0.00,0,0.00,0,0.00,0,0.00,0,0.00,0,0.00,0,0.00,0.00
M,394,Bruno G.,6.3,6.3,Newcastle,91,2.71,87,3.15,84,3.23,82,2.63,83,2.62,79,2.86,79,3.23,78,2.74,79,2.68,78,2.76,79,3.40,77,3.01,0.00
D,395,Burn,4.5,4.5,Newcastle,84,1.75,82,2.92,79,2.65,76,1.65,74,1.92,73,2.39,71,2.60,72,2.25,72,1.76,71,2.24,69,3.00,72,2.64,0.01
G,396,Dúbravka,4.3,4.3,Newcastle,0,0.00,0,0.00,0,0.00,0,0.00,0,0.00,0,0.00,1,0.04,0,0.00,0,0.00,1,0.04,0,0.00,0,0.00,0.00
M,397,Fraser,4.9,4.9,Southampton,25,1.22,29,1.13,29,1.55,29,1.09,30,1.57,27,1.31,29,1.25,27,1.21,30,1.39,31,1.33,29,1.34,31,1.38,0.00
M,398,Gordon,7.3,7.3,Newcastle,87,3.40,83,4.21,81,4.28,80,3.51,80,3.30,80,3.97,80,4.67,81,3.84,78,3.57,79,3.89,77,4.73,78,4.21,0.09
D,399,Hall,4.4,4.4,Newcastle,35,0.95,37,1.51,39,1.54,39,1.09,39,1.23,39,1.52,40,1.73,39,1.40,41,1.21,41,1.52,41,2.01,39,1.66,0.08
M,400,Hayden,4.5,4.5,Newcastle,3,0.17,5,0.27,5,0.30,5,0.28,7,0.32,6,0.32,7,0.36,9,0.39,8,0.36,8,0.38,8,0.38,9,0.41,0.00
F,401,Isak,8.3,8.3,Newcastle,89,4.31,86,5.09,82,5.35,78,4.19,78,3.76,76,4.50,76,5.38,75,4.32,74,4.17,74,4.37,76,5.63,74,4.78,0.35
M,402,J.Murphy,5.2,5.2,Newcastle,39,1.69,40,2.07,39,2.08,37,1.76,37,1.67,38,1.97,36,2.06,38,1.89,38,1.85,40,2.04,39,2.30,38,2.07,0.01
M,403,Joelinton,6.0,6.0,Newcastle,64,2.21,60,2.50,55,2.33,53,1.93,53,1.93,52,2.12,51,2.31,50,1.99,50,1.90,52,2.11,51,2.45,51,2.21,0.00
D,404,Kelly,4.5,4.5,Newcastle,54,1.36,55,2.08,54,1.97,54,1.32,51,1.49,53,1.86,53,2.08,53,1.77,54,1.43,53,1.78,54,2.40,55,2.14,0.00
D,405,Krafth,4.5,4.5,Newcastle,13,0.28,15,0.47,18,0.59,18,0.40,21,0.56,21,0.67,21,0.75,22,0.69,22,0.55,23,0.71,24,1.01,22,0.78,0.00
M,406,Kuol,4.5,4.5,Newcastle,0,0.00,0,0.00,0,0.00,0,0.00,0,0.00,0,0.00,0,0.00,1,0.11,0,0.00,0,0.00,1,0.13,0,0.00,0.00
D,407,Lascelles,4.5,4.5,Newcastle,0,0.00,0,0.00,0,0.00,0,0.00,0,0.00,0,0.00,0,0.00,0,0.00,0,0.00,0,0.00,0,0.00,0,0.00,0.00
D,408,Lewis,4.0,4.0,Newcastle,0,0.00,0,0.00,0,0.00,0,0.00,0,0.00,0,0.00,0,0.00,0,0.00,0,0.00,0,0.00,0,0.00,0,0.00,0.00
D,409,Livramento,4.5,4.5,Newcastle,38,1.11,39,1.62,36,1.51,39,1.15,40,1.32,42,1.65,42,1.85,40,1.52,39,1.22,39,1.50,41,2.01,38,1.66,0.00
M,410,Longstaff,4.8,4.8,Newcastle,40,1.41,38,1.52,36,1.50,35,1.31,35,1.27,40,1.58,39,1.64,39,1.52,39,1.44,39,1.53,39,1.76,38,1.56,0.00
M,411,Miley,5.0,5.0,Newcastle,0,0.00,0,0.00,2,0.13,6,0.28,7,0.34,9,0.43,10,0.50,9,0.41,11,0.50,10,0.48,10,0.49,11,0.53,0.00
G,412,Odysseas,4.4,4.4,Newcastle,1,0.04,2,0.06,3,0.10,3,0.11,3,0.12,3,0.12,3,0.12,3,0.11,4,0.13,4,0.13,5,0.22,4,0.14,0.00
G,413,Pope,5.0,5.0,Newcastle,94,3.11,93,3.56,92,3.39,91,3.05,91,3.10,91,3.29,91,3.43,91,3.28,90,2.98,90,3.24,89,3.62,90,3.43,0.00
G,414,Ruddy,4.0,4.0,Newcastle,0,0.00,0,0.00,0,0.00,0,0.00,0,0.00,0,0.00,0,0.00,0,0.00,0,0.00,0,0.00,0,0.00,0,0.00,0.00
D,415,Schär,5.4,5.4,Newcastle,90,1.88,86,3.13,85,2.94,84,1.77,82,2.11,84,2.74,83,3.17,83,2.57,81,1.98,81,2.57,80,3.51,82,3.04,0.00
D,416,Targett,4.0,4.0,Newcastle,0,0.00,0,0.00,1,0.05,1,0.04,2,0.06,2,0.08,2,0.08,2,0.10,3,0.09,2,0.07,3,0.16,2,0.10,0.00
M,417,Tonali,5.5,5.5,Newcastle,45,1.59,55,2.13,64,2.54,65,2.20,63,2.08,61,2.28,61,2.55,63,2.34,59,2.10,58,2.17,58,2.57,60,2.40,0.00
D,418,Trippier,5.7,5.7,Newcastle,67,1.90,67,3.05,68,3.03,68,1.95,67,2.23,65,2.72,65,3.20,65,2.57,66,2.10,66,2.66,64,3.63,66,3.12,0.00
M,419,White,4.5,4.5,Newcastle,0,0.00,0,0.00,0,0.00,0,0.00,0,0.00,0,0.00,0,0.00,0,0.00,0,0.00,0,0.00,0,0.00,0,0.00,0.00
M,420,Willock,4.8,4.8,Newcastle,33,1.38,32,1.54,31,1.58,32,1.43,30,1.30,32,1.54,34,1.80,32,1.50,34,1.52,34,1.62,33,1.82,35,1.77,0.00
F,421,Wilson,6.9,6.9,Newcastle,0,0.00,0,0.00,13,0.92,26,1.56,30,1.70,29,1.91,30,2.32,31,1.96,32,2.03,32,2.12,32,2.55,31,2.24,0.00
D,422,Aina,4.5,4.5,Nott'm Forest,78,2.99,75,1.83,73,2.85,74,2.67,70,2.64,70,2.20,70,1.29,70,3.18,69,1.02,69,1.65,74,2.52,68,2.14,0.01
M,423,Anderson,5.0,5.0,Nott'm Forest,69,2.67,69,2.23,57,2.21,59,2.19,71,2.59,57,2.16,54,1.65,52,2.23,51,1.55,52,1.80,51,1.98,51,1.90,0.00
F,424,Awoniyi,5.7,5.7,Nott'm Forest,15,1.01,16,0.91,15,0.99,15,0.89,18,1.24,18,1.16,16,0.77,16,1.22,16,0.76,16,0.91,16,1.05,18,1.08,0.00
D,425,Boly,4.4,4.4,Nott'm Forest,16,0.64,24,0.68,26,1.03,26,0.97,27,1.04,29,0.97,27,0.61,28,1.26,30,0.55,27,0.73,27,0.97,28,0.91,0.00
M,426,Bowler,4.5,4.5,Nott'm Forest,0,0.00,0,0.00,0,0.00,0,0.00,0,0.00,0,0.00,0,0.00,0,0.00,0,0.00,0,0.00,0,0.00,0,0.00,0.00
G,427,C.Miguel,4.3,4.3,Nott'm Forest,1,0.04,1,0.05,2,0.09,3,0.11,4,0.15,4,0.15,4,0.14,4,0.15,4,0.13,5,0.17,5,0.18,5,0.18,0.00
M,428,Da Silva Moreira,4.5,4.5,Nott'm Forest,1,0.12,3,0.20,1,0.12,2,0.18,5,0.39,2,0.18,2,0.15,2,0.15,2,0.15,2,0.12,2,0.16,1,0.10,0.00
M,429,Danilo,4.8,4.8,Nott'm Forest,0,0.00,0,0.00,0,0.00,0,0.00,0,0.00,0,0.00,0,0.00,0,0.00,0,0.00,0,0.00,0,0.00,14,0.57,0.00
F,430,Dennis,4.9,4.9,Nott'm Forest,0,0.00,1,0.10,1,0.09,1,0.10,3,0.23,2,0.14,2,0.11,2,0.14,1,0.11,2,0.16,2,0.18,2,0.15,0.00
M,431,Dominguez,4.9,4.9,Nott'm Forest,26,1.08,29,1.08,24,0.99,25,0.99,41,1.57,29,1.14,22,0.79,19,0.86,15,0.59,15,0.63,19,0.82,13,0.55,0.00
M,432,Elanga,5.3,5.3,Nott'm Forest,63,3.12,60,2.46,53,2.69,52,2.50,55,2.90,49,2.47,51,1.86,48,2.73,49,1.75,49,2.09,49,2.43,49,2.29,0.00
M,433,Gibbs-White,6.4,6.4,Nott'm Forest,0,0.00,0,0.00,75,3.59,75,3.42,77,3.92,74,3.52,73,2.41,72,3.92,72,2.30,72,2.85,72,3.34,72,3.16,0.06
M,434,Hudson-Odoi,5.4,5.4,Nott'm Forest,77,3.53,74,2.78,67,3.06,67,2.94,67,3.21,65,2.92,62,2.11,63,3.26,63,2.07,61,2.41,62,2.78,62,2.66,0.00
M,435,Mighten,4.5,4.5,Nott'm Forest,0,0.00,0,0.00,0,0.00,0,0.00,0,0.00,0,0.00,0,0.00,0,0.00,0,0.00,0,0.00,0,0.00,0,0.00,0.00
D,436,Murillo,4.5,4.5,Nott'm Forest,90,3.19,88,1.81,84,2.95,82,2.64,83,2.71,82,2.22,84,1.32,83,3.33,82,1.00,82,1.66,81,2.43,82,2.25,0.00
D,437,N.Williams,4.5,4.5,Nott'm Forest,43,1.70,47,1.16,47,1.81,47,1.70,50,1.87,47,1.49,47,0.93,47,2.07,49,0.76,46,1.13,66,2.19,46,1.47,0.00
D,438,O.Richards,4.5,4.5,Nott'm Forest,0,0.00,0,0.00,0,0.00,0,0.00,0,0.00,0,0.00,0,0.00,0,0.00,0,0.00,0,0.00,0,0.00,0,0.00,0.00
M,439,O'Brien,5.0,5.0,Nott'm Forest,0,0.00,0,0.00,0,0.00,0,0.00,0,0.00,0,0.00,0,0.00,0,0.00,0,0.00,0,0.00,0,0.00,0,0.00,0.00
D,440,Omobamidele,4.4,4.4,Nott'm Forest,4,0.14,4,0.12,4,0.16,7,0.22,7,0.23,8,0.23,8,0.16,7,0.26,8,0.14,9,0.21,8,0.26,8,0.22,0.00
D,441,Panzo,4.0,4.0,Nott'm Forest,0,0.00,0,0.00,0,0.00,0,0.00,0,0.00,0,0.00,0,0.00,0,0.00,0,0.00,0,0.00,0,0.00,0,0.00,0.00
M,442,Sangaré,4.5,4.5,Nott'm Forest,0,0.00,0,0.00,0,0.00,0,0.00,0,0.00,0,0.00,22,0.66,45,1.65,55,1.49,55,1.65,54,1.79,52,1.67,0.05
G,443,Sels,4.5,4.5,Nott'm Forest,94,3.55,93,3.15,93,3.46,92,3.46,91,3.35,91,3.14,90,2.94,91,3.63,91,2.97,90,3.02,90,3.17,90,3.19,0.00
D,444,Toffolo,4.4,4.4,Nott'm Forest,8,0.31,9,0.26,11,0.42,11,0.42,13,0.51,13,0.47,13,0.31,13,0.58,13,0.28,12,0.34,31,1.16,12,0.43,0.00
G,445,Turner,4.0,4.0,Crystal Palace,0,0.00,3,0.09,0,0.00,4,0.12,5,0.17,4,0.15,5,0.16,5,0.17,5,0.18,5,0.17,5,0.17,5,0.17,0.01
F,446,Ui-jo,4.5,4.5,Nott'm Forest,0,0.00,0,0.00,0,0.00,0,0.00,0,0.00,0,0.00,0,0.00,0,0.00,0,0.00,0,0.00,0,0.00,0,0.00,0.00
F,447,Wood,6.1,6.1,Nott'm Forest,83,4.57,80,3.59,77,4.17,78,3.94,76,4.12,73,3.86,76,2.83,75,4.52,76,2.65,74,3.31,74,3.88,73,3.51,0.07
D,448,Worrall,4.5,4.5,Nott'm Forest,0,0.00,0,0.00,0,0.00,0,0.00,0,0.00,0,0.00,0,0.00,0,0.00,0,0.00,0,0.00,0,0.00,0,0.00,0.00
M,449,Yates,5.0,5.0,Nott'm Forest,80,2.69,77,2.21,69,2.43,69,2.29,73,2.47,68,2.30,59,1.64,52,2.00,47,1.34,47,1.52,47,1.68,43,1.51,0.00
M,450,Alcaraz,4.9,4.9,Southampton,0,0.00,0,0.00,0,0.00,0,0.00,0,0.00,0,0.00,0,0.00,0,0.00,0,0.00,0,0.00,0,0.00,0,0.00,0.00
M,451,Amo-Ameyaw,4.5,4.5,Southampton,0,0.00,1,0.10,1,0.12,1,0.09,1,0.10,2,0.13,2,0.12,2,0.14,3,0.21,2,0.13,2,0.17,3,0.19,0.00
M,452,Aribo,4.9,4.9,Southampton,32,1.27,35,1.18,31,1.36,29,1.00,25,1.15,29,1.21,29,1.10,29,1.12,38,1.38,30,1.14,31,1.19,28,1.12,0.00
F,453,Armstrong,5.4,5.4,Southampton,30,1.73,29,1.33,31,2.10,29,1.28,30,2.02,30,1.79,30,1.61,29,1.56,31,1.79,31,1.60,31,1.82,31,1.66,0.11
G,454,Bazunu,4.4,4.4,Southampton,0,0.00,0,0.00,0,0.00,0,0.00,0,0.00,0,0.00,0,0.00,0,0.00,0,0.00,0,0.00,0,0.00,0,0.00,0.00
D,455,Bednarek,4.0,4.0,Southampton,91,1.79,86,1.03,83,2.75,80,0.49,81,2.59,80,2.02,79,1.11,78,1.35,76,1.39,76,1.26,74,1.27,76,1.64,0.01
D,456,Bella-Kotchap,4.0,4.0,Southampton,17,0.49,6,0.12,8,0.28,7,0.11,10,0.35,10,0.33,12,0.27,11,0.29,11,0.31,11,0.28,13,0.34,11,0.34,0.00
D,457,Bree,4.0,4.0,Southampton,3,0.09,4,0.10,4,0.19,5,0.12,5,0.23,4,0.16,5,0.14,5,0.16,6,0.19,5,0.16,5,0.17,5,0.18,0.00
M,458,Charles,4.5,4.5,Southampton,0,0.00,0,0.00,0,0.00,0,0.00,0,0.00,0,0.00,0,0.00,0,0.00,0,0.00,0,0.00,0,0.00,0,0.00,0.00
M,459,Edozie,4.9,4.9,Southampton,0,0.00,0,0.00,0,0.00,0,0.00,0,0.00,0,0.00,0,0.00,0,0.00,0,0.00,0,0.00,0,0.00,0,0.00,0.00
D,460,Edwards,4.0,4.0,Southampton,0,0.00,0,0.00,0,0.00,0,0.00,0,0.00,0,0.00,0,0.00,0,0.00,0,0.00,0,0.00,0,0.00,0,0.00,0.00
D,461,Harwood-Bellis,4.0,4.0,Southampton,88,1.91,58,0.84,59,2.06,61,0.51,58,1.94,60,1.66,58,0.96,56,1.07,57,1.15,58,1.07,58,1.11,58,1.38,0.18
M,462,Kamaldeen,5.0,5.0,Southampton,0,0.00,0,0.00,1,0.12,4,0.25,7,0.43,6,0.37,7,0.39,7,0.40,8,0.45,8,0.44,8,0.45,7,0.40,0.00
M,463,Lallana,5.0,5.0,Southampton,43,1.61,43,1.39,39,1.65,35,1.18,33,1.43,34,1.38,34,1.25,35,1.27,45,1.62,34,1.25,36,1.36,34,1.27,0.00
D,464,Larios,4.0,4.0,Southampton,0,0.00,0,0.00,0,0.00,0,0.00,0,0.00,0,0.00,0,0.00,0,0.00,0,0.00,0,0.00,0,0.00,0,0.00,0.00
G,465,Lis,4.0,4.0,Southampton,0,0.00,0,0.00,0,0.00,0,0.00,0,0.00,0,0.00,0,0.00,0,0.00,0,0.00,0,0.00,0,0.00,0,0.00,0.01
G,466,Lumley,4.0,4.0,Southampton,0,0.00,0,0.00,0,0.00,0,0.00,0,0.00,0,0.00,0,0.00,0,0.00,0,0.00,0,0.00,0,0.00,0,0.00,0.02
D,467,Manning,4.4,4.4,Southampton,12,0.40,9,0.22,12,0.56,13,0.24,14,0.63,13,0.48,15,0.41,16,0.47,19,0.60,16,0.46,15,0.46,17,0.57,0.00
F,468,Mara,5.0,5.0,Southampton,0,0.00,0,0.00,0,0.00,0,0.00,0,0.00,0,0.00,0,0.00,0,0.00,0,0.00,0,0.00,0,0.00,0,0.00,0.00
G,469,McCarthy,4.5,4.5,Southampton,0,0.00,2,0.08,3,0.12,4,0.12,5,0.19,5,0.16,4,0.14,4,0.13,6,0.18,5,0.16,5,0.16,4,0.15,0.01
F,470,Onuachu,4.9,4.9,Southampton,0,0.00,0,0.00,0,0.00,0,0.00,0,0.00,0,0.00,0,0.00,0,0.00,0,0.00,0,0.00,0,0.00,0,0.00,0.00
M,471,Smallbone,5.0,5.0,Southampton,0,0.00,0,0.00,19,0.85,39,1.25,47,2.04,45,1.78,46,1.67,46,1.66,54,2.04,48,1.69,46,1.73,47,1.73,0.00
D,472,Stephens,4.0,4.0,Southampton,0,0.00,60,0.83,60,2.04,61,0.45,59,1.91,58,1.54,59,0.89,61,1.09,59,1.14,60,1.08,59,1.08,59,1.34,0.00
F,473,Stewart,4.5,4.5,Southampton,23,1.37,24,1.10,22,1.52,24,1.04,24,1.61,25,1.44,27,1.43,25,1.33,26,1.48,28,1.43,26,1.48,25,1.34,0.04
D,474,Sugawara,4.5,4.5,Southampton,81,2.32,77,1.40,74,3.23,73,0.85,73,3.07,73,2.50,73,1.57,73,1.74,70,1.83,71,1.70,71,1.83,71,2.07,0.00
D,475,Taylor,4.0,4.0,Southampton,47,1.09,44,0.68,43,1.54,47,0.42,45,1.51,46,1.29,45,0.80,47,0.91,45,0.95,46,0.88,45,0.88,45,1.08,0.00
D,476,Walker-Peters,4.5,4.5,Southampton,64,1.45,62,0.88,63,2.27,58,0.46,58,1.99,60,1.69,58,0.98,58,1.14,60,1.25,58,1.11,60,1.21,60,1.45,0.00
D,477,Wood,4.0,4.0,Southampton,6,0.15,2,0.04,2,0.07,3,0.05,3,0.11,4,0.12,4,0.09,4,0.10,5,0.12,5,0.12,6,0.14,5,0.15,0.00
D,478,A.Phillips,4.0,4.0,Spurs,0,0.00,0,0.00,0,0.00,0,0.00,0,0.00,0,0.00,0,0.00,0,0.00,0,0.00,0,0.00,0,0.00,0,0.00,0.00
G,479,Austin,4.0,4.0,Spurs,0,0.00,0,0.00,0,0.00,0,0.00,0,0.00,0,0.00,0,0.00,0,0.00,0,0.00,0,0.00,0,0.00,0,0.00,0.00
M,480,Bentancur,5.0,5.0,Spurs,54,1.78,52,1.78,52,2.04,47,1.67,47,1.79,48,1.99,46,1.35,46,1.79,45,1.63,46,1.72,46,1.78,48,1.61,0.00
M,481,Bergvall,4.5,4.5,Spurs,15,0.81,17,0.92,16,0.97,14,0.76,13,0.75,11,0.73,12,0.54,14,0.83,14,0.78,12,0.70,14,0.87,13,0.72,0.00
M,482,Bissouma,4.9,4.9,Spurs,58,1.80,58,1.83,57,2.04,57,1.85,54,1.87,54,2.07,55,1.51,56,1.97,55,1.78,54,1.77,53,1.84,54,1.70,0.00
M,483,Bryan,5.0,5.0,Spurs,0,0.00,0,0.00,0,0.00,0,0.00,0,0.00,0,0.00,0,0.00,0,0.00,0,0.00,0,0.00,0,0.00,0,0.00,0.00
D,484,Davies,4.4,4.4,Spurs,4,0.10,6,0.18,9,0.33,10,0.34,12,0.42,12,0.54,12,0.25,14,0.57,15,0.51,15,0.51,17,0.68,16,0.47,0.00
M,485,Devine,4.5,4.5,Spurs,0,0.00,0,0.00,0,0.00,0,0.00,0,0.00,0,0.00,0,0.00,0,0.00,0,0.00,0,0.00,0,0.00,0,0.00,0.00
D,486,Dragusin,4.4,4.4,Spurs,11,0.31,18,0.52,17,0.68,21,0.73,23,0.84,24,1.09,25,0.49,26,1.08,27,0.91,26,0.84,28,1.10,28,0.80,0.00
D,487,E.Royal,4.5,4.5,Spurs,0,0.00,0,0.00,0,0.00,0,0.00,0,0.00,0,0.00,0,0.00,0,0.00,0,0.00,0,0.00,0,0.00,0,0.00,0.00
G,488,Forster,4.4,4.4,Spurs,0,0.00,2,0.09,3,0.13,3,0.12,3,0.13,3,0.15,3,0.11,4,0.15,3,0.11,4,0.13,5,0.18,4,0.14,0.00
M,489,Gray,4.8,4.8,Spurs,9,0.31,12,0.42,13,0.48,13,0.47,14,0.49,15,0.56,13,0.44,17,0.61,16,0.57,18,0.61,17,0.61,17,0.57,0.00
M,490,Højbjerg,5.0,5.0,Spurs,0,0.00,0,0.00,0,0.00,0,0.00,0,0.00,0,0.00,0,0.00,0,0.00,0,0.00,0,0.00,0,0.00,0,0.00,0.00
M,491,Johnson,6.4,6.4,Spurs,50,2.64,52,2.86,51,3.44,45,2.58,41,2.58,40,2.94,38,1.64,36,2.46,39,2.33,39,2.40,39,2.62,39,2.18,0.00
M,492,Kulusevski,6.3,6.3,Spurs,73,3.08,72,3.17,69,3.63,65,2.95,64,3.15,62,3.60,64,2.19,63,3.28,61,2.92,61,2.93,61,3.19,61,2.69,0.00
M,493,Lo Celso,4.9,4.9,Spurs,0,0.00,0,0.00,0,0.00,0,0.00,0,0.00,0,0.00,0,0.00,0,0.00,0,0.00,0,0.00,0,0.00,0,0.00,0.00
M,494,Maddison,7.5,7.5,Spurs,73,3.76,69,3.77,67,4.55,67,3.80,66,4.03,64,4.69,64,2.48,63,4.10,63,3.66,63,3.75,63,4.09,64,3.35,0.00
D,495,Pedro Porro,5.6,5.5,Spurs,89,2.92,84,3.06,82,4.23,80,3.36,80,3.71,79,4.77,80,1.72,79,4.15,76,3.27,78,3.15,77,3.89,79,2.69,0.72
D,496,Reguilón,4.3,4.3,Spurs,0,0.00,1,0.04,0,0.00,2,0.07,2,0.08,2,0.09,3,0.08,3,0.13,3,0.14,3,0.14,3,0.14,3,0.12,0.00
F,497,Richarlison,6.9,6.9,Spurs,0,0.00,0,0.00,16,1.09,30,1.79,33,2.17,31,2.30,33,1.50,33,2.20,32,1.97,32,2.04,33,2.27,32,1.82,0.00
D,498,Romero,5.1,5.1,Spurs,90,2.16,86,2.38,86,3.29,84,2.69,84,2.94,83,3.80,82,1.30,80,3.25,81,2.56,81,2.39,81,2.98,79,1.97,0.00
M,499,P.M.Sarr,4.9,4.9,Spurs,42,1.53,42,1.56,42,1.75,42,1.59,42,1.68,40,1.78,41,1.30,41,1.69,42,1.62,40,1.58,42,1.76,39,1.44,0.00
F,500,Scarlett,4.5,4.5,Spurs,0,0.00,0,0.00,0,0.00,0,0.00,0,0.00,0,0.00,0,0.00,0,0.00,0,0.00,0,0.00,0,0.00,0,0.00,0.00
M,501,Skipp,4.9,4.9,Leicester,43,1.22,44,1.39,44,1.40,45,1.46,47,1.46,43,1.26,45,1.33,45,1.35,44,1.41,48,1.43,45,1.29,46,1.49,0.00
M,502,Solomon,5.4,5.4,Spurs,0,0.00,0,0.00,0,0.00,0,0.00,0,0.00,0,0.00,0,0.00,0,0.00,0,0.00,0,0.00,0,0.00,0,0.00,0.00
M,503,Son,10.0,10.0,Spurs,90,5.12,87,5.22,85,6.34,86,5.29,83,5.83,81,6.66,81,3.50,81,5.96,81,5.23,82,5.42,81,5.89,81,4.76,0.04
D,504,Spence,4.4,4.4,Spurs,12,0.45,18,0.70,19,0.87,18,0.75,20,0.88,22,1.11,21,0.60,22,1.03,23,0.97,20,0.83,22,1.00,22,0.80,0.00
D,505,Udogie,5.0,5.0,Spurs,85,2.52,80,2.62,79,3.59,78,2.94,76,3.15,74,3.98,74,1.46,73,3.44,74,2.81,76,2.71,71,3.17,72,2.21,0.00
D,506,Van de Ven,4.5,4.5,Spurs,88,2.06,85,2.25,84,3.04,82,2.55,80,2.68,80,3.45,79,1.26,78,3.03,75,2.31,75,2.12,74,2.68,74,1.83,0.02
F,507,Veliz,5.0,5.0,Spurs,0,0.00,0,0.00,0,0.00,0,0.00,0,0.00,0,0.00,0,0.00,0,0.00,0,0.00,0,0.00,0,0.00,0,0.00,0.00
G,508,Vicario,5.0,5.0,Spurs,94,3.29,93,3.31,92,3.59,92,3.42,91,3.49,91,3.92,92,3.06,91,3.69,92,3.43,91,3.22,90,3.54,90,3.09,0.01
M,509,Werner,6.3,6.3,Spurs,20,1.27,25,1.63,23,1.81,15,1.04,11,0.81,11,0.95,12,0.62,12,0.90,13,0.97,12,0.85,13,0.97,13,0.88,0.00
G,510,Whiteman,4.0,4.0,Spurs,0,0.00,0,0.00,0,0.00,0,0.00,0,0.00,0,0.00,0,0.00,0,0.00,0,0.00,0,0.00,0,0.00,0,0.00,0.00
M,511,Álvarez,5.0,5.0,West Ham,0,0.00,64,2.10,65,1.75,66,1.94,65,1.90,63,2.07,62,1.73,63,1.68,60,1.81,61,2.04,63,1.82,63,1.87,0.00
F,512,Antonio,5.4,5.4,West Ham,48,2.25,37,2.07,36,1.63,36,1.91,36,1.77,34,1.98,37,1.76,38,1.60,37,1.86,38,2.19,39,1.90,38,1.89,0.00
G,513,Areola,4.5,4.5,West Ham,94,3.30,93,3.71,92,3.02,92,3.19,90,3.26,89,3.51,90,3.04,90,3.00,90,3.37,90,3.54,91,3.25,91,3.24,0.01
M,514,Bowen,7.5,7.5,West Ham,88,4.45,83,5.18,82,3.65,80,4.38,78,3.94,78,5.02,78,3.72,79,3.34,79,4.27,77,5.03,79,4.07,79,4.38,0.00
M,515,Cornet,4.9,4.9,Southampton,15,0.84,17,0.77,18,1.13,17,0.76,18,1.12,19,1.08,18,0.94,19,0.97,21,1.14,19,0.98,19,1.04,20,1.07,0.00
D,516,Coufal,4.5,4.5,West Ham,23,0.73,26,1.10,27,0.62,29,0.91,31,1.03,32,1.31,32,0.80,32,0.85,33,1.16,33,1.41,34,1.05,34,1.18,0.00
D,517,Cresswell,4.0,4.0,West Ham,13,0.49,15,0.66,18,0.51,20,0.73,21,0.78,21,0.97,23,0.71,21,0.66,24,0.98,23,1.09,25,0.91,25,0.96,0.00
M,518,Downes,4.9,4.9,Southampton,83,2.10,81,1.82,78,2.23,75,1.66,72,2.11,71,1.89,69,1.70,69,1.69,73,1.83,65,1.62,64,1.65,67,1.71,0.00
M,519,Earthy,4.5,4.5,West Ham,0,0.00,0,0.00,0,0.00,0,0.00,0,0.00,0,0.00,0,0.00,0,0.00,0,0.00,0,0.00,0,0.00,0,0.00,0.00
D,520,Emerson,4.4,4.4,West Ham,79,2.58,78,3.55,75,1.62,72,2.39,72,2.50,70,3.23,70,1.76,72,1.95,70,2.67,68,3.22,68,2.25,68,2.51,0.00
G,521,Fabianski,4.0,4.0,West Ham,0,0.00,0,0.00,1,0.04,1,0.04,3,0.10,3,0.12,3,0.10,3,0.09,2,0.07,2,0.08,2,0.08,3,0.11,0.13
G,522,Foderingham,4.4,4.4,West Ham,0,0.00,1,0.05,2,0.05,2,0.07,2,0.08,3,0.10,2,0.08,2,0.08,3,0.12,3,0.13,2,0.08,2,0.06,0.00
F,523,Ings,5.0,5.0,West Ham,4,0.28,2,0.15,2,0.16,2,0.20,3,0.25,4,0.36,3,0.25,4,0.28,3,0.27,4,0.32,4,0.33,4,0.34,0.00
D,524,Kilman,4.5,4.5,West Ham,90,2.46,85,3.33,85,1.46,84,2.28,82,2.39,79,3.08,80,1.61,78,1.81,78,2.54,77,3.03,78,2.14,75,2.33,0.00
M,525,Kudus,6.3,6.3,West Ham,86,3.77,80,4.23,77,2.99,76,3.53,74,3.31,73,4.01,72,3.01,72,2.74,70,3.24,71,3.92,72,3.19,71,3.37,0.00
M,526,L.Guilherme,4.8,4.8,West Ham,2,0.19,0,0.00,2,0.15,3,0.24,3,0.23,4,0.31,4,0.29,3,0.22,5,0.34,5,0.37,5,0.31,5,0.33,0.00
M,527,L.Paquetá,6.0,6.0,West Ham,76,3.52,72,4.01,71,2.83,69,3.39,69,3.13,67,3.75,67,2.88,68,2.72,69,3.39,68,3.94,67,3.06,67,3.25,0.00
D,528,Mavropanos,4.5,4.5,West Ham,81,2.38,75,3.13,74,1.40,69,2.06,69,2.18,72,2.97,68,1.52,70,1.72,68,2.37,68,2.90,67,2.02,67,2.21,0.00
D,529,N.Aguerd,4.4,4.4,West Ham,0,0.00,0,0.00,0,0.00,0,0.00,0,0.00,0,0.00,0,0.00,0,0.00,0,0.00,0,0.00,0,0.00,0,0.00,0.00
M,530,Souček,5.0,5.0,West Ham,64,2.29,48,2.17,49,1.74,51,2.02,51,1.94,50,2.20,52,1.83,51,1.76,51,1.96,51,2.29,52,1.90,52,2.08,0.00
M,531,Ward-Prowse,6.3,6.3,Nott'm Forest,78,3.34,77,2.70,64,2.74,62,2.57,0,0.00,62,2.60,60,1.90,56,2.67,54,1.66,58,2.08,58,2.45,55,2.16,0.00
D,532,Zouma,4.4,4.4,West Ham,0,0.00,0,0.00,0,0.00,0,0.00,0,0.00,0,0.00,0,0.00,0,0.00,0,0.00,0,0.00,0,0.00,0,0.00,0.00
D,533,Aït-Nouri,4.4,4.4,Wolves,78,1.75,76,2.65,72,1.46,70,1.83,69,2.69,67,3.00,70,2.16,65,2.54,65,2.29,66,1.93,67,3.06,67,2.39,0.00
M,534,B.Traore,4.9,4.9,Wolves,0,0.00,0,0.00,0,0.00,0,0.00,0,0.00,0,0.00,0,0.00,0,0.00,0,0.00,0,0.00,0,0.00,0,0.00,0.00
M,535,Bellegarde,5.0,5.0,Wolves,60,2.35,57,2.44,57,1.96,58,2.20,57,2.56,59,2.94,55,2.19,55,2.54,56,2.35,55,2.21,56,2.71,55,2.33,0.00
G,536,Bentley,4.0,4.0,Wolves,0,0.00,0,0.00,0,0.00,0,0.00,0,0.00,0,0.00,0,0.00,0,0.00,0,0.00,0,0.00,0,0.00,0,0.00,0.13
M,537,Chiquinho,4.5,4.5,Wolves,0,0.00,0,0.00,0,0.00,0,0.00,0,0.00,0,0.00,0,0.00,0,0.00,0,0.00,0,0.00,0,0.00,0,0.00,0.00
M,538,Chirewa,4.5,4.5,Wolves,0,0.00,0,0.00,0,0.00,0,0.00,0,0.00,0,0.00,0,0.00,0,0.00,0,0.00,0,0.00,0,0.00,0,0.00,0.00
F,539,Chiwome,4.5,4.5,Wolves,4,0.25,5,0.30,6,0.34,6,0.35,7,0.41,8,0.48,9,0.44,9,0.50,8,0.45,9,0.44,8,0.47,8,0.43,0.01
M,540,Cundle,4.5,4.5,Wolves,2,0.15,3,0.21,4,0.25,5,0.30,6,0.36,8,0.46,8,0.42,8,0.47,8,0.42,8,0.40,9,0.47,9,0.46,0.00
F,541,Cunha,6.5,6.5,Wolves,76,3.33,73,3.36,72,2.73,71,3.00,70,3.55,70,4.13,70,3.15,68,3.63,68,3.30,68,3.11,66,3.71,66,3.25,0.00
D,542,Dawson,4.5,4.5,Wolves,79,1.36,75,2.12,73,1.15,72,1.50,69,2.17,70,2.56,69,1.75,71,2.25,69,1.99,68,1.59,67,2.52,67,1.93,0.00
D,543,Doherty,4.4,4.4,Wolves,21,0.58,22,0.82,26,0.66,28,0.84,30,1.20,31,1.41,30,1.03,34,1.35,33,1.19,36,1.15,34,1.55,35,1.28,0.00
M,544,Doyle,4.9,4.9,Wolves,12,0.52,14,0.62,17,0.71,21,0.88,22,1.01,23,1.15,21,0.92,22,1.04,23,1.00,23,1.00,23,1.10,23,1.00,0.00
F,545,Fábio Silva,5.0,5.0,Wolves,0,0.00,0,0.00,0,0.00,0,0.00,0,0.00,0,0.00,0,0.00,0,0.00,0,0.00,0,0.00,0,0.00,0,0.00,0.00
F,546,Fraser,4.5,4.5,Wolves,0,0.00,0,0.00,0,0.00,0,0.00,0,0.00,0,0.00,0,0.00,0,0.00,0,0.00,0,0.00,0,0.00,0,0.00,0.00
M,547,Gonzalez,4.5,4.5,Wolves,0,0.00,0,0.00,0,0.00,0,0.00,0,0.00,0,0.00,0,0.00,0,0.00,0,0.00,0,0.00,0,0.00,0,0.00,0.00
M,548,Guedes,5.3,5.3,Wolves,26,1.26,30,1.53,36,1.49,34,1.59,35,1.83,36,2.16,36,1.71,36,1.93,35,1.80,37,1.75,36,2.10,36,1.79,0.00
D,549,H.Bueno,4.5,4.5,Wolves,0,0.00,0,0.00,0,0.00,0,0.00,0,0.00,0,0.00,0,0.00,0,0.00,0,0.00,0,0.00,0,0.00,0,0.00,0.00
M,550,Hee Chan,6.2,6.2,Wolves,33,1.64,39,2.06,36,1.61,39,1.87,41,2.30,38,2.55,40,2.00,40,2.37,38,2.01,39,2.01,41,2.49,41,2.20,0.00
M,551,Hodge,4.5,4.5,Wolves,0,0.00,0,0.00,0,0.00,0,0.00,0,0.00,0,0.00,0,0.00,0,0.00,0,0.00,0,0.00,0,0.00,0,0.00,0.00
D,552,Hoever,4.0,4.0,Wolves,0,0.00,0,0.00,0,0.00,0,0.00,0,0.00,0,0.00,0,0.00,0,0.00,0,0.00,0,0.00,0,0.00,0,0.00,0.00
M,553,J.Gomes,4.9,4.9,Wolves,79,2.10,75,2.16,69,1.75,68,1.85,65,2.00,65,2.16,67,1.88,67,2.05,68,1.97,68,1.89,69,2.22,71,2.00,0.00
G,554,José Sá,4.4,4.4,Wolves,2,0.07,4,0.15,5,0.16,7,0.24,6,0.22,8,0.31,7,0.24,8,0.29,8,0.29,9,0.31,9,0.35,9,0.33,0.00
F,555,Kalajdžić,4.9,4.9,Wolves,0,0.00,0,0.00,0,0.00,0,0.00,0,0.00,0,0.00,0,0.00,0,0.00,0,0.00,0,0.00,0,0.00,0,0.00,0.00
G,556,King,4.0,4.0,Wolves,0,0.00,0,0.00,0,0.00,0,0.00,0,0.00,0,0.00,0,0.00,0,0.00,0,0.00,0,0.00,0,0.00,0,0.00,0.00
M,557,Mario Jr.,5.0,5.0,Wolves,86,2.35,83,2.53,80,2.05,75,2.08,76,2.45,73,2.64,74,2.16,71,2.36,70,2.16,70,2.07,68,2.42,68,2.09,0.00
D,558,Mosquera,4.0,4.0,Wolves,0,0.00,0,0.00,0,0.00,0,0.00,0,0.00,0,0.00,0,0.00,0,0.00,0,0.00,0,0.00,0,0.00,0,0.00,0.04
D,559,N.Semedo,4.5,4.5,Wolves,86,1.51,85,2.44,82,1.35,80,1.69,77,2.52,76,2.87,76,1.99,75,2.48,76,2.21,71,1.72,72,2.79,73,2.17,0.00
M,560,Neto,6.3,6.3,Chelsea,29,1.82,29,1.90,30,1.48,30,2.01,43,2.25,31,1.56,30,1.93,30,1.89,31,2.07,30,1.64,30,2.04,30,1.88,0.00
D,561,Pedro Lima,4.0,4.0,Wolves,0,0.00,0,0.00,0,0.00,0,0.00,0,0.00,0,0.00,0,0.00,0,0.00,0,0.00,1,0.04,1,0.06,0,0.00,0.00
M,562,Podence,5.5,5.5,Wolves,0,0.00,0,0.00,0,0.00,0,0.00,0,0.00,0,0.00,0,0.00,0,0.00,0,0.00,0,0.00,0,0.00,0,0.00,0.00
M,563,R.Gomes,5.3,5.3,Wolves,28,1.22,31,1.46,31,1.24,34,1.44,33,1.58,34,1.82,34,1.50,35,1.76,36,1.63,36,1.60,37,1.90,33,1.51,0.00
D,564,S.Bueno,4.4,4.4,Wolves,45,0.83,38,1.15,39,0.69,39,0.89,42,1.37,42,1.48,42,1.10,41,1.30,44,1.23,45,1.06,44,1.59,44,1.30,0.00
M,565,Sarabia,5.2,5.2,Wolves,7,0.48,9,0.59,11,0.57,12,0.68,13,0.83,15,1.08,16,0.92,17,1.09,15,0.90,17,0.98,15,1.05,16,0.99,0.00
F,566,Strand Larsen,5.5,5.5,Wolves,72,2.92,69,3.08,69,2.48,66,2.70,66,3.16,65,3.64,62,2.72,64,3.19,64,2.92,64,2.75,66,3.45,65,2.91,0.00
D,567,Toti,4.4,4.4,Wolves,69,1.16,86,2.37,84,1.30,81,1.66,80,2.48,78,2.84,76,1.95,77,2.37,75,2.14,76,1.72,77,2.84,77,2.20,0.00
G,568,Muric,4.4,4.4,Ipswich,93,3.24,93,3.21,91,3.52,91,3.13,91,3.51,90,2.87,90,3.03,90,3.09,89,3.26,89,3.23,89,3.21,90,3.03,0.00
M,569,Jaden,5.3,5.3,Aston Villa,4,0.25,11,0.59,9,0.49,8,0.50,7,0.39,8,0.37,9,0.53,9,0.46,10,0.60,10,0.68,9,0.49,10,0.46,0.00
M,570,A.Fatawu,5.5,5.5,Leicester,34,1.31,39,1.87,39,1.88,38,1.85,36,1.69,38,1.58,37,1.69,38,1.68,37,1.82,40,1.83,38,1.62,38,1.98,0.00
M,571,Sávio,6.5,6.5,Man City,57,3.22,52,3.35,52,3.28,54,4.05,53,3.20,52,2.89,51,3.10,52,2.49,52,3.52,53,3.10,52,3.19,50,2.76,0.00
D,572,Yoro,4.4,4.4,Man Utd,0,0.00,0,0.00,0,0.00,0,0.00,0,0.00,2,0.11,4,0.15,4,0.18,4,0.10,3,0.15,3,0.09,5,0.20,0.00
D,573,Milenković,4.5,4.5,Nott'm Forest,90,3.12,85,1.82,84,2.93,81,2.63,79,2.69,78,2.17,78,1.27,76,3.13,75,0.96,78,1.60,78,2.40,78,2.19,0.00
D,574,Pivas,4.0,4.0,Newcastle,0,0.00,0,0.00,0,0.00,0,0.00,0,0.00,0,0.00,0,0.00,0,0.00,0,0.00,0,0.00,0,0.00,0,0.00,0.00
D,575,Wiley,4.0,4.0,Chelsea,0,0.00,0,0.00,0,0.00,0,0.00,0,0.00,0,0.00,0,0.00,0,0.00,0,0.00,0,0.00,0,0.00,0,0.00,0.00
M,576,Irving,4.9,4.9,West Ham,13,0.56,6,0.33,6,0.29,8,0.38,10,0.45,12,0.57,11,0.48,11,0.47,14,0.62,13,0.63,12,0.54,13,0.57,0.00
M,577,Lindstrøm,5.3,5.3,Everton,38,1.93,40,1.96,41,2.05,40,2.04,40,2.06,44,1.96,42,2.19,41,1.73,43,2.29,43,1.83,41,1.50,44,2.06,0.00
D,578,Calafiori,5.8,5.8,Arsenal,73,4.20,61,3.49,58,2.66,59,2.28,56,2.15,55,1.94,57,3.04,55,2.44,59,2.64,59,2.72,59,3.29,60,2.71,0.00
D,579,Sessegnon,4.4,4.4,Fulham,14,0.53,15,0.38,18,0.74,22,0.92,22,0.98,22,0.85,26,1.28,25,0.73,26,1.05,30,1.00,27,0.67,26,1.33,0.00
D,580,Huijsen,4.4,4.4,Bournemouth,32,1.40,37,1.35,37,0.97,39,1.02,41,0.88,41,1.27,42,1.41,42,1.46,43,1.16,44,1.59,45,1.67,43,0.99,0.00
G,581,Jørgensen,4.3,4.3,Chelsea,2,0.07,4,0.16,4,0.15,5,0.20,6,0.21,7,0.24,6,0.24,8,0.30,8,0.29,8,0.28,8,0.32,10,0.37,0.00
D,582,O'Brien,4.8,4.8,Everton,3,0.12,2,0.08,3,0.11,4,0.17,5,0.18,5,0.16,5,0.20,5,0.14,6,0.24,7,0.18,7,0.14,7,0.19,0.00
D,583,Townsend,4.0,4.0,Ipswich,5,0.18,6,0.19,7,0.30,9,0.27,10,0.42,10,0.24,9,0.31,10,0.33,10,0.38,10,0.40,11,0.39,12,0.39,0.00
M,584,Brereton Díaz,5.3,5.3,Southampton,62,3.19,61,2.34,57,3.56,55,2.08,57,3.56,57,3.09,53,2.59,54,2.56,54,2.85,53,2.50,54,2.86,55,2.68,0.02
M,585,I.Sarr,5.8,5.8,Crystal Palace,27,1.53,25,1.28,27,1.48,27,1.50,26,1.54,28,1.68,26,1.34,27,1.62,26,1.54,27,1.27,28,1.42,28,1.35,0.00
D,586,J.Cuenca,4.4,4.4,Fulham,1,0.06,3,0.08,5,0.18,6,0.23,7,0.27,8,0.27,8,0.33,8,0.22,8,0.30,9,0.27,9,0.22,9,0.36,0.00
M,587,Summerville,5.8,5.8,West Ham,31,1.67,28,1.76,28,1.40,31,1.75,32,1.69,32,2.10,33,1.69,30,1.42,32,1.81,33,2.16,34,1.82,33,1.86,0.00
M,588,G.Rodríguez,5.0,5.0,West Ham,83,2.28,74,2.34,72,1.88,71,2.04,68,1.98,68,2.18,66,1.78,67,1.78,64,1.92,65,2.11,62,1.79,63,1.88,0.00
F,589,Füllkrug,6.7,6.7,West Ham,24,1.36,42,2.77,45,2.29,44,2.58,46,2.54,48,3.15,45,2.42,46,2.20,46,2.64,45,3.06,44,2.46,46,2.74,0.00
F,590,Osula,5.0,5.0,Newcastle,10,0.57,13,0.84,10,0.70,6,0.42,5,0.34,4,0.36,5,0.44,5,0.38,5,0.38,6,0.44,7,0.57,4,0.38,0.00
D,591,Todibo,4.4,4.4,West Ham,18,0.51,26,1.01,27,0.55,31,0.90,34,1.05,32,1.28,35,0.77,35,0.87,36,1.23,37,1.46,37,1.08,39,1.25,0.00
D,592,J.Araujo,4.5,4.5,Bournemouth,57,2.54,55,2.10,53,1.46,51,1.43,52,1.20,52,1.68,50,1.80,49,1.84,51,1.49,50,1.93,49,1.91,51,1.27,0.00
D,593,De Ligt,5.0,5.0,Man Utd,84,2.42,80,2.38,79,3.14,75,2.40,77,2.35,76,3.44,73,2.88,72,3.23,72,1.51,71,2.96,71,1.22,70,2.82,0.00
D,594,Mazraoui,4.6,4.6,Man Utd,82,2.86,68,2.40,32,1.53,33,1.35,32,1.27,33,1.73,35,1.68,36,1.88,35,1.02,38,1.90,37,0.93,35,1.74,0.00
M,595,Gruda,5.4,5.4,Brighton,18,0.83,29,1.51,24,1.24,24,1.44,24,1.07,27,1.17,25,1.34,25,1.58,25,1.24,23,1.26,26,1.42,25,1.30,0.00
M,596,Jota Silva,5.9,5.9,Nott'm Forest,35,1.99,37,1.65,29,1.66,28,1.51,37,2.06,31,1.72,32,1.30,31,1.93,32,1.25,31,1.46,30,1.63,31,1.55,0.00
M,597,Lewis-Skelly,4.5,4.5,Arsenal,0,0.00,0,0.00,0,0.00,0,0.00,0,0.00,0,0.00,0,0.00,0,0.00,0,0.00,0,0.00,0,0.00,0,0.00,0.00
D,598,Bogarde,4.0,4.0,Aston Villa,29,1.13,17,0.57,14,0.44,13,0.49,15,0.36,16,0.35,16,0.61,20,0.51,18,0.68,17,0.74,18,0.60,18,0.45,0.00
G,599,Dennis,4.0,4.0,Bournemouth,0,0.00,0,0.00,0,0.00,0,0.00,0,0.00,0,0.00,0,0.00,0,0.00,0,0.00,0,0.00,0,0.00,0,0.00,0.00
M,600,Ayari,5.0,5.0,Brighton,27,1.06,27,1.14,24,0.99,24,1.10,22,0.83,24,0.91,25,1.03,24,1.14,23,0.95,26,1.05,28,1.19,27,1.09,0.00
M,601,Moran,5.0,5.0,Brighton,0,0.00,0,0.00,0,0.00,0,0.00,0,0.00,0,0.00,0,0.00,0,0.00,0,0.00,0,0.00,0,0.00,0,0.00,0.00
M,602,Trevitt,4.5,4.5,Brentford,0,0.00,1,0.08,0,0.00,0,0.00,0,0.00,0,0.00,0,0.00,0,0.00,0,0.00,0,0.00,0,0.00,0,0.00,0.00
M,603,Armstrong,4.5,4.5,Everton,0,0.00,0,0.00,0,0.00,0,0.00,0,0.00,0,0.00,0,0.00,0,0.00,0,0.00,0,0.00,0,0.00,0,0.00,0.00
M,604,King,4.5,4.5,Fulham,0,0.00,0,0.00,0,0.00,0,0.00,0,0.00,0,0.00,0,0.00,0,0.00,0,0.00,0,0.00,0,0.00,0,0.00,0.00
M,605,Godo,4.5,4.5,Fulham,0,0.00,0,0.00,0,0.00,0,0.00,0,0.00,0,0.00,0,0.00,0,0.00,0,0.00,0,0.00,0,0.00,0,0.00,0.00
M,606,Alves,4.5,4.5,Leicester,0,0.00,0,0.00,0,0.00,0,0.00,0,0.00,0,0.00,0,0.00,0,0.00,0,0.00,0,0.00,0,0.00,0,0.00,0.00
M,607,O’Reilly,5.0,5.0,Man City,0,0.00,0,0.00,0,0.00,1,0.12,1,0.12,2,0.14,2,0.18,2,0.12,2,0.18,2,0.17,2,0.15,1,0.11,0.00
M,608,Dibling,4.5,4.5,Southampton,44,2.18,44,1.71,44,2.52,43,1.58,41,2.38,40,2.07,39,1.79,40,1.83,41,2.09,39,1.82,38,1.95,38,1.81,0.00
F,609,Lankshear,4.5,4.5,Spurs,0,0.00,0,0.00,0,0.00,0,0.00,0,0.00,0,0.00,0,0.00,0,0.00,0,0.00,0,0.00,0,0.00,0,0.00,0.00
M,610,Moore,4.5,4.5,Spurs,0,0.00,0,0.00,0,0.00,0,0.00,0,0.00,0,0.00,0,0.00,0,0.00,0,0.00,0,0.00,0,0.00,0,0.00,0.00
M,611,Szmodics,6.0,6.0,Ipswich,65,3.29,66,3.22,63,3.63,61,2.91,61,3.58,58,2.51,61,3.02,59,2.77,59,3.15,60,3.33,58,2.98,59,3.09,0.00
M,612,Odobert,5.4,5.4,Spurs,0,0.00,0,0.00,0,0.00,15,0.87,30,1.73,43,2.81,42,1.67,42,2.46,42,2.29,43,2.36,40,2.46,41,2.05,0.00
M,613,Collyer,4.5,4.5,Man Utd,0,0.00,0,0.00,0,0.00,0,0.00,0,0.00,0,0.00,0,0.00,0,0.00,0,0.00,0,0.00,0,0.00,0,0.00,0.00
M,614,Metcalfe,4.5,4.5,Everton,0,0.00,0,0.00,0,0.00,0,0.00,0,0.00,0,0.00,0,0.00,0,0.00,0,0.00,0,0.00,0,0.00,0,0.00,0.00
G,615,Rushworth,4.0,4.0,Brighton,0,0.00,0,0.00,0,0.00,0,0.00,0,0.00,0,0.00,0,0.00,0,0.00,0,0.00,0,0.00,0,0.00,0,0.00,0.00
D,616,Nelson,4.0,4.0,Leicester,0,0.00,0,0.00,0,0.00,0,0.00,0,0.00,0,0.00,0,0.00,0,0.00,0,0.00,0,0.00,0,0.00,0,0.00,0.00
F,617,Evanilson,5.9,5.9,Bournemouth,68,4.57,67,3.77,65,2.75,62,2.89,63,2.59,64,3.19,62,3.25,63,3.31,61,3.18,61,3.29,61,3.48,62,2.85,0.01
M,618,Georginio,5.5,5.5,Brighton,48,2.27,42,2.27,32,1.64,31,1.98,31,1.43,34,1.54,34,1.88,32,2.21,33,1.80,34,1.90,32,1.87,36,1.89,0.00
M,619,Cajuste,4.5,4.5,Ipswich,38,1.40,29,1.10,32,1.28,33,1.19,34,1.35,33,1.12,35,1.26,35,1.25,33,1.28,33,1.30,33,1.23,33,1.23,0.00
M,620,Sosa,5.5,5.5,Nott'm Forest,19,1.00,21,0.97,13,0.73,14,0.71,24,1.28,16,0.84,15,0.65,16,0.92,14,0.59,14,0.70,14,0.75,12,0.65,0.00
M,621,João Félix,6.3,6.3,Chelsea,21,1.49,25,1.79,26,1.46,27,1.98,34,2.06,26,1.48,28,1.94,29,2.03,28,2.10,27,1.64,28,2.13,27,1.90,0.00
M,622,Berge,5.0,5.0,Fulham,46,1.50,54,1.47,59,1.95,56,1.84,56,1.95,57,1.81,55,1.99,56,1.60,56,1.83,58,1.68,59,1.61,56,2.13,0.00
M,623,M.Fernandes,5.0,5.0,Southampton,74,2.24,73,1.88,66,2.31,64,1.65,62,2.17,60,1.94,61,1.82,61,1.76,66,1.98,60,1.73,62,1.88,62,1.85,0.00
G,624,Begovic,4.0,4.0,Everton,0,0.00,1,0.04,0,0.00,0,0.00,1,0.05,2,0.06,1,0.06,2,0.07,2,0.10,1,0.05,2,0.05,1,0.05,0.00
M,625,Gündogan,6.5,6.5,Man City,64,3.02,59,3.17,61,3.21,59,3.79,58,2.92,58,2.71,60,3.06,59,2.42,56,3.25,54,2.68,57,2.94,57,2.65,0.00
D,626,Kaboré,4.5,4.5,Man City,0,0.00,0,0.00,0,0.00,0,0.00,0,0.00,0,0.00,0,0.00,0,0.00,0,0.00,0,0.00,0,0.00,0,0.00,0.00
D,627,Dixon,4.0,4.0,Everton,0,0.00,0,0.00,0,0.00,0,0.00,0,0.00,0,0.00,0,0.00,0,0.00,0,0.00,0,0.00,0,0.00,0,0.00,0.00
D,628,F.Kadıoğlu,4.5,4.5,Brighton,39,1.08,41,1.31,46,1.34,51,2.41,53,1.15,50,1.35,49,1.74,51,2.43,50,1.82,51,2.02,51,2.17,50,1.71,0.00
M,629,O'Riley,5.5,5.5,Brighton,0,0.00,0,0.00,0,0.00,0,0.00,0,0.00,0,0.00,0,0.00,0,0.00,0,0.00,0,0.00,0,0.00,0,0.00,0.00
D,630,O'Shea,4.0,4.0,Ipswich,81,2.07,76,1.87,77,2.68,76,1.82,72,2.58,74,1.01,72,1.72,71,1.83,70,2.16,69,2.11,67,1.91,69,1.61,0.00
M,631,J.Clarke,5.5,5.5,Ipswich,24,1.13,27,1.22,27,1.35,29,1.30,30,1.52,31,1.23,30,1.37,34,1.44,29,1.35,32,1.56,31,1.39,32,1.49,0.00
M,632,Ogbene,5.0,5.0,Ipswich,28,1.30,29,1.32,34,1.70,36,1.55,34,1.70,33,1.35,35,1.59,37,1.59,36,1.73,34,1.61,37,1.68,35,1.62,0.00
M,633,Merino,6.0,6.0,Arsenal,0,0.00,0,0.00,0,0.00,0,0.00,0,0.00,18,0.73,45,2.20,45,1.96,42,1.98,44,1.94,42,2.21,44,1.88,0.00
M,634,G.Nunes,5.0,5.0,Brentford,0,0.00,0,0.00,12,0.59,21,1.28,26,1.30,24,1.38,24,1.31,19,1.14,19,0.95,19,1.08,19,0.92,19,1.09,0.00
M,635,El Khannouss,5.0,5.0,Leicester,45,1.56,47,2.13,46,2.06,44,2.05,47,2.06,46,1.75,45,1.90,45,1.88,46,2.12,56,2.33,45,1.77,46,2.21,0.00
M,636,Chiesa,7.0,7.0,Liverpool,15,1.09,19,1.33,21,1.49,21,1.15,22,1.63,22,1.61,25,1.94,25,1.44,25,1.68,25,1.81,26,1.87,26,1.66,0.00
D,637,Meupiyou,4.0,4.0,Wolves,0,0.00,0,0.00,4,0.10,9,0.24,10,0.33,11,0.39,14,0.40,13,0.43,15,0.47,13,0.37,15,0.56,13,0.41,0.00
M,638,Oulad M'hand,4.5,4.5,Arsenal,0,0.00,0,0.00,0,0.00,0,0.00,0,0.00,0,0.00,0,0.00,0,0.00,0,0.00,0,0.00,0,0.00,0,0.00,0.00
G,639,Setford,4.5,4.5,Arsenal,0,0.00,0,0.00,2,0.10,0,0.00,0,0.00,0,0.00,0,0.00,0,0.00,0,0.00,0,0.00,0,0.00,0,0.00,0.00
D,640,Swinkels,4.0,4.0,Aston Villa,0,0.00,0,0.00,0,0.00,0,0.00,0,0.00,0,0.00,0,0.00,0,0.00,0,0.00,0,0.00,0,0.00,0,0.00,0.00
G,641,Zych,4.0,4.0,Aston Villa,0,0.00,0,0.00,0,0.00,0,0.00,0,0.00,0,0.00,0,0.00,0,0.00,0,0.00,0,0.00,0,0.00,0,0.00,0.00
M,642,André,5.0,5.0,Wolves,0,0.00,0,0.00,0,0.00,0,0.00,0,0.00,0,0.00,0,0.00,0,0.00,0,0.00,0,0.00,0,0.00,0,0.00,0.00
D,643,Casey,4.0,4.0,West Ham,0,0.00,0,0.00,0,0.00,0,0.00,0,0.00,0,0.00,1,0.02,0,0.00,0,0.00,0,0.00,0,0.00,1,0.03,0.00
M,644,Umeh-Chibueze,4.5,4.5,Crystal Palace,0,0.00,0,0.00,0,0.00,0,0.00,0,0.00,0,0.00,0,0.00,0,0.00,0,0.00,0,0.00,0,0.00,0,0.00,0.00
M,645,Devenny,4.5,4.5,Crystal Palace,0,0.00,0,0.00,0,0.00,0,0.00,0,0.00,0,0.00,0,0.00,0,0.00,0,0.00,0,0.00,0,0.00,0,0.00,0.00
M,646,Agbinone,4.5,4.5,Crystal Palace,0,0.00,0,0.00,0,0.00,0,0.00,0,0.00,0,0.00,0,0.00,0,0.00,0,0.00,0,0.00,0,0.00,0,0.00,0.00
M,647,Rodney,4.5,4.5,Crystal Palace,0,0.00,0,0.00,0,0.00,0,0.00,0,0.00,0,0.00,0,0.00,0,0.00,0,0.00,0,0.00,0,0.00,0,0.00,0.00
F,648,Wheatley,4.5,4.5,Man Utd,0,0.00,0,0.00,0,0.00,0,0.00,0,0.00,0,0.00,0,0.00,0,0.00,0,0.00,0,0.00,0,0.00,0,0.00,0.00
D,649,Meghoma,4.0,4.0,Brentford,5,0.17,6,0.23,3,0.09,1,0.06,1,0.04,0,0.00,0,0.00,1,0.05,0,0.00,0,0.00,0,0.00,0,0.00,0.00
D,650,Lacroix,4.5,4.5,Crystal Palace,82,2.68,74,1.54,67,2.08,69,1.75,66,2.23,64,2.36,63,1.57,61,1.75,58,2.05,58,1.17,57,1.43,55,1.34,0.00
M,651,Mangala,5.0,5.0,Everton,58,1.92,57,1.84,55,1.79,54,1.80,53,1.75,52,1.61,50,1.67,52,1.55,53,1.84,52,1.54,54,1.47,52,1.64,0.00
M,652,Ugarte,5.0,5.0,Man Utd,38,1.20,50,1.43,49,1.58,50,1.47,50,1.48,50,1.63,47,1.46,47,1.56,51,1.31,51,1.61,49,1.24,51,1.61,0.00
D,653,Morato,4.5,4.5,Nott'm Forest,0,0.00,0,0.00,0,0.00,0,0.00,0,0.00,0,0.00,0,0.00,0,0.00,0,0.00,0,0.00,0,0.00,0,0.00,0.00
M,654,C.Soler,5.0,5.0,West Ham,51,2.01,35,1.63,37,1.42,36,1.54,38,1.59,38,1.82,41,1.61,39,1.49,42,1.76,41,1.93,40,1.65,40,1.66,0.00
M,655,Forbs,5.5,5.5,Wolves,0,0.00,2,0.15,2,0.16,3,0.20,4,0.25,3,0.24,5,0.30,5,0.32,6,0.34,6,0.34,6,0.35,6,0.33,0.00
M,656,Young,4.5,4.5,Aston Villa,0,0.00,0,0.00,0,0.00,0,0.00,0,0.00,0,0.00,0,0.00,0,0.00,0,0.00,0,0.00,0,0.00,0,0.00,0.00
D,657,Kacurri,4.0,4.0,Arsenal,0,0.00,0,0.00,0,0.00,0,0.00,0,0.00,0,0.00,0,0.00,0,0.00,0,0.00,0,0.00,0,0.00,0,0.00,0.00
D,658,Heaven,4.0,4.0,Arsenal,0,0.00,0,0.00,0,0.00,0,0.00,0,0.00,0,0.00,0,0.00,0,0.00,0,0.00,0,0.00,0,0.00,0,0.00,0.00
M,659,Kabia,4.5,4.5,Arsenal,0,0.00,0,0.00,0,0.00,0,0.00,0,0.00,0,0.00,0,0.00,0,0.00,0,0.00,0,0.00,0,0.00,0,0.00,0.00
G,660,Jaros,4.0,4.0,Liverpool,0,0.00,0,0.00,0,0.00,0,0.00,0,0.00,0,0.00,0,0.00,0,0.00,0,0.00,0,0.00,0,0.00,0,0.00,0.00
M,661,Yogane,4.5,4.5,Brentford,0,0.00,0,0.00,0,0.00,0,0.00,0,0.00,0,0.00,0,0.00,0,0.00,0,0.00,0,0.00,0,0.00,0,0.00,0.00
D,10001,Josh Wilson-Esbrand,99.9,99.9,Man City,0,0.00,1,0.10,1,0.13,1,0.13,1,0.10,1,0.10,1,0.12,2,0.14,2,0.17,2,0.19,2,0.15,1,0.12,0.00
G,10068,Mark Gillespie,99.9,99.9,Newcastle,0,0.00,0,0.00,0,0.00,0,0.00,0,0.00,0,0.00,0,0.00,0,0.00,0,0.00,0,0.00,0,0.00,0,0.00,0.00
G,10076,Matthew Cox,99.9,99.9,Brentford,0,0.00,0,0.00,0,0.00,0,0.00,0,0.00,0,0.00,0,0.00,0,0.00,0,0.00,0,0.00,0,0.00,0,0.00,0.00
M,10077,Paris Maghoma,99.9,99.9,Brentford,7,0.34,7,0.32,4,0.18,2,0.10,1,0.08,2,0.10,2,0.11,1,0.08,0,0.00,2,0.11,1,0.08,2,0.09,0.00
M,10083,Daniel Gore,99.9,99.9,Man Utd,0,0.00,0,0.00,0,0.00,0,0.00,0,0.00,0,0.00,0,0.00,0,0.00,0,0.00,0,0.00,0,0.00,0,0.00,0.00
D,10098,Imari Samuels,99.9,99.9,Brighton,0,0.00,0,0.00,0,0.00,0,0.00,0,0.00,0,0.00,0,0.00,0,0.00,0,0.00,0,0.00,0,0.00,0,0.00,0.00
D,10129,Zach Abbott,99.9,99.9,Nott'm Forest,0,0.00,0,0.00,0,0.00,0,0.00,0,0.00,0,0.00,0,0.00,0,0.00,0,0.00,0,0.00,0,0.00,0,0.00,0.00
G,10134,Louie Moulden,99.9,99.9,Crystal Palace,0,0.00,0,0.00,1,0.04,0,0.00,0,0.00,0,0.00,0,0.00,0,0.00,0,0.00,0,0.00,0,0.00,0,0.00,0.00
D,10145,Morato,99.9,99.9,Nott'm Forest,16,0.56,17,0.41,19,0.66,23,0.78,21,0.74,21,0.63,22,0.46,24,0.98,22,0.39,23,0.55,30,1.02,23,0.72,0.00
F,10148,Carlos Forbs,99.9,99.9,Wolves,0,0.00,0,0.00,0,0.00,0,0.00,0,0.00,0,0.00,0,0.00,0,0.00,0,0.00,0,0.00,0,0.00,0,0.00,0.00
M,10149,André,99.9,99.9,Wolves,83,2.13,79,2.25,78,1.96,76,2.02,76,2.24,76,2.43,75,2.02,75,2.21,74,2.06,74,2.00,74,2.30,75,2.08,0.00