Pos,ID,Name,BV,SV,Team,30_xMins,30_Pts,31_xMins,31_Pts,32_xMins,32_Pts,33_xMins,33_Pts,34_xMins,34_Pts,35_xMins,35_Pts,36_xMins,36_Pts,37_xMins,37_Pts,38_xMins,38_Pts,Elite%
F,1,Balogun,4.4,4.4,Arsenal,0,0.00,0,0.00,0,0.00,0,0.00,0,0.00,0,0.00,0,0.00,0,0.00,0,0.00,0.00
D,2,Cédric,3.8,3.8,Arsenal,0,0.00,0,0.00,0,0.00,0,0.00,0,0.00,0,0.00,0,0.00,0,0.00,0,0.00,0.00
M,3,M.Elneny,4.4,4.4,Arsenal,0,0.00,0,0.00,2,0.06,1,0.04,1,0.05,2,0.06,3,0.11,2,0.16,2,0.07,0.00
M,4,Fábio Vieira,5.4,5.4,Arsenal,12,0.59,16,1.07,13,0.72,15,0.90,14,0.80,13,0.76,15,0.96,14,1.70,16,0.98,0.00
D,5,Gabriel,5.3,5.1,Arsenal,68,1.77,79,4.22,85,3.45,82,3.72,81,3.77,79,2.73,78,3.88,77,6.47,78,4.06,0.25
M,6,Havertz,7.2,7.2,Arsenal,71,2.89,70,4.90,68,3.61,67,4.11,64,3.58,63,3.31,60,3.92,61,6.79,60,3.60,0.00
D,7,Holding,4.3,4.3,Crystal Palace,0,0.00,0,0.00,0,0.00,0,0.00,2,0.12,16,0.41,27,0.80,33,0.99,22,0.65,0.00
F,8,G.Jesus,7.8,7.8,Arsenal,36,1.69,44,3.36,51,2.88,57,3.74,63,3.58,68,3.74,66,4.47,65,7.44,66,4.01,0.00
M,9,Jorginho,5.3,5.3,Arsenal,57,1.71,40,1.66,38,1.37,34,1.36,33,1.28,33,1.19,35,1.41,33,2.52,35,1.40,0.00
D,10,Kiwior,4.4,4.4,Arsenal,60,1.66,44,2.34,30,1.28,23,1.02,22,1.01,23,0.86,26,1.26,26,2.20,29,1.47,0.00
M,11,Marquinhos,4.5,4.5,Arsenal,0,0.00,0,0.00,0,0.00,0,0.00,0,0.00,0,0.00,0,0.00,0,0.00,0,0.00,0.00
M,12,Martinelli,7.7,7.7,Arsenal,52,2.32,66,4.96,69,4.04,69,4.58,64,3.87,64,3.62,63,4.44,62,7.59,62,4.09,0.00
F,13,Nketiah,5.1,5.1,Arsenal,9,0.52,8,0.72,9,0.64,9,0.70,10,0.69,10,0.70,11,0.91,11,1.47,11,0.81,0.00
M,14,Ødegaard,8.5,8.5,Arsenal,88,3.40,85,5.91,84,4.41,82,5.04,82,4.53,81,4.14,81,5.26,81,8.98,80,4.80,0.00
M,15,Thomas,4.8,4.8,Arsenal,12,0.45,16,0.72,19,0.76,21,0.85,28,1.09,26,0.98,28,1.21,29,2.24,30,1.22,0.00
M,16,Pepe,4.9,4.9,Arsenal,0,0.00,0,0.00,0,0.00,0,0.00,0,0.00,0,0.00,0,0.00,0,0.00,0,0.00,0.00
G,17,Ramsdale,4.5,4.5,Arsenal,3,0.09,3,0.12,5,0.20,4,0.17,4,0.19,6,0.23,7,0.33,8,0.62,8,0.37,0.00
G,18,Rúnarsson,4.0,4.0,Arsenal,0,0.00,0,0.00,0,0.00,0,0.00,0,0.00,0,0.00,0,0.00,0,0.00,0,0.00,0.00
M,19,Saka,9.1,8.8,Arsenal,89,4.00,81,6.82,81,5.02,77,5.80,77,4.94,78,4.65,76,6.00,79,10.29,77,5.55,0.20
D,20,Saliba,5.8,5.5,Arsenal,91,2.23,88,4.39,86,3.25,83,3.53,83,3.63,83,2.63,83,3.84,80,6.24,78,3.82,0.07
M,21,Sambi,4.9,4.9,Luton,42,1.16,0,0.00,69,2.00,77,1.82,75,2.22,75,2.04,73,2.13,74,2.00,67,2.00,0.00
M,22,Smith Rowe,5.3,5.3,Arsenal,9,0.50,9,0.74,9,0.60,10,0.70,10,0.70,10,0.67,10,0.80,11,1.44,11,0.78,0.00
D,23,Tavares,4.0,4.0,Nott'm Forest,0,0.00,0,0.00,0,0.00,0,0.00,0,0.00,0,0.00,0,0.00,0,0.00,0,0.00,0.00
D,24,Tierney,4.4,4.4,Arsenal,0,0.00,0,0.00,0,0.00,0,0.00,0,0.00,0,0.00,0,0.00,0,0.00,0,0.00,0.00
D,25,Tomiyasu,4.5,4.5,Arsenal,28,0.87,27,1.52,35,1.51,38,1.82,38,1.84,39,1.45,38,2.00,38,3.40,38,2.03,0.00
M,26,Trossard,6.5,6.5,Arsenal,48,2.31,47,3.72,43,2.66,43,3.02,42,2.70,40,2.47,40,3.03,40,5.18,41,2.83,0.00
D,27,Trusty,3.9,3.9,Sheffield Utd,66,1.46,66,0.57,65,1.21,65,1.35,65,3.11,63,0.89,65,1.88,71,1.45,61,0.99,0.00
G,28,Turner,3.9,3.9,Nott'm Forest,0,0.00,2,0.08,3,0.10,4,0.15,4,0.13,5,0.15,6,0.22,6,0.20,5,0.19,0.02
D,29,White,5.7,5.7,Arsenal,85,2.24,79,4.23,76,3.13,68,3.13,65,3.06,66,2.31,64,3.21,64,5.45,63,3.32,0.01
M,30,Xhaka,6.0,6.0,Arsenal,0,0.00,0,0.00,0,0.00,0,0.00,0,0.00,0,0.00,0,0.00,0,0.00,0,0.00,0.00
D,31,Zinchenko,5.0,5.0,Arsenal,22,0.80,26,1.53,32,1.55,39,2.03,37,1.98,36,1.53,37,2.10,37,3.62,36,2.12,0.00
D,32,Alex Moreno,5.2,5.2,Aston Villa,49,2.42,49,1.07,47,2.34,50,1.12,48,2.19,48,1.86,47,1.61,47,1.44,49,2.13,0.03
F,33,Archer,4.2,4.2,Sheffield Utd,17,0.89,26,1.06,33,1.50,38,1.73,37,3.57,38,1.65,37,1.89,37,1.58,37,1.72,0.01
M,34,Bailey,5.7,5.7,Aston Villa,81,4.75,78,2.71,71,4.36,71,2.61,70,4.23,68,3.55,67,3.19,68,3.20,67,3.44,0.49
M,35,Buendia,5.7,5.7,Aston Villa,0,0.00,0,0.00,0,0.00,0,0.00,0,0.00,0,0.00,0,0.00,0,0.00,0,0.00,0.00
D,36,Cash,4.6,4.6,Aston Villa,42,1.91,42,0.83,42,1.97,42,0.86,40,1.70,41,1.46,42,1.32,42,1.18,40,1.61,0.06
D,37,Chambers,3.8,3.8,Aston Villa,14,0.51,17,0.29,11,0.43,14,0.26,14,0.47,16,0.47,16,0.41,16,0.36,16,0.55,0.00
M,38,Coutinho,5.8,5.8,Aston Villa,0,0.00,0,0.00,0,0.00,0,0.00,0,0.00,0,0.00,0,0.00,0,0.00,0,0.00,0.00
F,39,Davis,4.9,4.9,Aston Villa,0,0.00,0,0.00,0,0.00,0,0.00,0,0.00,0,0.00,0,0.00,0,0.00,0,0.00,0.00
M,40,Dendoncker,4.9,4.9,Aston Villa,0,0.00,0,0.00,0,0.00,0,0.00,0,0.00,0,0.00,0,0.00,0,0.00,0,0.00,0.00
D,41,Diego Carlos,4.4,4.4,Aston Villa,18,0.66,16,0.31,20,0.79,19,0.35,21,0.75,22,0.69,22,0.62,21,0.52,21,0.74,0.00
D,42,Digne,4.6,4.6,Aston Villa,49,2.36,48,1.08,49,2.37,46,1.05,48,2.11,47,1.76,47,1.56,47,1.41,46,1.91,0.04
M,43,Douglas Luiz,5.7,5.6,Aston Villa,92,4.31,90,2.70,84,4.17,77,2.47,85,4.12,84,3.54,84,3.21,83,3.16,85,3.46,0.07
F,44,Duran,5.0,5.0,Aston Villa,9,0.71,11,0.55,10,0.77,9,0.46,9,0.73,9,0.63,10,0.65,10,0.64,10,0.69,0.00
D,45,Hause,3.9,3.9,Aston Villa,1,0.07,2,0.06,2,0.11,3,0.06,3,0.12,4,0.15,4,0.13,4,0.13,3,0.14,0.00
M,46,Iroegbunam,4.4,4.4,Aston Villa,51,2.09,44,1.41,23,1.13,23,0.86,23,1.11,22,0.97,21,0.92,21,0.91,20,0.90,0.00
M,47,Kamara,5.0,5.0,Aston Villa,0,0.00,0,0.00,0,0.00,0,0.00,0,0.00,0,0.00,0,0.00,0,0.00,0,0.00,0.00
D,48,Konsa,4.5,4.5,Aston Villa,90,3.37,88,1.27,84,3.20,85,1.28,85,2.85,83,2.33,84,2.04,82,1.72,83,2.73,0.14
G,49,Martinez,5.3,5.3,Aston Villa,93,3.67,92,3.00,92,3.60,91,2.95,91,3.36,91,3.24,91,3.20,91,3.03,92,3.51,0.14
M,50,McGinn,5.4,5.4,Aston Villa,0,0.00,0,0.00,86,3.33,86,2.27,85,3.17,84,2.83,83,2.62,83,2.58,83,2.81,0.00
D,51,Mings,4.1,4.1,Aston Villa,0,0.00,0,0.00,0,0.00,0,0.00,0,0.00,0,0.00,0,0.00,0,0.00,0,0.00,0.00
M,52,Nakamba,4.3,4.3,Luton,0,0.00,0,0.00,0,0.00,0,0.00,0,0.00,0,0.00,0,0.00,0,0.00,16,0.43,0.00
G,53,Olsen,3.9,3.9,Aston Villa,1,0.05,2,0.08,3,0.10,3,0.10,4,0.13,3,0.12,3,0.12,3,0.10,3,0.12,0.00
M,54,Philogene,4.5,4.5,Aston Villa,0,0.00,0,0.00,0,0.00,0,0.00,0,0.00,0,0.00,0,0.00,0,0.00,0,0.00,0.00
M,55,J.Ramsey,5.9,5.9,Aston Villa,40,2.02,56,1.80,58,3.09,70,2.34,68,3.50,69,3.12,70,2.92,69,2.81,67,3.03,0.00
M,56,Sanson,4.5,4.5,Aston Villa,0,0.00,0,0.00,0,0.00,0,0.00,0,0.00,0,0.00,0,0.00,0,0.00,0,0.00,0.00
G,57,Sinisalo,4.0,4.0,Aston Villa,0,0.00,0,0.00,0,0.00,0,0.00,0,0.00,0,0.00,0,0.00,0,0.00,0,0.00,0.00
M,58,Tielemans,5.6,5.6,Aston Villa,81,3.36,82,2.35,73,3.19,72,2.25,71,3.02,72,2.79,72,2.60,71,2.53,70,2.73,0.00
M,59,Bertrand Traoré,5.0,5.0,Aston Villa,0,0.00,0,0.00,0,0.00,0,0.00,0,0.00,0,0.00,0,0.00,0,0.00,0,0.00,0.00
F,60,Watkins,9.0,8.7,Aston Villa,91,5.51,88,3.10,85,5.55,85,3.21,85,5.44,84,4.69,85,4.24,84,4.20,83,4.43,0.98
F,61,Wesley,5.0,5.0,Aston Villa,0,0.00,0,0.00,0,0.00,0,0.00,0,0.00,0,0.00,0,0.00,0,0.00,0,0.00,0.00
M,62,Anthony,4.9,4.9,Bournemouth,0,0.00,0,0.00,0,0.00,0,0.00,0,0.00,0,0.00,0,0.00,0,0.00,0,0.00,0.00
M,63,Billing,5.1,5.1,Bournemouth,3,0.19,5,0.29,6,0.36,7,0.38,6,0.34,8,0.43,9,0.40,10,1.00,10,0.47,0.00
M,64,Brooks,4.7,4.7,Bournemouth,0,0.00,0,0.00,0,0.00,0,0.00,0,0.00,0,0.00,0,0.00,0,0.00,0,0.00,0.00
M,65,Christie,5.0,5.0,Bournemouth,81,3.31,79,3.36,75,3.19,74,3.12,73,2.72,71,2.94,70,2.15,70,5.84,73,2.52,0.00
M,66,L.Cook,5.0,5.0,Bournemouth,83,2.62,78,2.59,76,2.48,74,2.39,75,2.19,74,2.35,73,1.88,72,4.64,73,2.02,0.00
M,67,Siriki,4.5,4.5,Bournemouth,0,0.00,0,0.00,0,0.00,0,0.00,0,0.00,0,0.00,0,0.00,0,0.00,0,0.00,0.00
D,68,Fredericks,4.3,4.3,Bournemouth,2,0.06,2,0.09,2,0.08,2,0.07,3,0.07,4,0.13,3,0.07,3,0.20,3,0.09,0.00
D,69,Hill,4.0,4.0,Bournemouth,6,0.19,5,0.15,5,0.14,3,0.08,4,0.08,3,0.07,3,0.06,4,0.22,5,0.09,0.00
D,70,Kelly,4.5,4.5,Bournemouth,24,0.82,35,1.33,47,1.50,75,2.16,76,1.58,75,2.19,72,1.05,70,4.45,69,1.37,0.00
M,71,Kilkenny,4.3,4.3,Bournemouth,0,0.00,0,0.00,0,0.00,0,0.00,0,0.00,0,0.00,0,0.00,0,0.00,0,0.00,0.00
M,72,Kluivert,4.6,4.6,Bournemouth,46,2.52,46,2.61,45,2.58,44,2.47,43,2.13,45,2.45,43,1.69,44,4.89,43,1.98,0.00
M,73,Lowe,4.9,4.9,Bournemouth,0,0.00,0,0.00,0,0.00,0,0.00,0,0.00,0,0.00,0,0.00,0,0.00,0,0.00,0.00
M,74,Marcondes,4.3,4.3,Bournemouth,0,0.00,0,0.00,0,0.00,0,0.00,0,0.00,0,0.00,0,0.00,0,0.00,0,0.00,0.00
D,75,Mepham,4.3,4.3,Bournemouth,53,1.77,33,1.26,22,0.73,14,0.39,15,0.35,13,0.39,14,0.24,15,0.95,15,0.32,0.00
F,76,Moore,4.6,4.6,Bournemouth,0,0.00,0,0.00,0,0.00,0,0.00,0,0.00,0,0.00,0,0.00,0,0.00,0,0.00,0.00
G,77,Neto,4.7,4.7,Bournemouth,87,3.27,84,3.33,84,3.11,83,2.91,81,2.69,81,2.91,81,2.57,79,5.77,81,2.69,0.08
M,78,O.Dango,4.7,4.7,Bournemouth,32,1.88,30,1.81,25,1.58,18,1.20,19,1.11,20,1.25,19,0.89,22,2.71,21,1.10,0.00
M,79,Pearson,4.5,4.5,Bournemouth,0,0.00,0,0.00,0,0.00,0,0.00,0,0.00,0,0.00,0,0.00,0,0.00,0,0.00,0.00
G,80,Randolph,4.0,4.0,Bournemouth,0,0.00,0,0.00,0,0.00,0,0.00,0,0.00,0,0.00,0,0.00,0,0.00,0,0.00,0.00
M,81,Rothwell,4.8,4.8,Bournemouth,0,0.00,0,0.00,0,0.00,0,0.00,0,0.00,0,0.00,0,0.00,0,0.00,0,0.00,0.00
F,82,Semenyo,4.5,4.5,Bournemouth,74,3.28,70,3.23,68,3.23,68,3.19,66,2.79,66,3.03,66,2.22,65,5.95,63,2.47,0.00
D,83,Senesi,4.5,4.5,Bournemouth,29,1.00,58,2.20,72,2.28,80,2.31,75,1.57,81,2.40,79,1.06,80,5.05,80,1.48,0.01
D,84,Smith,4.4,4.4,Bournemouth,79,2.69,73,2.77,65,2.09,51,1.58,53,1.20,53,1.64,55,0.86,54,3.58,53,1.11,0.00
F,85,Solanke,7.2,7.2,Bournemouth,89,4.99,87,5.03,85,5.04,82,4.94,83,4.27,82,4.76,82,3.13,79,9.10,81,3.77,0.11
M,86,Tavernier,5.5,5.5,Bournemouth,69,3.40,66,3.40,64,3.27,61,3.14,60,2.67,60,3.03,59,2.09,60,6.01,58,2.40,0.00
M,87,Hamed Traorè,4.7,4.7,Bournemouth,0,0.00,0,0.00,0,0.00,0,0.00,0,0.00,0,0.00,0,0.00,0,0.00,0,0.00,0.00
G,88,Travers,4.0,4.0,Bournemouth,8,0.30,10,0.39,10,0.36,11,0.40,12,0.39,12,0.43,13,0.43,14,1.00,12,0.41,0.00
D,89,Zabarnyi,4.5,4.5,Bournemouth,91,2.77,88,2.99,86,2.42,83,2.13,83,1.52,82,2.18,81,1.00,81,4.67,81,1.37,0.09
D,90,Ajer,4.4,4.4,Brentford,78,2.09,73,2.12,66,1.30,63,2.69,58,1.74,59,1.56,59,1.77,58,1.33,59,1.55,0.01
G,91,Balcombe,3.9,3.9,Brentford,0,0.00,0,0.00,0,0.00,0,0.00,0,0.00,0,0.00,0,0.00,0,0.00,0,0.00,0.00
M,92,Baptiste,4.3,4.3,Brentford,14,0.65,12,0.55,12,0.53,13,0.67,13,0.62,12,0.54,12,0.58,13,0.57,13,0.59,0.00
D,93,Bech,4.0,4.0,Brentford,0,0.00,0,0.00,0,0.00,0,0.00,0,0.00,0,0.00,0,0.00,0,0.00,0,0.00,0.00
M,94,Bidstrup,4.5,4.5,Brentford,0,0.00,0,0.00,0,0.00,0,0.00,0,0.00,0,0.00,0,0.00,0,0.00,0,0.00,0.00
M,95,Canós,5.0,5.0,Brentford,0,0.00,0,0.00,0,0.00,0,0.00,0,0.00,0,0.00,0,0.00,0,0.00,0,0.00,0.00
D,96,Collins,4.5,4.5,Brentford,54,1.48,43,1.30,44,0.91,38,1.65,37,1.16,40,1.10,41,1.29,42,1.01,42,1.17,0.01
G,97,Cox,4.0,4.0,Brentford,0,0.00,0,0.00,0,0.00,0,0.00,0,0.00,0,0.00,0,0.00,0,0.00,0,0.00,0.00
M,98,Damsgaard,4.8,4.8,Brentford,22,1.16,20,1.06,19,0.92,21,1.23,19,1.02,20,0.95,20,1.06,21,1.04,20,1.06,0.00
M,99,Dasilva,4.7,4.7,Brentford,0,0.00,0,0.00,0,0.00,0,0.00,0,0.00,0,0.00,0,0.00,0,0.00,0,0.00,0.00
F,100,Dervişoğlu,4.5,4.5,Brentford,0,0.00,0,0.00,0,0.00,0,0.00,0,0.00,0,0.00,0,0.00,0,0.00,0,0.00,0.00
G,101,Flekken,4.6,4.6,Brentford,94,3.32,93,3.35,92,3.08,93,3.90,92,3.38,93,3.27,92,3.36,91,3.09,91,3.18,0.70
D,102,Goode,3.9,3.9,Brentford,0,0.00,0,0.00,0,0.00,0,0.00,0,0.00,0,0.00,0,0.00,0,0.00,0,0.00,0.00
D,103,Henry,4.3,4.3,Brentford,0,0.00,0,0.00,0,0.00,0,0.00,0,0.00,0,0.00,0,0.00,0,0.00,0,0.00,0.00
D,104,Hickey,4.4,4.4,Brentford,0,0.00,11,0.36,21,0.48,49,2.23,77,2.42,77,2.14,75,2.39,75,1.82,76,2.13,0.00
M,105,Janelt,5.3,5.3,Brentford,76,2.31,70,2.19,70,2.00,66,2.42,65,2.06,65,1.93,63,2.01,63,1.88,63,1.97,0.00
M,106,Jensen,5.4,5.4,Brentford,53,2.15,49,2.01,47,1.74,47,2.19,46,1.89,43,1.63,45,1.85,43,1.67,44,1.80,0.00
M,107,Lewis-Potter,4.7,4.7,Brentford,61,2.99,35,1.91,33,1.61,28,1.82,25,1.44,27,1.35,25,1.43,25,1.30,24,1.39,0.00
M,108,Mbeumo,6.7,6.7,Brentford,59,3.23,78,4.29,76,3.49,74,5.05,73,4.15,73,3.40,71,4.04,72,3.58,71,4.05,0.01
D,109,Mee,4.8,4.8,Brentford,0,0.00,0,0.00,0,0.00,0,0.00,0,0.00,0,0.00,0,0.00,0,0.00,0,0.00,0.00
M,110,Nørgaard,5.3,5.3,Brentford,43,1.35,60,1.89,70,1.97,73,2.61,74,2.28,76,2.16,76,2.35,76,2.18,75,2.29,0.00
M,111,Onyeka,4.9,4.9,Brentford,69,2.27,65,2.22,57,1.82,53,2.15,55,1.95,56,1.80,57,1.99,55,1.79,56,1.95,0.00
D,112,Pinnock,4.5,4.5,Brentford,45,1.27,60,1.84,72,1.51,84,3.81,84,2.64,83,2.29,82,2.60,81,1.96,82,2.29,0.00
G,113,Raya,5.0,5.0,Arsenal,92,3.34,92,4.31,90,3.73,91,3.87,91,4.02,89,3.40,87,3.93,87,7.23,87,4.13,0.03
D,114,Roerslev,4.4,4.4,Brentford,77,2.59,56,2.08,49,1.39,37,1.99,23,0.95,23,0.85,23,0.94,24,0.82,26,0.97,0.02
M,115,Schade,5.2,5.2,Brentford,0,0.00,1,0.09,2,0.12,6,0.44,9,0.57,12,0.63,9,0.53,11,0.59,10,0.59,0.00
G,116,Strakosha,3.9,3.9,Brentford,0,0.00,2,0.08,2,0.08,2,0.09,3,0.12,2,0.09,3,0.11,4,0.14,4,0.13,0.00
F,117,Toney,8.2,8.2,Brentford,90,4.88,88,5.02,86,4.08,85,5.73,83,4.73,84,3.85,84,4.78,82,4.09,80,4.58,0.94
M,118,Trevitt,4.5,4.5,Brentford,0,0.00,0,0.00,0,0.00,0,0.00,0,0.00,0,0.00,0,0.00,0,0.00,0,0.00,0.00
F,119,Wissa,5.7,5.7,Brentford,49,2.34,36,1.88,37,1.72,37,2.18,35,1.81,39,1.70,37,1.91,35,1.67,36,1.89,0.01
M,120,Yarmoliuk,4.3,4.3,Brentford,11,0.48,11,0.48,11,0.48,12,0.56,12,0.52,14,0.55,12,0.50,13,0.52,14,0.57,0.00
D,121,Zanka,4.3,4.3,Brentford,77,2.04,71,2.03,65,1.25,60,2.58,64,1.88,60,1.56,60,1.79,60,1.33,58,1.53,0.00
M,122,Adingra,5.0,5.0,Brighton,66,2.56,65,3.12,65,2.58,59,3.06,60,2.31,59,5.54,61,3.17,59,2.67,57,2.94,0.00
M,123,Alzate,4.4,4.4,Brighton,0,0.00,0,0.00,0,0.00,0,0.00,0,0.00,0,0.00,0,0.00,0,0.00,0,0.00,0.00
M,124,Ayari,4.5,4.5,Brighton,0,0.00,0,0.00,0,0.00,0,0.00,0,0.00,0,0.00,0,0.00,0,0.00,0,0.00,0.00
M,125,Buonanotte,4.7,4.7,Brighton,50,1.90,48,2.19,45,1.80,44,2.17,44,1.66,45,4.04,46,2.23,45,1.96,40,2.00,0.00
M,126,Caicedo,4.5,4.5,Chelsea,84,2.70,82,2.30,76,2.38,68,2.02,69,1.93,72,3.79,77,2.30,75,3.86,73,2.21,0.00
F,127,Connolly,4.5,4.5,Brighton,0,0.00,0,0.00,0,0.00,0,0.00,0,0.00,0,0.00,0,0.00,0,0.00,0,0.00,0.00
M,128,Dahoud,4.8,4.8,Brighton,0,0.00,0,0.00,0,0.00,0,0.00,0,0.00,0,0.00,0,0.00,0,0.00,0,0.00,0.00
D,129,Dunk,5.2,5.2,Brighton,88,1.46,87,2.63,85,2.03,83,3.21,85,1.66,83,4.80,82,2.70,82,2.06,82,2.76,0.00
M,130,Enciso,5.0,5.0,Brighton,52,2.10,47,2.36,47,1.98,45,2.41,48,1.91,46,4.52,44,2.41,46,2.18,43,2.33,0.00
D,131,Estupiñan,4.9,4.9,Brighton,62,1.39,61,2.30,58,1.75,56,2.61,55,1.44,55,4.01,54,2.20,55,1.78,51,2.13,0.02
F,132,Ferguson,5.7,5.7,Brighton,40,1.83,39,2.14,41,1.87,38,2.18,40,1.75,39,4.15,39,2.27,39,2.03,36,2.14,0.00
M,133,Gilmour,4.8,4.8,Brighton,83,2.12,79,2.29,78,2.08,75,2.34,75,1.95,73,4.25,71,2.19,72,2.04,71,2.19,0.00
M,134,Gross,6.5,6.5,Brighton,86,3.16,85,3.81,84,3.10,84,3.94,83,2.86,81,7.02,80,3.90,81,3.38,81,3.94,0.00
F,135,João Pedro,5.2,5.2,Brighton,35,1.60,44,2.51,52,2.44,66,3.89,63,2.78,62,6.93,63,3.97,60,3.27,60,3.77,0.00
D,136,Karbownik,4.0,4.0,Brighton,0,0.00,0,0.00,0,0.00,0,0.00,0,0.00,0,0.00,0,0.00,0,0.00,0,0.00,0.00
M,137,Kozłowski,4.5,4.5,Brighton,0,0.00,0,0.00,0,0.00,0,0.00,0,0.00,0,0.00,0,0.00,0,0.00,0,0.00,0.00
M,138,Lallana,4.9,4.9,Brighton,13,0.56,15,0.72,14,0.63,13,0.66,14,0.58,15,1.43,16,0.83,15,0.71,14,0.70,0.00
D,139,Lamptey,3.9,3.9,Brighton,57,1.26,53,1.96,51,1.53,53,2.42,51,1.31,48,3.49,48,1.91,45,1.46,45,1.84,0.00
M,140,March,6.1,6.1,Brighton,0,0.00,0,0.00,0,0.00,0,0.00,0,0.00,0,0.00,0,0.00,0,0.00,0,0.00,0.00
G,141,McGill,3.9,3.9,Brighton,0,0.00,0,0.00,0,0.00,0,0.00,0,0.00,0,0.00,0,0.00,0,0.00,0,0.00,0.00
M,142,Milner,4.8,4.8,Brighton,21,0.77,29,1.12,35,1.24,43,1.66,42,1.41,43,3.17,43,1.68,41,1.48,39,1.56,0.00
M,143,Mitoma,6.4,6.4,Brighton,0,0.00,0,0.00,0,0.00,0,0.00,0,0.00,0,0.00,0,0.00,0,0.00,23,1.14,0.00
M,144,Moder,4.4,4.4,Brighton,12,0.52,13,0.60,13,0.58,13,0.63,12,0.51,15,1.36,14,0.70,14,0.64,13,0.64,0.00
G,145,Sanchez,4.5,4.5,Chelsea,3,0.15,6,0.24,8,0.32,9,0.35,11,0.35,10,0.69,13,0.50,12,0.84,13,0.50,0.00
M,146,Sarmiento,4.5,4.5,Brighton,0,0.00,0,0.00,0,0.00,0,0.00,0,0.00,0,0.00,0,0.00,0,0.00,0,0.00,0.00
G,147,Scherpen,4.0,4.0,Brighton,0,0.00,0,0.00,0,0.00,0,0.00,0,0.00,0,0.00,0,0.00,0,0.00,0,0.00,0.00
G,148,Steele,4.1,4.1,Brighton,37,1.25,37,1.39,37,1.31,38,1.56,38,1.26,38,2.77,40,1.52,38,1.36,38,1.44,0.00
F,149,Undav,5.5,5.5,Brighton,0,0.00,0,0.00,0,0.00,0,0.00,0,0.00,0,0.00,0,0.00,0,0.00,0,0.00,0.00
D,150,Van Hecke,4.1,4.1,Brighton,87,1.35,85,2.44,80,1.82,81,2.98,79,1.50,78,4.35,79,2.45,78,1.85,78,2.50,0.00
D,151,Veltman,4.3,4.3,Brighton,27,0.60,26,0.88,28,0.80,26,1.06,29,0.70,29,1.90,28,1.03,25,0.75,23,0.84,0.00
G,152,Verbruggen,4.4,4.4,Brighton,58,1.89,58,2.09,58,1.97,57,2.23,57,1.86,57,4.01,55,2.00,56,1.93,57,2.11,0.00
D,153,Webster,4.2,4.2,Brighton,24,0.55,26,0.88,27,0.77,28,1.14,28,0.68,30,1.93,28,1.01,28,0.82,25,0.93,0.00
F,154,Welbeck,5.7,5.7,Brighton,54,2.33,51,2.72,46,2.08,46,2.61,45,1.91,45,4.82,44,2.58,46,2.39,43,2.50,0.00
F,155,Zeqiri,4.4,4.4,Brighton,0,0.00,0,0.00,0,0.00,0,0.00,0,0.00,0,0.00,0,0.00,0,0.00,0,0.00,0.00
M,156,Agyei,4.2,4.2,Burnley,0,0.00,0,0.00,0,0.00,0,0.00,0,0.00,0,0.00,0,0.00,0,0.00,0,0.00,0.00
D,157,Al-Dakhil,3.8,3.8,Burnley,0,0.00,0,0.00,0,0.00,0,0.00,0,0.00,0,0.00,0,0.00,0,0.00,0,0.00,0.00
M,158,Bastien,4.9,4.9,Burnley,0,0.00,0,0.00,0,0.00,0,0.00,0,0.00,0,0.00,0,0.00,0,0.00,0,0.00,0.00
M,159,Benson,5.2,5.2,Burnley,12,0.60,6,0.42,8,0.44,9,0.51,9,0.54,10,0.54,10,0.56,11,0.54,10,0.61,0.00
D,160,Beyer,3.9,3.9,Burnley,21,0.36,35,1.03,48,1.14,76,1.87,79,2.51,76,1.33,77,1.77,77,0.97,77,2.44,0.00
M,161,Brownhill,4.7,4.7,Burnley,51,1.60,51,1.89,52,1.69,51,1.79,51,1.89,54,1.71,53,1.84,55,1.68,50,1.87,0.00
M,162,Churlinov,4.4,4.4,Burnley,0,0.00,0,0.00,0,0.00,0,0.00,0,0.00,0,0.00,0,0.00,0,0.00,0,0.00,0.00
M,163,Cork,4.8,4.8,Burnley,1,0.05,2,0.07,2,0.09,2,0.06,2,0.08,2,0.08,2,0.09,3,0.10,2,0.07,0.00
M,164,Costelloe,4.5,4.5,Burnley,0,0.00,0,0.00,0,0.00,0,0.00,0,0.00,0,0.00,0,0.00,0,0.00,0,0.00,0.00
M,165,Cullen,5.0,5.0,Burnley,68,1.79,65,1.99,67,1.83,66,1.91,65,1.99,64,1.72,65,1.88,63,1.66,65,2.00,0.00
D,166,Egan-Riley,3.9,3.9,Burnley,0,0.00,0,0.00,0,0.00,0,0.00,0,0.00,0,0.00,0,0.00,0,0.00,0,0.00,0.00
D,167,Ekdal,3.9,3.9,Burnley,10,0.24,11,0.34,11,0.32,5,0.16,6,0.19,5,0.13,7,0.20,5,0.12,7,0.24,0.00
F,168,Foster,4.7,4.7,Burnley,40,1.67,56,2.60,56,2.18,58,2.52,56,2.58,56,2.23,58,2.56,56,2.16,54,2.52,0.00
G,169,Franchi,3.9,3.9,Burnley,0,0.00,0,0.00,0,0.00,0,0.00,0,0.00,0,0.00,0,0.00,0,0.00,0,0.00,0.00
M,170,Gudmundsson,4.8,4.8,Burnley,18,0.86,11,0.61,13,0.63,14,0.70,14,0.77,16,0.78,16,0.85,16,0.77,15,0.79,0.00
D,171,McNally,4.0,4.0,Burnley,0,0.00,0,0.00,0,0.00,0,0.00,0,0.00,0,0.00,0,0.00,0,0.00,0,0.00,0.00
G,172,Muric,4.3,4.3,Burnley,2,0.07,2,0.09,3,0.09,3,0.10,4,0.14,5,0.15,5,0.17,5,0.16,5,0.18,0.00
D,173,O'Shea,4.4,4.4,Burnley,77,1.22,67,1.97,59,1.38,50,1.26,47,1.53,50,0.89,51,1.20,49,0.65,48,1.54,0.00
F,174,Obafemi,4.9,4.9,Burnley,0,0.00,0,0.00,0,0.00,0,0.00,0,0.00,0,0.00,0,0.00,0,0.00,0,0.00,0.00
G,175,Peacock-Farrell,4.0,4.0,Burnley,0,0.00,0,0.00,0,0.00,0,0.00,0,0.00,0,0.00,0,0.00,0,0.00,0,0.00,0.00
D,176,Roberts,4.3,4.3,Burnley,0,0.00,0,0.00,0,0.00,0,0.00,0,0.00,0,0.00,0,0.00,0,0.00,0,0.00,0.00
F,177,Rodriguez,5.3,5.3,Burnley,18,0.97,3,0.26,4,0.31,4,0.30,5,0.36,4,0.29,5,0.37,5,0.36,5,0.38,0.00
D,178,Taylor,4.0,4.0,Burnley,88,1.37,84,2.48,82,1.93,79,1.99,78,2.55,77,1.37,77,1.83,76,1.02,76,2.48,0.10
D,179,Thomas,4.0,4.0,Burnley,0,0.00,0,0.00,0,0.00,0,0.00,0,0.00,0,0.00,0,0.00,0,0.00,0,0.00,0.00
M,180,Twine,4.9,4.9,Burnley,0,0.00,0,0.00,0,0.00,0,0.00,0,0.00,0,0.00,0,0.00,0,0.00,0,0.00,0.00
G,181,Vigouroux,3.9,3.9,Burnley,0,0.00,0,0.00,0,0.00,0,0.00,0,0.00,0,0.00,0,0.00,0,0.00,0,0.00,0.00
D,182,Vitinho,4.4,4.4,Burnley,66,1.28,59,2.00,58,1.56,56,1.65,59,2.18,57,1.21,55,1.53,58,0.95,53,1.96,0.06
F,183,Weghorst,5.5,5.5,Burnley,0,0.00,0,0.00,0,0.00,0,0.00,0,0.00,0,0.00,0,0.00,0,0.00,0,0.00,0.00
M,184,Zaroury,4.6,4.6,Burnley,0,0.00,0,0.00,0,0.00,0,0.00,0,0.00,0,0.00,0,0.00,0,0.00,0,0.00,0.00
D,185,Ampadu,4.0,4.0,Chelsea,0,0.00,0,0.00,0,0.00,0,0.00,0,0.00,0,0.00,0,0.00,0,0.00,0,0.00,0.00
M,186,Andrey,4.2,4.2,Chelsea,0,0.00,0,0.00,0,0.00,0,0.00,0,0.00,0,0.00,0,0.00,0,0.00,0,0.00,0.00
G,187,Arrizabalaga,5.0,5.0,Chelsea,0,0.00,0,0.00,0,0.00,0,0.00,0,0.00,0,0.00,0,0.00,0,0.00,0,0.00,0.00
F,188,Aubameyang,6.5,6.5,Chelsea,0,0.00,0,0.00,0,0.00,0,0.00,0,0.00,0,0.00,0,0.00,0,0.00,0,0.00,0.00
D,189,Azpilicueta,4.5,4.5,Chelsea,0,0.00,0,0.00,0,0.00,0,0.00,0,0.00,0,0.00,0,0.00,0,0.00,0,0.00,0.00
D,190,Baba,4.0,4.0,Chelsea,0,0.00,0,0.00,0,0.00,0,0.00,0,0.00,0,0.00,0,0.00,0,0.00,0,0.00,0.00
D,191,B.Badiashile,4.4,4.4,Chelsea,29,1.44,25,0.90,26,1.22,19,0.80,20,0.61,23,1.36,22,0.91,22,1.37,21,0.84,0.00
G,192,Bettinelli,4.0,4.0,Chelsea,0,0.00,0,0.00,0,0.00,0,0.00,0,0.00,0,0.00,0,0.00,0,0.00,0,0.00,0.00
F,193,Broja,4.9,4.9,Fulham,14,0.96,15,0.89,16,1.06,17,0.99,17,0.96,18,1.19,17,1.03,18,0.91,19,1.23,0.00
D,194,Chalobah,4.3,4.3,Chelsea,10,0.48,12,0.41,11,0.50,8,0.34,7,0.24,7,0.45,9,0.35,9,0.55,9,0.36,0.00
D,195,Chilwell,5.4,5.4,Chelsea,67,4.31,62,2.95,58,3.48,52,2.87,52,2.31,50,4.08,49,2.69,50,3.97,48,2.59,0.01
M,196,Chukwuemeka,4.2,4.2,Chelsea,12,0.63,13,0.61,14,0.71,14,0.69,13,0.59,13,1.14,12,0.59,14,1.21,15,0.77,0.00
D,197,Colwill,4.7,4.7,Chelsea,22,1.07,38,1.36,50,2.28,69,2.98,67,2.07,66,3.88,65,2.70,64,3.80,66,2.65,0.00
D,198,Cucurella,4.8,4.8,Chelsea,24,1.29,21,0.87,21,1.07,16,0.74,12,0.47,13,0.94,13,0.62,14,1.01,14,0.64,0.00
M,199,Enzo,4.8,4.8,Chelsea,76,3.55,71,2.79,71,3.13,69,2.87,67,2.66,69,5.00,67,2.87,67,4.65,65,2.86,0.00
F,200,D.D.Fofana,5.0,5.0,Burnley,0,0.00,73,3.64,70,2.84,71,3.32,71,3.56,71,2.94,70,3.36,69,2.79,69,3.48,0.02
D,201,W.Fofana,4.4,4.4,Chelsea,0,0.00,0,0.00,0,0.00,0,0.00,0,0.00,0,0.00,0,0.00,0,0.00,0,0.00,0.00
M,202,Gallagher,5.4,5.4,Chelsea,75,3.46,74,2.90,73,3.20,74,3.03,73,2.85,71,5.04,71,3.01,70,4.80,70,3.03,0.00
D,203,Gusto,4.2,4.2,Chelsea,80,4.11,68,2.51,62,3.00,50,2.25,41,1.44,42,2.69,43,1.90,44,2.77,44,1.88,0.00
D,204,Hall,4.2,4.2,Newcastle,7,0.34,7,0.32,5,0.21,6,0.26,7,0.27,8,0.40,7,0.32,5,0.41,4,0.20,0.00
M,205,Hudson-Odoi,4.7,4.7,Nott'm Forest,50,2.36,48,2.19,48,1.91,47,2.22,46,1.93,44,1.68,45,2.19,45,1.96,45,2.10,0.00
D,206,James,5.3,5.3,Chelsea,0,0.00,13,0.60,21,1.21,45,2.39,61,2.52,61,4.64,60,3.21,58,4.33,59,3.07,0.00
F,207,Lukaku,6.8,6.8,Chelsea,0,0.00,0,0.00,0,0.00,0,0.00,0,0.00,0,0.00,0,0.00,0,0.00,0,0.00,0.00
M,208,Madueke,5.3,5.3,Chelsea,16,1.22,19,1.24,20,1.37,19,1.24,17,1.04,17,2.03,18,1.21,19,2.08,20,1.40,0.00
M,209,Mount,6.8,6.8,Man Utd,37,1.99,35,1.70,35,1.72,37,1.97,38,2.53,35,2.27,36,1.91,36,3.68,36,1.79,0.00
M,210,Mudryk,6.3,6.3,Chelsea,33,2.30,34,2.07,36,2.34,34,2.09,31,1.88,33,3.65,34,2.13,34,3.49,35,2.26,0.00
F,211,N.Jackson,6.8,6.8,Chelsea,75,4.92,58,3.34,49,3.10,51,2.94,65,3.70,64,6.65,66,3.99,65,6.15,64,4.00,0.00
F,212,Nkunku,7.2,7.2,Chelsea,27,1.92,43,2.63,52,3.36,56,3.39,53,3.24,53,5.73,52,3.30,51,5.14,52,3.45,0.00
M,213,Pulisic,5.5,5.5,Chelsea,0,0.00,0,0.00,0,0.00,0,0.00,0,0.00,0,0.00,0,0.00,0,0.00,0,0.00,0.00
D,214,M.Sarr,4.3,4.3,Chelsea,0,0.00,0,0.00,0,0.00,0,0.00,0,0.00,0,0.00,0,0.00,0,0.00,0,0.00,0.00
G,215,Slonina,4.0,4.0,Chelsea,0,0.00,0,0.00,0,0.00,0,0.00,0,0.00,0,0.00,0,0.00,0,0.00,0,0.00,0.00
M,216,Sterling,6.9,6.9,Chelsea,57,4.04,56,3.31,56,3.77,54,3.32,53,3.09,52,5.48,50,3.19,50,5.00,52,3.39,0.00
D,217,T.Silva,5.0,5.0,Chelsea,83,3.93,81,2.71,76,3.36,72,2.96,71,2.10,71,3.93,70,2.80,70,3.88,70,2.65,0.00
M,218,Ziyech,5.4,5.4,Chelsea,0,0.00,0,0.00,0,0.00,0,0.00,0,0.00,0,0.00,0,0.00,0,0.00,0,0.00,0.00
M,219,Ahamada,4.3,4.3,Crystal Palace,4,0.22,6,0.27,6,0.26,5,0.24,5,0.45,3,0.18,3,0.18,4,0.19,2,0.12,0.00
D,220,Andersen,4.7,4.7,Crystal Palace,91,2.66,86,2.17,85,1.37,83,1.05,82,4.87,82,1.97,81,2.28,80,2.24,81,2.21,0.00
M,221,J.Ayew,5.4,5.4,Crystal Palace,77,3.21,75,3.09,72,2.40,63,2.17,55,5.12,47,1.97,48,2.25,48,2.04,45,2.14,0.00
D,222,Clyne,4.3,4.3,Crystal Palace,9,0.26,13,0.36,17,0.35,18,0.33,18,1.17,19,0.53,12,0.36,9,0.27,9,0.23,0.00
M,223,C.Doucouré,4.9,4.9,Crystal Palace,0,0.00,0,0.00,0,0.00,0,0.00,0,0.00,0,0.00,0,0.00,0,0.00,20,0.63,0.00
M,224,Ebiowei,4.4,4.4,Crystal Palace,0,0.00,0,0.00,0,0.00,0,0.00,0,0.00,0,0.00,0,0.00,0,0.00,0,0.00,0.00
F,225,Edouard,5.4,5.4,Crystal Palace,46,2.20,48,2.26,50,1.92,45,1.79,41,4.27,38,1.79,39,2.02,39,1.85,37,2.01,0.00
M,226,Eze,6.0,6.0,Crystal Palace,85,4.35,81,4.08,80,3.24,77,3.05,75,8.31,75,3.45,72,3.92,73,3.45,73,3.96,0.00
G,227,Guaita,4.4,4.4,Crystal Palace,0,0.00,0,0.00,0,0.00,0,0.00,0,0.00,0,0.00,0,0.00,0,0.00,0,0.00,0.00
D,228,Guéhi,4.2,4.2,Crystal Palace,0,0.00,0,0.00,0,0.00,0,0.00,0,0.00,0,0.00,21,0.63,50,1.45,80,2.26,0.00
M,229,Hughes,4.9,4.9,Crystal Palace,32,1.23,35,1.28,31,1.07,33,1.10,33,2.46,30,1.07,31,1.18,28,1.03,24,0.95,0.00
G,230,Johnstone,4.4,4.4,Crystal Palace,94,3.46,92,3.23,90,2.90,90,2.88,90,6.62,90,3.12,88,3.17,88,3.21,89,3.17,0.00
M,231,Lerma,4.7,4.7,Crystal Palace,89,2.46,85,2.31,83,2.01,80,1.93,78,4.51,79,2.11,78,2.24,79,2.16,75,2.17,0.00
F,232,Mateta,4.9,4.9,Crystal Palace,80,3.43,77,3.30,76,2.64,74,2.61,70,6.57,68,2.83,66,3.14,65,2.76,66,3.18,0.00
G,233,Matthews,3.9,3.9,Crystal Palace,0,0.00,0,0.00,0,0.00,0,0.00,0,0.00,0,0.00,0,0.00,0,0.00,0,0.00,0.00
D,234,Mitchell,4.5,4.5,Crystal Palace,84,2.58,81,2.14,79,1.38,76,1.06,76,4.74,78,1.98,75,2.20,72,2.13,72,2.07,0.00
D,235,O'Brien,4.0,4.0,Crystal Palace,0,0.00,0,0.00,0,0.00,0,0.00,0,0.00,0,0.00,0,0.00,0,0.00,0,0.00,0.00
M,236,Olise,5.6,5.6,Crystal Palace,0,0.00,0,0.00,0,0.00,26,0.96,53,5.20,75,3.13,74,3.60,76,3.26,74,3.61,0.00
F,237,Plange,4.5,4.5,Crystal Palace,0,0.00,0,0.00,0,0.00,0,0.00,0,0.00,0,0.00,0,0.00,0,0.00,0,0.00,0.00
D,238,C.Richards,3.9,3.9,Crystal Palace,91,2.68,88,2.21,85,1.39,85,1.07,84,4.97,83,2.00,78,2.21,75,2.13,71,1.95,0.00
M,239,Riedewald,4.3,4.3,Crystal Palace,2,0.09,4,0.14,5,0.17,5,0.18,6,0.41,4,0.16,6,0.21,5,0.19,3,0.11,0.00
M,240,Schlupp,4.8,4.8,Crystal Palace,33,1.47,36,1.55,37,1.40,35,1.34,33,3.04,30,1.32,29,1.36,28,1.24,27,1.30,0.00
D,241,Tomkins,4.0,4.0,Crystal Palace,13,0.42,22,0.65,25,0.54,27,0.48,26,1.78,21,0.60,15,0.47,5,0.15,3,0.07,0.00
D,242,Ward,4.5,4.5,Crystal Palace,72,2.27,69,1.88,70,1.25,68,0.97,67,4.25,64,1.66,58,1.74,47,1.46,40,1.24,0.00
G,243,Whitworth,3.9,3.9,Crystal Palace,0,0.00,0,0.00,0,0.00,0,0.00,0,0.00,0,0.00,0,0.00,0,0.00,0,0.00,0.00
M,244,André Gomes,4.4,4.4,Everton,14,0.59,13,0.54,14,0.63,14,0.55,16,1.30,16,0.71,16,0.67,17,0.81,17,0.63,0.00
D,245,Branthwaite,4.2,4.2,Everton,91,2.36,86,1.94,84,3.60,83,1.77,81,4.85,81,3.02,79,2.64,80,3.67,81,1.31,0.01
F,246,Calvert-Lewin,5.8,5.8,Everton,43,2.46,41,2.27,41,2.76,42,2.08,42,4.78,41,2.64,41,2.52,40,2.86,41,1.74,0.00
D,247,Coleman,4.4,4.4,Everton,11,0.40,13,0.41,14,0.67,15,0.46,16,1.24,19,0.82,17,0.68,19,0.98,18,0.47,0.00
M,248,Dele,4.8,4.8,Everton,0,0.00,0,0.00,0,0.00,1,0.07,3,0.36,4,0.25,4,0.25,5,0.36,5,0.25,0.00
M,249,A.Doucoure,5.5,5.5,Everton,80,2.82,78,2.63,74,3.16,73,2.32,73,5.27,73,2.91,72,2.74,70,3.17,71,2.01,0.00
M,250,Garner,4.9,4.9,Everton,83,2.53,81,2.38,80,2.95,81,2.25,79,4.97,78,2.69,79,2.58,78,3.03,78,1.97,0.00
M,251,Gbamin,4.4,4.4,Everton,0,0.00,0,0.00,0,0.00,0,0.00,0,0.00,0,0.00,0,0.00,0,0.00,0,0.00,0.00
D,252,Godfrey,4.3,4.3,Everton,57,1.79,57,1.57,57,2.76,56,1.46,53,3.80,54,2.28,53,2.07,51,2.67,53,1.06,0.00
M,253,Gray,5.3,5.3,Everton,0,0.00,0,0.00,0,0.00,0,0.00,0,0.00,0,0.00,0,0.00,0,0.00,0,0.00,0.00
M,254,Gana,4.8,4.8,Everton,43,1.37,51,1.54,56,1.97,56,1.62,54,3.38,55,1.84,54,1.75,53,1.94,54,1.47,0.00
D,255,Holgate,4.0,4.0,Sheffield Utd,52,1.38,54,0.66,54,1.21,54,1.31,58,3.13,57,0.99,55,1.79,0,0.00,51,1.03,0.00
M,256,Iwobi,5.3,5.3,Fulham,76,3.75,74,3.11,73,3.33,69,2.82,68,2.64,71,3.37,69,2.94,70,2.42,69,3.18,0.00
D,257,Keane,4.3,4.3,Everton,7,0.21,13,0.37,16,0.71,16,0.43,19,1.35,18,0.73,21,0.84,21,1.06,19,0.44,0.00
F,258,Maupay,4.9,4.9,Brentford,17,1.01,11,0.69,12,0.69,13,0.89,12,0.76,0,0.00,13,0.81,13,0.73,15,0.92,0.00
M,259,McNeil,5.4,5.4,Everton,87,3.59,86,3.31,84,4.15,83,2.96,82,6.82,81,3.83,82,3.64,81,4.24,81,2.51,0.00
D,260,Mykolenko,4.6,4.6,Everton,89,2.61,86,2.19,83,3.96,84,2.02,81,5.50,82,3.40,81,3.04,81,4.13,81,1.49,0.00
M,261,Onana,4.7,4.7,Everton,58,1.79,56,1.67,54,1.93,54,1.54,54,3.41,53,1.81,54,1.76,53,1.99,54,1.43,0.00
D,262,Patterson,4.3,4.3,Everton,6,0.20,9,0.26,9,0.37,10,0.28,13,0.85,12,0.48,14,0.52,13,0.61,13,0.30,0.00
G,263,Pickford,4.6,4.6,Everton,94,3.34,92,3.17,91,3.88,91,3.10,90,6.67,90,3.58,90,3.49,90,4.00,89,2.89,0.01
F,264,Simms,4.5,4.5,Everton,0,0.00,0,0.00,0,0.00,0,0.00,0,0.00,0,0.00,0,0.00,0,0.00,0,0.00,0.00
D,265,Tarkowski,4.6,4.6,Everton,92,2.53,90,2.12,89,4.00,88,1.95,87,5.50,86,3.38,86,3.00,85,4.13,86,1.44,0.00
G,266,J.Virginia,3.9,3.9,Everton,1,0.04,3,0.09,4,0.17,3,0.12,4,0.32,5,0.20,5,0.18,4,0.20,5,0.17,0.00
M,267,Andreas,5.3,5.3,Fulham,70,4.38,70,3.52,68,3.98,70,3.48,70,3.26,70,4.18,69,3.57,69,2.79,68,3.90,0.00
M,268,Cairney,4.9,4.9,Fulham,29,1.44,30,1.32,30,1.40,31,1.33,33,1.34,36,1.66,36,1.55,39,1.41,38,1.68,0.00
M,269,I.Cavaleiro,5.0,5.0,Fulham,0,0.00,0,0.00,0,0.00,0,0.00,0,0.00,0,0.00,0,0.00,0,0.00,0,0.00,0.00
M,270,De Cordova-Reid,5.3,5.3,Fulham,17,1.05,18,0.99,21,1.24,20,1.08,24,1.18,22,1.31,24,1.29,24,1.09,24,1.38,0.00
D,271,Diop,4.4,4.4,Fulham,10,0.40,15,0.49,19,0.58,22,0.64,24,0.55,24,0.98,25,0.75,24,0.48,25,0.85,0.00
M,272,Francois,4.4,4.4,Fulham,0,0.00,0,0.00,0,0.00,0,0.00,0,0.00,0,0.00,0,0.00,0,0.00,0,0.00,0.00
M,273,Knockaert,4.4,4.4,Fulham,0,0.00,0,0.00,0,0.00,0,0.00,0,0.00,0,0.00,0,0.00,0,0.00,0,0.00,0.00
D,274,Kongolo,4.0,4.0,Fulham,0,0.00,0,0.00,0,0.00,0,0.00,0,0.00,0,0.00,0,0.00,0,0.00,0,0.00,0.00
G,275,Leno,4.8,4.8,Fulham,94,3.81,93,3.61,92,3.35,91,3.33,91,3.01,91,3.74,90,3.33,91,2.95,91,3.49,0.03
M,276,Lukić,4.3,4.3,Fulham,25,1.24,28,1.20,30,1.40,32,1.32,31,1.26,35,1.61,37,1.53,40,1.43,39,1.72,0.00
D,277,Mbabu,4.0,4.0,Fulham,0,0.00,0,0.00,0,0.00,0,0.00,0,0.00,0,0.00,0,0.00,0,0.00,0,0.00,0.00
F,278,Mitrović,7.4,7.4,Fulham,0,0.00,0,0.00,0,0.00,0,0.00,0,0.00,0,0.00,0,0.00,0,0.00,0,0.00,0.00
F,279,Muniz,4.6,4.6,Fulham,72,4.42,69,3.48,67,3.91,64,3.22,64,3.07,62,3.68,65,3.44,63,2.61,63,3.65,0.02
M,280,J.Palhinha,5.0,5.0,Fulham,90,2.87,87,2.46,85,2.52,80,2.21,75,1.99,69,2.21,63,1.82,59,1.47,58,1.80,0.00
D,281,Ream,4.5,4.5,Fulham,0,0.00,3,0.10,4,0.13,4,0.14,6,0.15,6,0.24,6,0.19,8,0.18,8,0.26,0.00
M,282,Reed,4.5,4.5,Fulham,40,1.64,38,1.42,37,1.44,41,1.46,42,1.44,41,1.62,43,1.55,41,1.33,43,1.63,0.00
D,283,Robinson,4.6,4.6,Fulham,90,3.60,87,2.88,85,2.60,84,2.37,83,1.73,83,3.42,81,2.46,81,1.45,81,2.75,0.03
G,284,Rodák,3.9,3.9,Fulham,1,0.04,2,0.07,3,0.10,4,0.13,4,0.14,4,0.17,5,0.17,4,0.14,4,0.16,0.00
D,285,Tete,4.4,4.4,Fulham,11,0.52,14,0.57,17,0.65,17,0.61,18,0.55,20,0.91,20,0.75,21,0.57,22,0.88,0.00
D,286,Tosin,4.3,4.3,Fulham,89,3.45,85,2.74,84,2.48,82,2.25,79,1.62,79,3.16,80,2.37,79,1.39,79,2.62,0.00
F,287,Vinícius,4.5,4.5,Fulham,0,0.00,0,0.00,0,0.00,0,0.00,0,0.00,0,0.00,0,0.00,0,0.00,0,0.00,0.00
M,288,Wilson,5.3,5.3,Fulham,52,3.24,52,2.70,53,3.08,52,2.62,52,2.45,50,3.02,50,2.65,51,2.13,51,2.93,0.00
G,289,Adrián,3.9,3.9,Liverpool,1,0.05,2,0.09,2,0.06,0,0.00,0,0.00,0,0.00,0,0.00,0,0.00,0,0.00,0.00
D,290,Alexander-Arnold,8.5,8.5,Liverpool,0,0.00,9,0.68,22,1.00,48,3.18,78,7.49,77,3.83,76,3.73,75,3.33,75,4.72,0.00
G,291,A.Becker,5.8,5.8,Liverpool,27,1.10,46,2.23,59,2.23,90,4.11,92,7.21,91,3.65,91,3.43,90,3.35,90,3.96,0.00
M,292,Bajcetic,4.7,4.7,Liverpool,3,0.13,5,0.21,6,0.25,5,0.22,7,0.52,7,0.27,6,0.27,7,0.29,6,0.27,0.00
F,293,Darwin,7.5,7.5,Liverpool,61,4.20,77,6.06,75,4.64,68,4.99,64,7.84,67,4.23,66,4.71,65,4.19,66,4.86,0.00
M,294,Diogo J.,8.0,8.0,Liverpool,0,0.00,8,0.66,14,0.97,32,2.47,53,6.70,53,3.42,52,3.73,53,3.40,54,4.08,0.00
M,295,Elliott,4.8,4.8,Liverpool,26,1.56,27,1.77,24,1.36,19,1.23,17,1.94,18,1.05,17,1.06,19,1.08,18,1.16,0.00
M,296,Fabinho,5.0,5.0,Liverpool,0,0.00,0,0.00,0,0.00,0,0.00,0,0.00,0,0.00,0,0.00,0,0.00,0,0.00,0.00
F,297,Gakpo,7.2,7.2,Liverpool,47,3.10,36,2.78,35,2.19,31,2.26,26,3.23,25,1.63,26,1.85,25,1.65,26,1.89,0.00
D,298,Gomez,4.6,4.6,Liverpool,60,2.30,56,2.79,55,1.71,46,2.15,41,2.99,45,1.63,42,1.42,44,1.37,40,1.79,0.00
M,299,Henderson,5.0,5.0,Liverpool,0,0.00,0,0.00,0,0.00,0,0.00,0,0.00,0,0.00,0,0.00,0,0.00,0,0.00,0.00
M,300,Jones,4.9,4.9,Liverpool,17,0.78,28,1.39,36,1.46,50,2.33,53,4.33,52,2.17,52,2.23,50,2.06,50,2.33,0.00
G,301,Kelleher,3.8,3.8,Liverpool,67,2.72,47,2.22,34,1.25,5,0.21,3,0.21,3,0.14,4,0.15,5,0.17,5,0.23,0.03
D,302,Konaté,4.9,4.9,Liverpool,25,0.94,42,2.11,53,1.57,79,3.59,79,5.34,78,2.63,80,2.48,79,2.26,75,3.26,0.00
M,303,Luis Díaz,7.5,7.5,Liverpool,82,4.98,76,5.55,74,4.12,68,4.64,62,7.04,63,3.67,63,3.96,62,3.58,61,4.11,0.00
M,304,Mac Allister,5.8,5.8,Liverpool,80,3.60,77,4.03,76,3.08,73,3.55,73,5.95,72,3.03,74,3.30,71,2.92,72,3.50,0.00
D,305,Matip,4.8,4.8,Liverpool,0,0.00,0,0.00,0,0.00,0,0.00,0,0.00,0,0.00,0,0.00,0,0.00,10,0.47,0.00
D,306,Phillips,4.0,4.0,Liverpool,0,0.00,0,0.00,0,0.00,0,0.00,0,0.00,0,0.00,0,0.00,0,0.00,0,0.00,0.00
D,307,Robertson,6.4,6.4,Liverpool,69,3.56,65,4.35,61,2.57,59,3.54,57,5.20,55,2.54,54,2.48,53,2.18,56,3.25,0.00
M,308,Salah,13.0,13.0,Liverpool,90,7.20,85,8.27,84,5.93,82,7.09,81,10.86,79,5.57,79,6.33,80,5.55,78,6.64,0.01
M,309,Szoboszlai,7.1,7.1,Liverpool,76,4.47,71,4.89,67,3.54,65,3.98,63,6.38,60,3.19,62,3.54,62,3.21,62,3.71,0.00
M,310,Thiago,4.7,4.7,Liverpool,5,0.23,8,0.43,10,0.47,14,0.69,14,1.24,14,0.62,14,0.67,14,0.63,15,0.72,0.00
D,311,Tsimikas,4.5,4.5,Liverpool,11,0.58,13,0.78,13,0.58,10,0.58,8,0.71,9,0.45,10,0.48,11,0.49,9,0.50,0.00
D,312,Van den Berg,4.0,4.0,Liverpool,0,0.00,0,0.00,0,0.00,0,0.00,0,0.00,0,0.00,0,0.00,0,0.00,0,0.00,0.00
D,313,Virgil,6.5,6.5,Liverpool,92,3.80,89,4.86,86,2.85,85,4.20,84,6.29,83,3.15,83,2.92,83,2.69,83,3.94,0.02
F,314,Adebayo,4.9,4.9,Luton,0,0.00,0,0.00,0,0.00,14,0.49,52,2.58,65,2.64,75,3.27,74,2.96,73,3.38,0.00
D,315,Andersen,3.9,3.9,Luton,0,0.00,0,0.00,0,0.00,0,0.00,6,0.18,18,0.44,37,1.10,59,1.25,51,1.37,0.00
D,316,Bell,3.9,3.9,Luton,0,0.00,0,0.00,0,0.00,0,0.00,0,0.00,0,0.00,0,0.00,0,0.00,22,0.61,0.00
M,317,Berry,4.6,4.6,Luton,19,0.82,19,0.76,11,0.56,14,0.57,9,0.48,7,0.34,5,0.25,3,0.19,3,0.15,0.00
D,318,Burke,4.0,4.0,Luton,91,1.17,87,1.02,86,2.32,85,0.52,80,2.49,71,1.81,60,1.91,47,1.14,40,1.20,0.18
M,319,Campbell,4.9,4.9,Luton,0,0.00,0,0.00,0,0.00,0,0.00,0,0.00,0,0.00,0,0.00,0,0.00,0,0.00,0.00
M,320,Clark,4.8,4.8,Luton,59,1.95,66,1.94,47,1.93,47,1.44,38,1.59,39,1.45,37,1.45,36,1.35,32,1.34,0.00
D,321,Doughty,4.7,4.6,Luton,67,1.47,82,1.43,84,3.41,84,0.91,82,3.65,81,2.68,78,3.30,77,2.40,75,3.08,0.97
M,322,Freeman,4.9,4.9,Luton,0,0.00,0,0.00,0,0.00,0,0.00,0,0.00,0,0.00,0,0.00,0,0.00,0,0.00,0.00
G,323,Macey,4.0,4.0,Luton,0,0.00,0,0.00,0,0.00,0,0.00,0,0.00,0,0.00,0,0.00,0,0.00,0,0.00,0.00
F,324,McAtee,4.5,4.5,Luton,0,0.00,0,0.00,0,0.00,0,0.00,0,0.00,0,0.00,0,0.00,0,0.00,0,0.00,0.00
M,325,Mendes,4.5,4.5,Luton,0,0.00,0,0.00,0,0.00,0,0.00,0,0.00,0,0.00,0,0.00,0,0.00,0,0.00,0.00
F,326,Morris,5.2,5.2,Luton,85,3.39,81,2.85,78,4.10,74,2.44,67,3.58,68,2.93,67,3.14,65,2.81,66,3.34,0.84
F,327,Muskwe,4.5,4.5,Luton,0,0.00,0,0.00,0,0.00,0,0.00,0,0.00,0,0.00,0,0.00,0,0.00,0,0.00,0.00
F,328,Ogbene,4.9,4.9,Luton,84,2.81,80,2.40,77,3.12,75,2.15,72,2.94,69,2.44,70,2.59,70,2.42,68,2.64,0.00
M,329,Onyedinma,5.0,5.0,Luton,0,0.00,0,0.00,0,0.00,0,0.00,0,0.00,0,0.00,0,0.00,0,0.00,0,0.00,0.00
D,330,Osho,4.4,4.4,Luton,46,0.57,62,0.70,75,1.90,85,0.46,83,2.42,83,1.90,83,2.37,82,1.69,81,2.08,0.00
F,331,Pepple,4.5,4.5,Luton,0,0.00,0,0.00,0,0.00,0,0.00,0,0.00,0,0.00,0,0.00,0,0.00,0,0.00,0.00
M,332,Pereira,4.4,4.4,Luton,0,0.00,0,0.00,0,0.00,0,0.00,0,0.00,0,0.00,0,0.00,0,0.00,0,0.00,0.00
D,333,Potts,3.9,3.9,Luton,0,0.00,0,0.00,0,0.00,0,0.00,4,0.14,12,0.35,18,0.63,22,0.61,19,0.65,0.00
M,334,Rea,4.4,4.4,Luton,0,0.00,0,0.00,0,0.00,0,0.00,0,0.00,0,0.00,0,0.00,0,0.00,0,0.00,0.00
G,335,Shea,4.3,4.3,Luton,0,0.00,0,0.00,0,0.00,0,0.00,0,0.00,0,0.00,0,0.00,0,0.00,0,0.00,0.00
F,336,Taylor,4.5,4.5,Luton,0,0.00,0,0.00,0,0.00,0,0.00,0,0.00,0,0.00,0,0.00,0,0.00,0,0.00,0.00
M,337,Thorpe,4.5,4.5,Luton,0,0.00,0,0.00,0,0.00,0,0.00,0,0.00,0,0.00,0,0.00,0,0.00,0,0.00,0.00
G,338,Walton,4.0,4.0,Luton,0,0.00,0,0.00,0,0.00,0,0.00,0,0.00,0,0.00,0,0.00,0,0.00,0,0.00,0.00
M,339,Watson,4.4,4.4,Luton,0,0.00,0,0.00,0,0.00,0,0.00,0,0.00,0,0.00,0,0.00,0,0.00,0,0.00,0.00
F,340,Woodrow,4.3,4.3,Luton,27,1.30,24,1.06,20,1.22,15,0.66,6,0.45,4,0.29,3,0.24,3,0.20,4,0.27,0.00
D,341,Akanji,4.9,4.9,Man City,53,1.94,54,2.47,54,2.58,57,3.04,54,2.15,54,2.53,56,2.85,58,4.37,56,2.76,0.00
D,342,Aké,5.1,5.1,Man City,54,2.04,56,2.67,56,2.77,56,3.12,58,2.35,56,2.69,54,2.90,56,4.40,56,2.88,0.02
F,343,J.Alvarez,6.5,6.5,Man City,60,3.31,57,3.98,54,3.59,55,4.74,56,3.51,56,3.80,56,4.20,55,7.13,54,4.08,0.00
M,344,Bernardo,6.2,6.2,Man City,60,2.54,59,3.04,58,2.93,57,3.58,58,2.66,57,2.94,56,3.18,56,5.40,58,3.22,0.00
M,345,Bobb,4.4,4.4,Man City,7,0.48,8,0.68,9,0.72,12,1.12,12,0.84,12,0.91,13,1.05,14,1.96,15,1.18,0.00
D,346,Cancelo,5.8,5.8,Man City,0,0.00,0,0.00,0,0.00,0,0.00,0,0.00,0,0.00,0,0.00,0,0.00,0,0.00,0.00
G,347,Carson,3.8,3.8,Man City,0,0.00,0,0.00,0,0.00,0,0.00,0,0.00,0,0.00,0,0.00,0,0.00,0,0.00,0.00
M,348,Charles,4.5,4.5,Man City,0,0.00,0,0.00,0,0.00,0,0.00,0,0.00,0,0.00,0,0.00,0,0.00,0,0.00,0.00
M,349,De Bruyne,10.5,10.5,Man City,56,3.12,63,4.40,68,4.58,66,5.84,66,4.08,65,4.49,65,5.01,64,8.20,64,4.89,0.00
D,350,Rúben,5.5,5.5,Man City,75,2.78,72,3.35,71,3.48,70,3.88,71,2.91,69,3.31,69,3.65,66,5.15,67,3.39,0.01
M,351,Doyle,4.4,4.4,Wolves,32,1.30,34,1.48,36,1.54,40,1.60,40,1.44,32,1.55,0,0.00,32,2.77,32,1.16,0.00
G,352,Ederson M.,5.5,5.5,Man City,60,2.35,72,3.09,85,3.80,92,4.36,92,3.65,91,4.00,91,4.23,91,7.04,90,4.08,0.00
M,353,Foden,8.1,8.1,Man City,83,4.32,77,4.99,76,4.69,74,6.00,73,4.17,73,4.66,73,5.14,71,8.36,71,4.93,0.06
M,354,Grealish,7.2,7.2,Man City,29,1.58,31,2.01,31,1.98,34,2.70,34,2.02,36,2.30,35,2.47,35,4.17,35,2.40,0.00
F,355,Haaland,14.3,14.3,Man City,89,5.62,85,7.02,82,6.30,81,8.54,82,5.79,79,6.24,79,7.18,79,11.57,79,7.04,0.05
M,356,Kovačić,4.6,4.6,Man City,38,1.52,40,1.81,42,1.87,42,2.22,44,1.83,41,1.86,41,1.99,42,3.50,44,2.06,0.00
D,357,Laporte,4.9,4.9,Man City,0,0.00,0,0.00,0,0.00,0,0.00,0,0.00,0,0.00,0,0.00,0,0.00,0,0.00,0.00
D,358,R.Lewis,4.2,4.2,Man City,7,0.28,9,0.46,11,0.57,15,0.82,15,0.67,15,0.76,16,0.85,16,1.43,17,0.92,0.00
M,359,Mahrez,7.5,7.5,Man City,0,0.00,0,0.00,0,0.00,0,0.00,0,0.00,0,0.00,0,0.00,0,0.00,0,0.00,0.00
M,360,McAtee,4.4,4.4,Sheffield Utd,66,2.73,64,2.16,62,2.42,60,2.36,61,5.08,58,2.19,59,2.61,59,2.18,59,2.38,0.00
G,361,Ortega Moreno,3.7,3.7,Man City,34,1.38,23,1.00,10,0.46,3,0.13,3,0.08,4,0.17,4,0.19,4,0.32,5,0.23,0.00
M,362,Palmer,5.7,5.7,Chelsea,85,6.29,82,5.07,81,5.38,81,5.10,78,4.72,78,8.17,77,5.06,77,7.48,75,5.13,0.15
M,363,Perrone,4.4,4.4,Man City,0,0.00,0,0.00,0,0.00,0,0.00,0,0.00,0,0.00,0,0.00,0,0.00,0,0.00,0.00
M,364,Phillips,4.7,4.7,West Ham,63,1.80,63,1.86,30,1.05,31,1.12,32,1.13,33,1.09,33,1.07,32,1.24,0,0.00,0.00
M,365,Rodrigo,5.6,5.6,Man City,91,2.85,88,3.27,84,3.08,79,3.45,77,2.61,85,3.14,83,3.34,83,5.70,83,3.27,0.00
D,366,Sergio Gómez,3.8,3.8,Man City,0,0.00,0,0.00,0,0.00,1,0.07,2,0.05,2,0.09,1,0.09,2,0.21,3,0.16,0.00
G,367,Steffen,3.9,3.9,Man City,0,0.00,0,0.00,0,0.00,0,0.00,0,0.00,0,0.00,0,0.00,0,0.00,0,0.00,0.00
D,368,Stones,5.3,5.3,Man City,61,2.46,61,3.04,61,3.17,61,3.57,60,2.61,62,3.15,60,3.34,59,4.92,58,3.15,0.00
D,369,Walker,5.4,5.4,Man City,60,2.39,58,2.87,58,2.97,58,3.34,56,2.40,56,2.79,56,3.09,58,4.77,57,3.03,0.00
D,370,Alex Telles,4.5,4.5,Man Utd,0,0.00,0,0.00,0,0.00,0,0.00,0,0.00,0,0.00,0,0.00,0,0.00,0,0.00,0.00
M,371,Amad,4.4,4.4,Man Utd,0,0.00,2,0.13,4,0.19,4,0.25,4,0.29,4,0.29,4,0.24,5,0.52,4,0.24,0.00
M,372,Antony,6.8,6.8,Man Utd,16,0.90,17,0.89,18,0.96,16,0.92,16,1.09,19,1.22,18,0.99,16,1.78,17,0.90,0.00
M,373,B.Fernandes,8.2,8.2,Man Utd,90,4.75,89,4.08,85,4.00,79,4.01,80,5.59,84,5.62,83,4.28,83,8.24,84,3.98,0.01
D,374,B.Williams,4.0,4.0,Man Utd,0,0.00,0,0.00,0,0.00,0,0.00,0,0.00,0,0.00,0,0.00,0,0.00,0,0.00,0.00
D,375,Bailly,4.0,4.0,Man Utd,0,0.00,0,0.00,0,0.00,0,0.00,0,0.00,0,0.00,0,0.00,0,0.00,0,0.00,0.00
M,376,Casemiro,5.3,5.3,Man Utd,56,1.91,75,2.30,75,2.29,73,2.37,73,2.95,73,2.87,72,2.40,71,4.52,73,2.27,0.00
D,377,Dalot,5.2,5.2,Man Utd,89,2.92,87,2.19,84,1.88,83,2.30,79,4.03,78,3.68,72,2.56,70,3.91,66,1.73,0.00
M,378,Elanga,5.1,5.1,Nott'm Forest,75,3.55,72,3.28,73,2.77,70,3.34,69,2.74,69,2.39,69,3.35,69,2.92,67,3.08,0.25
M,379,Eriksen,5.8,5.8,Man Utd,9,0.52,9,0.45,12,0.61,13,0.67,14,0.83,13,0.80,11,0.61,13,1.32,12,0.60,0.00
D,380,Fernandez,4.0,4.0,Man Utd,0,0.00,0,0.00,0,0.00,0,0.00,0,0.00,0,0.00,0,0.00,0,0.00,0,0.00,0.00
M,381,Fred,5.0,5.0,Man Utd,0,0.00,0,0.00,0,0.00,0,0.00,0,0.00,0,0.00,0,0.00,0,0.00,0,0.00,0.00
M,382,Garnacho,4.9,4.9,Man Utd,86,4.11,83,3.53,80,3.46,81,3.80,79,5.04,78,4.76,80,3.77,80,7.24,79,3.44,0.01
M,383,Hannibal,4.3,4.3,Man Utd,0,0.00,0,0.00,0,0.00,0,0.00,0,0.00,0,0.00,0,0.00,0,0.00,0,0.00,0.00
G,384,Heaton,4.0,4.0,Man Utd,0,0.00,0,0.00,0,0.00,0,0.00,0,0.00,0,0.00,0,0.00,0,0.00,0,0.00,0.00
G,385,Henderson,4.4,4.4,Crystal Palace,1,0.05,3,0.10,5,0.15,5,0.15,5,0.34,5,0.17,7,0.26,7,0.24,6,0.20,0.00
D,386,Lindelof,4.5,4.5,Man Utd,32,1.05,36,0.96,39,0.90,36,1.03,34,1.60,28,1.24,22,0.76,17,0.91,17,0.44,0.00
D,387,Maguire,4.2,4.2,Man Utd,83,2.66,80,2.00,79,1.74,69,1.88,60,2.87,55,2.50,53,1.84,55,3.02,55,1.42,0.00
M,388,Mainoo,4.4,4.4,Man Utd,69,2.22,64,1.98,66,1.99,65,2.06,65,2.51,66,2.42,64,2.09,67,4.12,66,2.00,0.00
D,389,Malacia,4.3,4.3,Man Utd,0,0.00,0,0.00,0,0.00,0,0.00,5,0.20,17,0.80,40,1.47,58,3.33,50,1.38,0.00
F,390,Martial,6.4,6.4,Man Utd,0,0.00,2,0.13,4,0.26,7,0.48,12,0.86,12,0.87,11,0.72,11,1.37,12,0.74,0.00
D,391,Martinez,4.7,4.7,Man Utd,0,0.00,0,0.00,0,0.00,26,0.73,57,2.74,70,3.15,74,2.55,70,3.82,72,1.83,0.00
M,392,McTominay,4.6,4.6,Man Utd,26,0.96,23,0.79,24,0.82,27,0.97,25,1.09,25,1.09,25,0.93,25,1.82,25,0.87,0.00
D,393,Mengi,3.9,3.9,Luton,90,1.05,86,0.94,84,2.10,81,0.47,80,2.31,79,1.80,78,2.24,77,1.59,78,1.99,0.01
M,394,Pellistri,4.2,4.2,Man Utd,0,0.00,0,0.00,0,0.00,0,0.00,0,0.00,0,0.00,0,0.00,0,0.00,0,0.00,0.00
D,395,R.Varane,4.9,4.9,Man Utd,87,2.73,83,2.06,80,1.75,71,1.90,59,2.71,55,2.40,54,1.81,53,2.82,51,1.30,0.00
M,396,Rashford,8.4,8.4,Man Utd,80,4.66,77,3.95,75,3.94,75,4.28,72,5.69,71,5.22,73,4.18,72,7.93,72,3.77,0.01
M,397,Sancho,6.7,6.7,Man Utd,0,0.00,0,0.00,0,0.00,0,0.00,0,0.00,0,0.00,0,0.00,0,0.00,0,0.00,0.00
D,398,Shaw,5.2,5.2,Man Utd,0,0.00,0,0.00,0,0.00,0,0.00,0,0.00,0,0.00,0,0.00,3,0.23,19,0.58,0.00
F,399,Shoretire,4.4,4.4,Man Utd,0,0.00,0,0.00,0,0.00,0,0.00,0,0.00,0,0.00,0,0.00,0,0.00,0,0.00,0.00
M,400,Van de Beek,4.7,4.7,Man Utd,0,0.00,0,0.00,0,0.00,0,0.00,0,0.00,0,0.00,0,0.00,0,0.00,0,0.00,0.00
D,401,Wan-Bissaka,4.4,4.4,Man Utd,82,2.59,79,1.96,79,1.72,78,2.10,74,3.54,69,3.07,59,2.03,50,2.76,47,1.25,0.00
M,402,Almirón,6.0,6.0,Newcastle,56,3.23,52,2.96,49,2.53,50,2.79,48,2.55,48,3.32,48,2.81,46,4.93,45,2.43,0.00
M,403,Anderson,4.2,4.2,Newcastle,15,0.88,16,0.85,19,0.94,22,1.17,24,1.18,21,1.26,19,1.03,14,1.50,11,0.59,0.00
D,404,Ashby,4.0,4.0,Newcastle,0,0.00,0,0.00,0,0.00,0,0.00,0,0.00,0,0.00,0,0.00,0,0.00,0,0.00,0.00
D,405,Botman,4.5,4.5,Newcastle,64,2.24,78,2.88,83,2.19,81,2.09,80,2.62,79,3.67,77,2.80,78,4.33,78,2.35,0.01
M,406,Bruno G.,5.8,5.8,Newcastle,91,3.07,88,2.93,80,2.42,71,2.31,67,2.11,81,3.29,81,2.73,80,4.98,80,2.49,0.00
D,407,Burn,4.4,4.4,Newcastle,77,3.04,70,2.90,66,2.05,65,1.99,65,2.41,64,3.37,63,2.56,61,3.96,63,2.18,0.01
G,408,Darlow,4.0,4.0,Newcastle,0,0.00,0,0.00,0,0.00,0,0.00,0,0.00,0,0.00,0,0.00,0,0.00,0,0.00,0.00
G,409,Dubravka,4.2,4.2,Newcastle,93,3.56,92,3.60,93,3.26,92,3.16,83,3.10,66,2.86,35,1.37,5,0.31,5,0.17,0.10
M,410,Fraser,4.9,4.9,Newcastle,0,0.00,0,0.00,0,0.00,0,0.00,0,0.00,0,0.00,0,0.00,0,0.00,0,0.00,0.00
G,411,Gillespie,3.9,3.9,Newcastle,0,0.00,0,0.00,0,0.00,0,0.00,0,0.00,0,0.00,0,0.00,0,0.00,0,0.00,0.00
M,412,Gordon,6.1,6.1,Newcastle,66,3.52,77,4.00,81,3.69,79,3.92,77,3.55,80,5.15,79,4.07,79,7.41,78,3.66,0.01
M,413,Hayden,4.4,4.4,Newcastle,0,0.00,0,0.00,0,0.00,0,0.00,0,0.00,0,0.00,0,0.00,0,0.00,0,0.00,0.00
M,414,Hendrick,4.4,4.4,Newcastle,0,0.00,0,0.00,0,0.00,0,0.00,0,0.00,0,0.00,0,0.00,0,0.00,0,0.00,0.00
F,415,Isak,7.5,7.5,Newcastle,83,5.65,78,5.10,75,4.44,74,4.92,72,4.26,70,5.83,70,4.61,65,8.05,61,3.76,0.00
M,416,Joelinton,5.8,5.8,Newcastle,0,0.00,0,0.00,0,0.00,0,0.00,0,0.00,0,0.00,21,0.89,47,3.69,65,2.54,0.00
D,417,Krafth,4.4,4.4,Newcastle,10,0.39,7,0.25,4,0.12,3,0.09,4,0.10,4,0.18,4,0.14,4,0.24,4,0.14,0.00
M,418,Kuol,4.5,4.5,Newcastle,0,0.00,0,0.00,0,0.00,0,0.00,0,0.00,0,0.00,0,0.00,0,0.00,0,0.00,0.00
D,419,Lascelles,3.9,3.9,Newcastle,22,0.82,15,0.51,13,0.37,15,0.41,16,0.53,18,0.81,19,0.71,17,1.00,15,0.46,0.01
D,420,J.Lewis,4.0,4.0,Newcastle,0,0.00,0,0.00,0,0.00,0,0.00,0,0.00,0,0.00,0,0.00,0,0.00,0,0.00,0.00
M,421,Longstaff,4.8,4.8,Newcastle,83,2.89,81,2.78,78,2.45,77,2.55,77,2.50,72,2.94,71,2.48,66,4.27,64,2.10,0.00
D,422,Manquillo,4.0,4.0,Newcastle,0,0.00,0,0.00,0,0.00,0,0.00,0,0.00,0,0.00,0,0.00,0,0.00,0,0.00,0.00
M,423,J.Murphy,4.8,4.8,Newcastle,42,2.32,39,2.12,39,1.94,38,2.02,41,2.02,40,2.56,39,2.11,37,3.80,33,1.76,0.00
G,424,Pope,5.3,5.3,Newcastle,0,0.00,0,0.00,0,0.00,0,0.00,9,0.30,26,1.12,58,2.22,90,6.35,90,3.26,0.00
M,425,Ritchie,4.3,4.3,Newcastle,3,0.19,3,0.15,2,0.10,2,0.11,2,0.11,3,0.17,3,0.14,2,0.16,2,0.11,0.00
M,426,Saint-Maximin,6.0,6.0,Newcastle,0,0.00,0,0.00,0,0.00,0,0.00,0,0.00,0,0.00,0,0.00,0,0.00,0,0.00,0.00
D,427,Schär,5.4,5.4,Newcastle,91,3.44,86,3.41,84,2.40,83,2.33,81,2.81,79,4.00,79,3.03,80,4.72,80,2.54,0.00
D,428,Targett,4.2,4.2,Newcastle,13,0.56,11,0.45,8,0.27,7,0.24,9,0.35,9,0.45,9,0.38,10,0.65,9,0.34,0.00
M,429,Tonali,5.2,5.2,Newcastle,0,0.00,0,0.00,0,0.00,0,0.00,0,0.00,0,0.00,0,0.00,0,0.00,0,0.00,0.00
D,430,Trippier,6.7,6.7,Newcastle,45,2.07,56,2.67,74,2.54,83,2.91,81,3.33,79,4.94,81,3.71,80,5.79,80,3.07,0.01
D,431,Watts,4.0,4.0,Newcastle,0,0.00,0,0.00,0,0.00,0,0.00,0,0.00,0,0.00,0,0.00,0,0.00,0,0.00,0.00
M,432,Willock,5.3,5.3,Newcastle,63,2.95,60,2.78,57,2.44,60,2.69,60,2.56,58,3.22,53,2.51,45,4.05,40,1.87,0.00
F,433,Wilson,7.8,7.8,Newcastle,0,0.00,0,0.00,0,0.00,0,0.00,0,0.00,0,0.00,0,0.00,17,2.24,29,1.96,0.00
M,434,B.Aguilera,4.5,4.5,Nott'm Forest,0,0.00,0,0.00,0,0.00,0,0.00,0,0.00,0,0.00,0,0.00,0,0.00,0,0.00,0.00
M,435,Arter,4.3,4.3,Nott'm Forest,0,0.00,0,0.00,0,0.00,0,0.00,0,0.00,0,0.00,0,0.00,0,0.00,0,0.00,0.00
D,436,Aurier,4.5,4.5,Nott'm Forest,0,0.00,0,0.00,0,0.00,0,0.00,0,0.00,0,0.00,0,0.00,0,0.00,0,0.00,0.00
F,437,Awoniyi,6.3,6.3,Nott'm Forest,19,1.16,25,1.51,38,1.88,37,2.20,40,1.99,38,1.67,37,2.25,36,1.98,39,2.21,0.00
D,438,Biancone,3.9,3.9,Nott'm Forest,0,0.00,0,0.00,0,0.00,0,0.00,0,0.00,0,0.00,0,0.00,0,0.00,0,0.00,0.00
D,439,Boly,4.5,4.5,Nott'm Forest,16,0.68,20,0.76,18,0.46,19,0.78,22,0.73,22,0.53,21,0.89,23,0.75,23,0.88,0.00
M,440,Bowler,4.5,4.5,Nott'm Forest,0,0.00,0,0.00,0,0.00,0,0.00,0,0.00,0,0.00,0,0.00,0,0.00,0,0.00,0.00
D,441,Cook,4.5,4.5,Nott'm Forest,0,0.00,0,0.00,0,0.00,0,0.00,0,0.00,0,0.00,0,0.00,0,0.00,0,0.00,0.00
M,442,Danilo,5.3,5.3,Nott'm Forest,47,1.69,48,1.68,46,1.45,48,1.69,46,1.52,48,1.43,49,1.74,48,1.59,48,1.64,0.00
F,443,Dennis,4.8,4.8,Nott'm Forest,0,0.00,0,0.00,0,0.00,0,0.00,0,0.00,0,0.00,0,0.00,0,0.00,0,0.00,0.00
D,444,Dräger,4.0,4.0,Nott'm Forest,0,0.00,0,0.00,0,0.00,0,0.00,0,0.00,0,0.00,0,0.00,0,0.00,0,0.00,0.00
D,445,Felipe,4.4,4.4,Nott'm Forest,18,0.72,20,0.71,23,0.49,23,0.86,24,0.72,25,0.52,23,0.91,24,0.72,24,0.87,0.00
M,446,Freuler,4.9,4.9,Nott'm Forest,0,0.00,0,0.00,0,0.00,0,0.00,0,0.00,0,0.00,0,0.00,0,0.00,0,0.00,0.00
M,447,Gibbs-White,5.7,5.7,Nott'm Forest,85,4.38,82,4.07,79,3.21,77,3.93,77,3.20,77,2.77,75,3.94,75,3.42,76,3.68,0.55
G,448,Hennessey,3.9,3.9,Nott'm Forest,0,0.00,0,0.00,0,0.00,0,0.00,0,0.00,0,0.00,0,0.00,0,0.00,0,0.00,0.00
G,449,Horvath,4.3,4.3,Nott'm Forest,0,0.00,0,0.00,0,0.00,0,0.00,0,0.00,0,0.00,0,0.00,0,0.00,0,0.00,0.00
M,450,Johnson,5.8,5.8,Spurs,27,2.16,32,2.01,35,2.51,35,2.09,37,1.98,37,1.91,38,1.85,38,4.65,37,2.55,0.00
M,451,Kouyaté,4.8,4.8,Nott'm Forest,0,0.00,2,0.09,2,0.09,2,0.13,3,0.13,3,0.16,4,0.21,5,0.24,4,0.20,0.00
D,452,Laryea,4.5,4.5,Nott'm Forest,0,0.00,0,0.00,0,0.00,0,0.00,0,0.00,0,0.00,0,0.00,0,0.00,0,0.00,0.00
M,453,Mangala,5.0,5.0,Nott'm Forest,0,0.00,0,0.00,0,0.00,0,0.00,0,0.00,0,0.00,0,0.00,0,0.00,0,0.00,0.00
D,454,Mbe Soh,4.0,4.0,Nott'm Forest,0,0.00,0,0.00,0,0.00,0,0.00,0,0.00,0,0.00,0,0.00,0,0.00,0,0.00,0.00
D,455,McKenna,4.4,4.4,Nott'm Forest,0,0.00,0,0.00,0,0.00,0,0.00,0,0.00,0,0.00,0,0.00,0,0.00,0,0.00,0.00
M,456,Mighten,4.4,4.4,Nott'm Forest,0,0.00,0,0.00,0,0.00,0,0.00,0,0.00,0,0.00,0,0.00,0,0.00,0,0.00,0.00
D,457,Niakhaté,4.5,4.5,Nott'm Forest,34,1.31,29,0.97,31,0.57,30,1.09,29,0.84,32,0.59,34,1.28,33,0.89,33,1.12,0.00
M,458,O'Brien,4.9,4.9,Nott'm Forest,0,0.00,0,0.00,0,0.00,0,0.00,0,0.00,0,0.00,0,0.00,0,0.00,0,0.00,0.00
M,459,Ojeda,4.5,4.5,Nott'm Forest,0,0.00,0,0.00,0,0.00,0,0.00,0,0.00,0,0.00,0,0.00,0,0.00,0,0.00,0.00
D,460,Panzo,4.0,4.0,Nott'm Forest,0,0.00,0,0.00,0,0.00,0,0.00,0,0.00,0,0.00,0,0.00,0,0.00,0,0.00,0.00
D,461,O.Richards,4.4,4.4,Nott'm Forest,0,0.00,0,0.00,0,0.00,0,0.00,0,0.00,0,0.00,0,0.00,0,0.00,0,0.00,0.00
M,462,G.Scarpa,4.5,4.5,Nott'm Forest,0,0.00,0,0.00,0,0.00,0,0.00,0,0.00,0,0.00,0,0.00,0,0.00,0,0.00,0.00
M,463,J.Shelvey,4.8,4.8,Nott'm Forest,0,0.00,0,0.00,0,0.00,0,0.00,0,0.00,0,0.00,0,0.00,0,0.00,0,0.00,0.00
F,464,Surridge,4.5,4.5,Nott'm Forest,0,0.00,0,0.00,0,0.00,0,0.00,0,0.00,0,0.00,0,0.00,0,0.00,0,0.00,0.00
D,465,Toffolo,4.4,4.4,Nott'm Forest,48,2.07,32,1.26,29,0.68,29,1.23,29,0.97,29,0.65,29,1.29,31,1.00,30,1.19,0.11
F,466,Ui-jo,4.4,4.4,Nott'm Forest,0,0.00,0,0.00,0,0.00,0,0.00,0,0.00,0,0.00,0,0.00,0,0.00,0,0.00,0.00
D,467,Williams,4.3,4.3,Nott'm Forest,86,3.34,80,2.71,76,1.35,72,2.68,70,2.00,68,1.18,67,2.60,67,1.84,65,2.26,0.47
F,468,Wood,4.8,4.8,Nott'm Forest,64,3.44,60,3.14,52,2.37,54,2.95,50,2.32,52,2.14,51,2.87,51,2.55,49,2.57,0.02
D,469,Worrall,4.3,4.3,Nott'm Forest,0,0.00,0,0.00,0,0.00,0,0.00,0,0.00,0,0.00,0,0.00,0,0.00,0,0.00,0.00
M,470,Yates,4.8,4.8,Nott'm Forest,52,1.85,51,1.75,55,1.64,54,1.85,55,1.69,54,1.51,55,1.91,54,1.70,55,1.83,0.00
D,471,Ahmedhodžić,4.3,4.3,Sheffield Utd,75,1.84,73,0.70,69,1.41,67,1.51,64,3.27,69,1.07,69,2.17,78,1.69,66,1.20,0.00
G,472,Amissah,3.9,3.9,Sheffield Utd,0,0.00,0,0.00,0,0.00,0,0.00,0,0.00,0,0.00,0,0.00,0,0.00,0,0.00,0.00
D,473,Baldock,3.8,3.8,Sheffield Utd,41,1.16,40,0.57,44,1.06,48,1.23,45,2.65,46,0.86,46,1.57,49,1.22,45,0.96,0.00
D,474,Basham,3.9,3.9,Sheffield Utd,0,0.00,0,0.00,0,0.00,0,0.00,0,0.00,0,0.00,0,0.00,0,0.00,0,0.00,0.00
M,475,Berge,4.6,4.6,Burnley,87,2.28,85,2.61,83,2.27,81,2.37,81,2.49,78,2.12,78,2.32,76,2.02,79,2.45,0.00
D,476,Bogle,4.5,4.5,Sheffield Utd,62,1.78,62,0.78,58,1.42,56,1.46,56,3.31,57,1.09,57,2.05,64,1.62,57,1.25,0.00
F,477,Brewster,4.9,4.9,Sheffield Utd,0,0.00,0,0.00,0,0.00,0,0.00,0,0.00,0,0.00,0,0.00,0,0.00,0,0.00,0.00
M,478,Coulibaly,4.4,4.4,Sheffield Utd,0,0.00,0,0.00,0,0.00,0,0.00,0,0.00,0,0.00,0,0.00,0,0.00,0,0.00,0.00
G,479,A.Davies,4.0,4.0,Sheffield Utd,0,0.00,0,0.00,0,0.00,0,0.00,0,0.00,0,0.00,0,0.00,0,0.00,0,0.00,0.00
D,480,Egan,4.3,4.3,Sheffield Utd,0,0.00,0,0.00,0,0.00,0,0.00,0,0.00,0,0.00,0,0.00,11,0.25,18,0.35,0.00
M,481,Fleck,4.9,4.9,Sheffield Utd,0,0.00,0,0.00,0,0.00,0,0.00,0,0.00,0,0.00,0,0.00,0,0.00,0,0.00,0.00
G,482,Foderingham,4.5,4.5,Sheffield Utd,2,0.08,2,0.08,4,0.12,5,0.16,6,0.39,7,0.23,6,0.20,6,0.20,7,0.23,0.00
F,483,Jebbison,4.8,4.8,Sheffield Utd,0,0.00,0,0.00,0,0.00,1,0.10,2,0.24,1,0.08,1,0.09,2,0.12,2,0.12,0.00
D,484,Lowe,4.3,4.3,Sheffield Utd,0,0.00,0,0.00,0,0.00,0,0.00,0,0.00,0,0.00,0,0.00,0,0.00,0,0.00,0.00
F,485,McBurnie,5.4,5.4,Sheffield Utd,59,2.80,56,2.07,54,2.37,52,2.27,52,4.89,51,2.14,50,2.49,50,2.02,49,2.25,0.00
F,486,Ndiaye,5.5,5.5,Sheffield Utd,0,0.00,0,0.00,0,0.00,0,0.00,0,0.00,0,0.00,0,0.00,0,0.00,0,0.00,0.00
D,487,Norrington-Davies,3.9,3.9,Sheffield Utd,0,0.00,0,0.00,0,0.00,0,0.00,0,0.00,0,0.00,0,0.00,0,0.00,0,0.00,0.00
M,488,Norwood,4.8,4.8,Sheffield Utd,36,1.31,40,1.22,40,1.35,44,1.46,42,2.96,41,1.34,40,1.47,42,1.35,40,1.36,0.00
M,489,Osborn,4.8,4.8,Sheffield Utd,32,1.22,33,1.09,35,1.24,35,1.26,35,2.58,37,1.25,33,1.28,37,1.24,34,1.20,0.00
F,490,Osula,4.3,4.3,Sheffield Utd,45,2.05,42,1.55,41,1.75,38,1.66,39,3.52,39,1.63,41,1.92,40,1.59,40,1.76,0.00
G,491,Austin,3.9,3.9,Spurs,2,0.07,3,0.10,3,0.13,3,0.10,1,0.03,0,0.00,0,0.00,0,0.00,0,0.00,0.00
M,492,Bentancur,5.4,5.4,Spurs,43,1.90,43,1.61,44,1.85,44,1.59,44,1.47,43,1.44,42,1.39,43,3.28,42,1.73,0.00
M,493,Bissouma,5.0,5.0,Spurs,79,2.86,77,2.37,73,2.56,72,2.15,71,2.01,72,2.01,69,1.87,71,4.47,71,2.45,0.00
M,494,Bryan,4.9,4.9,Spurs,0,0.00,0,0.00,2,0.16,1,0.13,2,0.09,2,0.14,3,0.20,1,0.22,1,0.10,0.00
D,495,Davies,4.3,4.3,Spurs,15,0.73,16,0.56,17,0.78,14,0.43,16,0.43,17,0.51,18,0.40,19,1.43,19,0.92,0.00
D,496,Dier,4.2,4.2,Spurs,0,0.00,0,0.00,0,0.00,0,0.00,0,0.00,0,0.00,0,0.00,0,0.00,0,0.00,0.00
D,497,E.Royal,4.3,4.3,Spurs,9,0.39,12,0.40,12,0.52,14,0.41,15,0.40,17,0.49,16,0.34,17,1.26,18,0.83,0.00
G,498,Forster,3.8,3.8,Spurs,0,0.00,0,0.00,0,0.00,0,0.00,4,0.13,5,0.16,4,0.13,4,0.25,4,0.17,0.00
M,499,Højbjerg,5.2,5.2,Spurs,12,0.46,16,0.54,18,0.65,20,0.67,18,0.58,21,0.65,21,0.66,20,1.40,22,0.83,0.00
F,500,Kane,12.5,12.5,Spurs,0,0.00,0,0.00,0,0.00,0,0.00,0,0.00,0,0.00,0,0.00,0,0.00,0,0.00,0.00
M,501,Kulusevski,6.8,6.8,Spurs,76,4.46,73,3.40,71,3.84,70,3.15,70,2.85,69,2.68,69,2.57,69,6.51,67,3.61,0.00
G,502,Lloris,4.7,4.7,Spurs,0,0.00,0,0.00,0,0.00,0,0.00,0,0.00,0,0.00,0,0.00,0,0.00,0,0.00,0.00
M,503,Lo Celso,4.8,4.8,Spurs,3,0.25,4,0.30,5,0.42,6,0.43,7,0.43,7,0.43,7,0.42,7,0.99,7,0.50,0.00
M,504,Maddison,8.0,7.9,Spurs,85,6.29,83,4.75,79,5.36,78,4.32,78,3.76,78,3.61,77,3.44,77,8.97,77,5.14,0.94
M,505,Ndombele,4.4,4.4,Spurs,0,0.00,0,0.00,0,0.00,0,0.00,0,0.00,0,0.00,0,0.00,0,0.00,0,0.00,0.00
D,506,Pedro Porro,5.8,5.8,Spurs,90,4.91,87,3.26,85,4.42,83,2.71,83,2.36,81,2.35,82,1.73,82,6.61,80,4.18,0.86
D,507,Perišić,4.7,4.7,Spurs,0,0.00,0,0.00,0,0.00,0,0.00,0,0.00,0,0.00,0,0.00,0,0.00,0,0.00,0.00
D,508,Reguilón,4.4,4.4,Brentford,0,0.00,80,2.99,79,2.04,75,4.18,72,2.83,72,2.41,72,2.83,73,2.19,71,2.53,0.80
M,509,Richarlison,6.9,6.9,Spurs,71,6.18,68,4.53,68,5.43,66,4.24,66,3.70,65,3.44,65,3.33,64,8.75,66,5.19,0.03
D,510,Rodon,4.0,4.0,Spurs,0,0.00,0,0.00,0,0.00,0,0.00,0,0.00,0,0.00,0,0.00,0,0.00,0,0.00,0.00
D,511,Romero,5.1,5.1,Spurs,91,3.78,88,2.49,84,3.35,84,1.98,82,1.77,82,1.84,81,1.22,82,5.08,79,3.17,0.00
D,512,Sánchez,4.4,4.4,Spurs,0,0.00,0,0.00,0,0.00,0,0.00,0,0.00,0,0.00,0,0.00,0,0.00,0,0.00,0.00
M,513,Sarr,4.4,4.4,Spurs,57,2.74,55,2.23,54,2.49,54,2.11,55,1.94,54,1.89,54,1.82,53,4.30,52,2.37,0.00
D,514,Sessegnon,4.4,4.4,Spurs,0,0.00,0,0.00,0,0.00,0,0.00,0,0.00,0,0.00,0,0.00,0,0.00,0,0.00,0.00
M,515,Skipp,4.5,4.5,Spurs,3,0.13,5,0.19,6,0.23,7,0.27,8,0.29,7,0.25,8,0.28,8,0.62,8,0.33,0.00
M,516,Son,10.1,9.8,Spurs,89,7.59,88,5.64,86,6.68,85,5.31,83,4.64,84,4.38,84,4.22,83,10.96,84,6.36,0.99
D,517,Spence,4.0,4.0,Spurs,0,0.00,0,0.00,0,0.00,0,0.00,0,0.00,0,0.00,0,0.00,0,0.00,0,0.00,0.00
D,518,Tanganga,4.0,4.0,Spurs,0,0.00,0,0.00,0,0.00,0,0.00,0,0.00,0,0.00,0,0.00,0,0.00,0,0.00,0.00
D,519,Udogie,5.0,5.0,Spurs,85,4.38,82,2.91,79,3.87,79,2.40,78,2.12,76,2.11,77,1.53,75,5.79,75,3.65,0.11
G,520,Vicario,5.3,5.3,Spurs,93,3.80,92,3.33,92,3.71,91,3.13,90,3.01,90,3.07,91,2.98,91,6.77,91,3.71,0.00
G,521,Whiteman,3.9,3.9,Spurs,0,0.00,0,0.00,0,0.00,0,0.00,0,0.00,0,0.00,0,0.00,0,0.00,0,0.00,0.00
D,522,N.Aguerd,4.4,4.4,West Ham,71,1.70,69,1.71,68,2.12,68,2.35,67,2.26,68,1.49,66,1.44,68,2.84,66,0.84,0.00
F,523,Antonio,5.7,5.7,West Ham,53,2.50,50,2.60,46,2.22,46,2.51,48,2.30,46,2.10,48,2.09,48,2.94,48,1.76,0.00
G,524,Areola,4.3,4.2,West Ham,93,3.18,93,3.17,92,3.40,91,3.45,91,3.53,91,3.04,90,3.07,90,3.66,90,2.91,0.36
M,525,Benrahma,5.6,5.6,West Ham,0,0.00,0,0.00,0,0.00,0,0.00,0,0.00,0,0.00,0,0.00,0,0.00,0,0.00,0.00
M,526,Bowen,8.0,8.0,West Ham,86,3.95,83,4.18,82,3.90,80,4.38,79,3.82,78,3.43,78,3.26,78,4.98,76,2.57,0.92
M,527,Cornet,5.2,5.2,West Ham,5,0.29,9,0.54,10,0.54,18,1.10,20,1.07,20,1.03,20,1.01,22,1.43,27,1.11,0.00
D,528,Coufal,4.6,4.6,West Ham,82,1.88,78,1.89,77,2.34,76,2.57,75,2.45,75,1.58,74,1.56,74,3.04,72,0.89,0.08
M,529,Coventry,4.3,4.3,West Ham,0,0.00,0,0.00,0,0.00,0,0.00,0,0.00,0,0.00,0,0.00,0,0.00,0,0.00,0.00
D,530,Cresswell,4.2,4.2,West Ham,28,0.85,16,0.52,15,0.55,16,0.64,16,0.64,18,0.54,18,0.53,19,0.87,23,0.47,0.03
M,531,Downes,5.0,5.0,West Ham,0,0.00,0,0.00,0,0.00,0,0.00,0,0.00,0,0.00,0,0.00,0,0.00,0,0.00,0.00
D,532,Emerson,4.4,4.4,West Ham,64,1.65,81,2.16,81,2.64,79,2.90,78,2.77,77,1.80,76,1.77,76,3.42,74,0.99,0.00
G,533,Fabianski,4.2,4.2,West Ham,2,0.06,2,0.07,3,0.10,4,0.15,3,0.14,4,0.14,5,0.16,5,0.21,5,0.16,0.00
M,534,P.Fornals,4.6,4.6,West Ham,0,0.00,0,0.00,0,0.00,0,0.00,0,0.00,0,0.00,0,0.00,0,0.00,0,0.00,0.00
F,535,Ings,5.6,5.6,West Ham,13,0.75,15,0.93,10,0.65,12,0.79,12,0.71,13,0.73,14,0.76,14,1.03,16,0.78,0.00
D,536,Johnson,4.4,4.4,West Ham,23,0.61,26,0.72,22,0.73,23,0.82,23,0.83,25,0.63,25,0.64,25,1.07,28,0.48,0.00
D,537,Kehrer,4.2,4.2,West Ham,0,0.00,0,0.00,0,0.00,0,0.00,0,0.00,0,0.00,0,0.00,0,0.00,0,0.00,0.00
F,538,Mubama,4.1,4.1,West Ham,1,0.11,2,0.18,2,0.14,3,0.21,3,0.21,3,0.19,4,0.24,4,0.26,5,0.29,0.00
M,539,L.Paquetá,6.0,6.0,West Ham,87,3.63,83,3.82,81,3.51,78,3.98,77,3.45,77,3.14,76,3.00,76,4.46,75,2.43,0.03
M,540,Rice,5.5,5.5,Arsenal,81,2.30,83,3.49,81,2.77,78,2.97,76,2.75,76,2.51,76,3.04,75,5.31,74,2.87,0.00
F,541,Scamacca,6.0,6.0,West Ham,0,0.00,0,0.00,0,0.00,0,0.00,0,0.00,0,0.00,0,0.00,0,0.00,0,0.00,0.00
M,542,Souček,4.9,4.9,West Ham,89,2.75,87,2.83,80,2.56,79,2.73,80,2.57,80,2.38,78,2.28,80,3.04,83,2.07,0.00
M,543,Vlašić,4.5,4.5,West Ham,0,0.00,0,0.00,0,0.00,0,0.00,0,0.00,0,0.00,0,0.00,0,0.00,0,0.00,0.00
D,544,Zouma,4.5,4.5,West Ham,39,1.06,44,1.19,42,1.41,43,1.60,43,1.56,43,1.05,45,1.09,44,1.95,47,0.69,0.01
D,545,Aït-Nouri,4.5,4.5,Wolves,82,2.25,78,3.20,75,3.20,75,2.83,74,1.95,72,3.58,69,1.10,71,6.28,70,1.31,0.00
G,546,Bentley,3.9,3.9,Wolves,1,0.04,1,0.04,4,0.14,4,0.15,4,0.12,5,0.19,4,0.14,4,0.31,4,0.15,0.00
D,547,Bolla,4.0,4.0,Wolves,0,0.00,0,0.00,0,0.00,0,0.00,0,0.00,0,0.00,0,0.00,0,0.00,0,0.00,0.00
D,548,H.Bueno,4.4,4.4,Wolves,10,0.35,9,0.38,8,0.37,8,0.35,8,0.29,8,0.40,9,0.23,7,0.64,7,0.21,0.00
M,549,Chiquinho,4.5,4.5,Wolves,0,0.00,0,0.00,0,0.00,0,0.00,0,0.00,0,0.00,0,0.00,0,0.00,0,0.00,0.00
M,550,Cundle,4.5,4.5,Wolves,0,0.00,0,0.00,0,0.00,0,0.00,0,0.00,0,0.00,0,0.00,0,0.00,0,0.00,0.00
D,551,Dawson,4.5,4.5,Wolves,68,1.53,78,2.65,87,2.99,86,2.66,84,1.73,85,3.39,85,0.91,85,5.95,84,1.08,0.00
F,552,Fábio Silva,5.2,5.2,Wolves,0,0.00,0,0.00,0,0.00,0,0.00,0,0.00,0,0.00,0,0.00,0,0.00,0,0.00,0.00
D,553,Giles,4.2,4.2,Luton,0,0.00,0,0.00,0,0.00,0,0.00,0,0.00,0,0.00,0,0.00,0,0.00,0,0.00,0.00
M,554,Guedes,5.4,5.4,Wolves,0,0.00,0,0.00,0,0.00,0,0.00,0,0.00,0,0.00,0,0.00,0,0.00,0,0.00,0.00
M,555,Hodge,4.4,4.4,Wolves,0,0.00,0,0.00,0,0.00,0,0.00,0,0.00,0,0.00,0,0.00,0,0.00,0,0.00,0.00
D,556,Hoever,4.0,4.0,Wolves,0,0.00,0,0.00,0,0.00,0,0.00,0,0.00,0,0.00,0,0.00,0,0.00,0,0.00,0.00
M,557,Hee Chan,5.5,5.5,Wolves,0,0.00,0,0.00,0,0.00,0,0.00,35,1.54,48,3.27,77,2.69,76,8.60,76,2.98,0.00
F,558,Raúl,5.0,5.0,Fulham,14,0.97,15,0.94,16,1.08,19,1.11,17,0.97,18,1.23,17,1.08,19,0.98,18,1.20,0.00
M,559,João Gomes,4.9,4.9,Wolves,85,2.26,81,2.40,80,2.39,79,2.25,78,1.97,75,2.44,78,1.81,75,4.48,75,1.82,0.00
D,560,J.Otto,4.3,4.3,Wolves,0,0.00,0,0.00,0,0.00,0,0.00,0,0.00,0,0.00,0,0.00,0,0.00,0,0.00,0.00
M,561,Jordão,4.3,4.3,Wolves,1,0.07,2,0.12,4,0.22,4,0.22,5,0.23,3,0.17,6,0.29,2,0.27,2,0.12,0.00
F,562,Kalajdžić,4.9,4.9,Wolves,0,0.00,0,0.00,0,0.00,0,0.00,0,0.00,0,0.00,0,0.00,0,0.00,0,0.00,0.00
D,563,Kilman,4.5,4.5,Wolves,91,1.99,88,2.95,85,2.95,83,2.60,81,1.70,81,3.26,79,0.90,80,5.69,79,1.06,0.00
G,564,King,3.9,3.9,Wolves,0,0.00,0,0.00,0,0.00,0,0.00,0,0.00,0,0.00,0,0.00,0,0.00,0,0.00,0.00
M,565,Mario Jr.,4.9,4.9,Wolves,88,2.48,86,2.68,76,2.42,68,2.05,62,1.63,80,2.75,82,1.89,79,4.91,79,1.93,0.00
M,566,Matheus N.,4.7,4.7,Man City,13,0.62,16,0.85,18,0.95,20,1.21,21,1.06,21,1.10,22,1.22,23,2.30,22,1.21,0.00
M,567,Neto,5.7,5.7,Wolves,0,0.00,0,0.00,0,0.00,0,0.00,0,0.00,0,0.00,0,0.00,27,2.84,44,1.69,0.00
M,568,Podence,5.3,5.3,Wolves,0,0.00,0,0.00,0,0.00,0,0.00,0,0.00,0,0.00,0,0.00,0,0.00,0,0.00,0.00
G,569,José Sá,5.0,5.0,Wolves,94,3.14,94,3.54,91,3.51,91,3.37,91,3.00,90,3.64,90,2.91,91,7.02,90,2.91,0.00
M,570,Sarabia,4.7,4.7,Wolves,83,3.95,81,4.42,80,4.40,79,3.93,75,3.05,74,4.58,71,2.50,62,6.96,57,2.33,0.00
G,571,Šarkić,4.0,4.0,Wolves,0,0.00,0,0.00,0,0.00,0,0.00,0,0.00,0,0.00,0,0.00,0,0.00,0,0.00,0.00
D,572,N.Semedo,4.5,4.5,Wolves,91,1.94,87,2.92,84,2.91,82,2.56,81,1.70,81,3.29,80,0.92,80,5.72,81,1.09,0.00
D,573,Toti,4.4,4.4,Wolves,67,1.60,63,2.27,59,2.17,58,1.95,59,1.37,61,2.58,58,0.79,59,4.44,58,0.92,0.00
M,574,Boubacar Traore,4.3,4.3,Wolves,12,0.43,15,0.56,17,0.61,20,0.72,21,0.67,15,0.58,28,0.83,14,1.07,13,0.45,0.00
D,575,Lockyer,4.2,4.2,Luton,0,0.00,0,0.00,0,0.00,0,0.00,0,0.00,0,0.00,0,0.00,0,0.00,0,0.00,0.00
D,576,Robinson,4.3,4.3,Sheffield Utd,71,1.60,69,0.62,71,1.35,70,1.47,70,3.34,70,1.01,66,1.92,74,1.55,64,1.06,0.00
D,577,Ogbonna,4.3,4.3,West Ham,3,0.09,6,0.17,6,0.22,6,0.22,8,0.28,9,0.22,9,0.22,10,0.38,12,0.20,0.00
M,578,Nelson,4.8,4.8,Arsenal,11,0.53,9,0.68,9,0.53,9,0.54,9,0.57,10,0.59,11,0.75,12,1.40,11,0.68,0.00
G,579,Lonergan,3.9,3.9,Everton,0,0.00,0,0.00,0,0.00,0,0.00,0,0.00,0,0.00,0,0.00,0,0.00,0,0.00,0.00
G,580,Karius,3.9,3.9,Newcastle,2,0.06,2,0.10,2,0.09,3,0.10,3,0.11,3,0.13,2,0.07,0,0.00,0,0.00,0.00
D,581,Dummett,3.9,3.9,Newcastle,1,0.05,0,0.00,0,0.00,1,0.05,1,0.04,2,0.09,2,0.07,2,0.11,1,0.05,0.00
M,582,Mpanzu,4.7,4.7,Luton,33,1.10,51,1.49,34,1.27,33,1.05,26,1.05,23,0.89,21,0.84,18,0.69,15,0.62,0.00
M,583,Solomon,5.1,5.1,Spurs,0,0.00,0,0.00,0,0.00,0,0.00,0,0.00,0,0.00,1,0.10,5,0.67,7,0.52,0.00
D,584,Pau,4.6,4.6,Aston Villa,88,3.33,87,1.28,85,3.22,84,1.29,82,2.77,82,2.33,80,1.99,82,1.74,82,2.73,0.17
D,585,J.Timber,4.6,4.6,Arsenal,20,0.55,30,1.58,31,1.30,47,2.19,50,2.36,50,1.74,49,2.45,51,4.32,52,2.70,0.00
M,586,Chong,4.7,4.7,Luton,61,2.28,61,2.05,53,2.44,52,1.70,44,2.10,42,1.76,42,1.86,40,1.68,38,1.79,0.00
M,587,Slimane,4.7,4.7,Sheffield Utd,5,0.25,7,0.32,8,0.41,11,0.49,11,1.04,11,0.48,13,0.57,13,0.55,12,0.55,0.00
D,588,Young,4.4,4.4,Everton,35,1.24,36,1.14,38,1.96,36,1.10,38,2.94,37,1.67,36,1.53,39,2.10,36,0.88,0.00
M,589,Ângelo,5.0,5.0,Chelsea,0,0.00,0,0.00,0,0.00,0,0.00,0,0.00,0,0.00,0,0.00,0,0.00,0,0.00,0.00
F,590,Cunha,5.5,5.5,Wolves,59,2.90,71,3.95,83,4.49,83,4.03,81,3.08,79,4.74,77,2.54,76,7.86,74,2.74,0.00
M,591,Willian,5.3,5.3,Fulham,55,3.38,56,2.88,54,3.06,55,2.75,56,2.59,55,3.23,58,2.96,53,2.24,55,3.10,0.00
D,592,Larouci,4.3,4.3,Sheffield Utd,33,1.10,33,0.65,36,1.04,37,1.12,37,2.48,35,0.86,38,1.45,41,1.21,38,0.99,0.00
F,593,T.Bénie,5.1,5.1,Sheffield Utd,0,0.00,0,0.00,0,0.00,0,0.00,0,0.00,0,0.00,0,0.00,0,0.00,0,0.00,0.00
F,594,Amdouni,5.3,5.3,Burnley,65,2.64,42,2.23,43,1.87,43,2.11,44,2.30,43,1.94,43,2.19,45,1.93,43,2.26,0.00
D,595,Kerkez,4.4,4.4,Bournemouth,45,1.77,38,1.67,29,1.13,17,0.65,19,0.57,19,0.71,18,0.42,19,1.47,20,0.55,0.02
G,596,Trafford,4.5,4.5,Burnley,93,3.01,93,3.35,92,3.14,92,3.17,91,3.51,90,2.93,90,3.04,90,2.84,90,3.41,0.02
G,597,Onana,4.8,4.8,Man Utd,94,3.46,93,3.21,92,3.04,92,3.19,91,3.93,91,3.81,92,3.51,91,6.31,91,3.16,0.00
D,598,Doherty,4.3,4.3,Wolves,52,1.57,46,2.03,44,1.98,41,1.67,40,1.19,39,2.02,38,0.72,34,3.18,33,0.75,0.00
M,599,Diaby,6.3,6.3,Aston Villa,39,2.47,38,1.57,26,1.81,23,1.10,23,1.61,23,1.44,24,1.39,25,1.40,27,1.59,0.00
M,600,Redmond,4.7,4.7,Burnley,0,0.00,0,0.00,0,0.00,0,0.00,0,0.00,0,0.00,0,0.00,0,0.00,0,0.00,0.00
M,601,Danjuma,5.2,5.2,Everton,8,0.53,13,0.85,20,1.53,23,1.33,25,3.31,26,1.88,26,1.79,28,2.23,27,1.28,0.00
D,602,Kaboré,4.0,4.0,Luton,72,1.04,69,0.91,64,1.86,0,0.00,59,1.93,56,1.48,55,1.77,54,1.29,54,1.60,0.02
M,603,Barnes,6.2,6.2,Newcastle,33,2.18,40,2.52,42,2.35,44,2.65,46,2.55,44,3.37,44,2.77,38,4.54,36,2.16,0.00
D,604,Aina,4.5,4.5,Nott'm Forest,29,1.26,54,1.98,55,1.14,52,2.07,52,1.62,53,1.07,51,2.09,53,1.58,51,1.90,0.00
M,605,Koleosho,4.8,4.8,Burnley,0,0.00,0,0.00,0,0.00,0,0.00,0,0.00,0,0.00,0,0.00,0,0.00,14,0.74,0.00
D,606,Igor,4.3,4.3,Brighton,29,0.61,30,0.93,35,0.92,33,1.27,32,0.74,35,2.10,34,1.13,34,0.90,32,1.09,0.00
G,607,Radu,4.3,4.3,Bournemouth,0,0.00,0,0.00,0,0.00,1,0.04,2,0.06,1,0.05,1,0.04,2,0.13,2,0.05,0.00
M,608,Bruun Larsen,4.8,4.8,Burnley,55,2.39,43,2.37,46,2.07,45,2.33,42,2.35,47,2.12,43,2.29,42,1.88,42,2.32,0.00
M,609,Maatsen,5.1,5.1,Chelsea,0,0.00,0,0.00,0,0.00,0,0.00,0,0.00,0,0.00,0,0.00,0,0.00,0,0.00,0.00
D,610,Bassey,4.4,4.4,Fulham,89,3.23,88,2.73,84,2.31,82,2.20,82,1.60,81,3.08,80,2.27,81,1.38,79,2.46,0.00
D,611,Disasi,4.9,4.9,Chelsea,85,4.04,82,2.73,77,3.40,74,3.06,74,2.20,73,4.03,72,2.88,73,4.02,72,2.74,0.00
M,613,Ugochukwu,4.4,4.4,Chelsea,2,0.10,4,0.17,5,0.24,9,0.39,10,0.38,7,0.62,8,0.34,8,0.66,9,0.39,0.00
G,614,Kaminski,4.5,4.5,Luton,93,2.98,93,2.99,93,3.21,92,2.98,91,3.31,91,3.12,91,3.30,90,3.05,90,3.13,0.13
M,615,Matheus França,4.8,4.8,Crystal Palace,0,0.00,0,0.00,0,0.00,0,0.00,0,0.00,0,0.00,0,0.00,0,0.00,0,0.00,0.00
D,616,Gvardiol,4.8,4.8,Man City,61,2.30,61,2.93,60,3.02,60,3.40,59,2.41,60,2.96,62,3.34,59,4.74,59,3.09,0.00
F,617,Højlund,7.0,7.0,Man Utd,84,4.16,80,3.48,76,3.46,75,3.72,72,4.58,72,4.37,71,3.48,72,6.88,72,3.32,0.00
M,618,Kellyman,4.5,4.5,Aston Villa,0,0.00,1,0.07,0,0.00,0,0.00,0,0.00,0,0.00,0,0.00,1,0.06,1,0.07,0.00
D,619,Greenwood,4.0,4.0,Bournemouth,0,0.00,0,0.00,0,0.00,0,0.00,0,0.00,0,0.00,0,0.00,0,0.00,0,0.00,0.00
M,620,Olakigbe,4.5,4.5,Brentford,0,0.00,0,0.00,0,0.00,0,0.00,0,0.00,0,0.00,0,0.00,0,0.00,0,0.00,0.00
M,621,Hinshelwood,4.5,4.5,Brighton,0,0.00,0,0.00,0,0.00,0,0.00,0,0.00,2,0.12,8,0.34,19,0.72,31,1.21,0.00
D,622,Dodgson,4.0,4.0,Burnley,0,0.00,0,0.00,0,0.00,0,0.00,0,0.00,0,0.00,0,0.00,0,0.00,0,0.00,0.00
F,623,Burstow,4.5,4.5,Chelsea,0,0.00,0,0.00,0,0.00,0,0.00,0,0.00,0,0.00,0,0.00,0,0.00,0,0.00,0.00
M,624,Dobbin,4.5,4.5,Everton,3,0.20,3,0.24,4,0.28,3,0.19,3,0.42,3,0.27,3,0.25,4,0.32,5,0.27,0.00
D,625,De Fougerolles,3.9,3.9,Fulham,0,0.00,0,0.00,0,0.00,0,0.00,0,0.00,0,0.00,0,0.00,0,0.00,0,0.00,0.00
D,626,Quansah,4.0,4.0,Liverpool,45,1.73,35,1.78,28,0.93,15,0.63,14,0.93,15,0.49,16,0.50,15,0.44,12,0.46,0.00
M,627,Clark,4.4,4.4,Liverpool,0,0.00,1,0.10,1,0.09,0,0.00,0,0.00,0,0.00,0,0.00,0,0.00,0,0.00,0.00
M,628,Doak,4.3,4.3,Liverpool,0,0.00,0,0.00,0,0.00,0,0.00,0,0.00,0,0.00,0,0.00,0,0.00,0,0.00,0.00
M,629,McConnell,4.4,4.4,Liverpool,0,0.00,0,0.00,0,0.00,0,0.00,0,0.00,0,0.00,0,0.00,0,0.00,0,0.00,0.00
M,630,Barkley,5.0,5.0,Luton,89,2.94,86,2.52,81,3.36,79,2.20,79,3.34,78,2.77,76,2.93,77,2.69,76,3.06,0.08
F,631,Brown,4.9,4.9,Luton,8,0.35,19,0.73,23,1.19,42,1.44,35,1.84,33,1.50,31,1.51,33,1.48,31,1.59,0.00
M,632,Forson,4.4,4.4,Man Utd,11,0.51,11,0.46,12,0.53,12,0.53,13,0.65,12,0.58,13,0.57,12,1.03,12,0.51,0.00
D,633,Livramento,4.1,4.1,Newcastle,49,1.87,51,2.04,48,1.47,44,1.32,44,1.63,46,2.32,46,1.82,47,2.95,48,1.63,0.00
D,634,A.Murphy,3.9,3.9,Newcastle,0,0.00,0,0.00,0,0.00,0,0.00,0,0.00,0,0.00,0,0.00,0,0.00,0,0.00,0.00
M,635,Miley,4.5,4.5,Newcastle,33,1.50,35,1.56,41,1.65,43,1.79,45,1.82,42,2.10,34,1.53,29,2.56,22,1.03,0.00
G,636,G.Shelvey,3.9,3.9,Nott'm Forest,0,0.00,0,0.00,0,0.00,0,0.00,0,0.00,0,0.00,0,0.00,0,0.00,0,0.00,0.00
D,637,Powell,3.9,3.9,Nott'm Forest,0,0.00,0,0.00,0,0.00,0,0.00,0,0.00,0,0.00,0,0.00,0,0.00,0,0.00,0.00
M,638,Vini Souza,5.0,5.0,Sheffield Utd,83,2.09,81,1.83,78,1.92,77,1.91,75,3.87,74,1.78,74,1.97,73,1.79,73,1.79,0.00
D,639,Van de Ven,4.4,4.4,Spurs,43,1.79,58,1.69,78,3.08,82,1.94,80,1.73,79,1.85,79,1.24,78,4.90,79,3.10,0.00
F,640,Scarlett,4.5,4.5,Spurs,0,0.00,0,0.00,0,0.00,0,0.00,0,0.00,0,0.00,0,0.00,0,0.00,0,0.00,0.00
F,641,Veliz,5.4,5.4,Spurs,0,0.00,0,0.00,0,0.00,0,0.00,0,0.00,0,0.00,0,0.00,0,0.00,0,0.00,0.00
M,642,Álvarez,5.0,5.0,West Ham,0,0.00,0,0.00,76,2.12,75,2.22,74,2.10,74,1.93,73,1.88,72,2.32,78,1.78,0.00
D,643,Aarons,4.4,4.4,Bournemouth,14,0.56,20,0.88,30,1.11,46,1.56,46,1.15,45,1.54,46,0.78,45,3.31,46,1.05,0.00
M,644,Scott,4.9,4.9,Bournemouth,31,1.35,32,1.43,31,1.40,33,1.46,34,1.38,33,1.43,35,1.23,35,2.96,32,1.25,0.00
F,645,Y. Chermiti,4.8,4.8,Everton,0,0.00,1,0.10,0,0.00,1,0.10,2,0.24,2,0.15,2,0.15,2,0.18,2,0.13,0.00
G,646,Hein,4.0,4.0,Arsenal,0,0.00,0,0.00,0,0.00,0,0.00,0,0.00,0,0.00,0,0.00,0,0.00,0,0.00,0.00
G,647,Anang,4.0,4.0,West Ham,0,0.00,0,0.00,0,0.00,0,0.00,0,0.00,0,0.00,0,0.00,0,0.00,0,0.00,0.00
D,648,Francis-Clarke,4.0,4.0,Luton,0,0.00,0,0.00,0,0.00,0,0.00,0,0.00,0,0.00,0,0.00,0,0.00,0,0.00,0.00
F,649,Cannon,4.5,4.5,Everton,0,0.00,0,0.00,0,0.00,0,0.00,0,0.00,0,0.00,0,0.00,0,0.00,0,0.00,0.00
M,650,Onyango,4.4,4.4,Everton,0,0.00,0,0.00,0,0.00,0,0.00,0,0.00,0,0.00,0,0.00,0,0.00,0,0.00,0.00
F,651,Stansfield,4.5,4.5,Fulham,0,0.00,0,0.00,0,0.00,0,0.00,0,0.00,0,0.00,0,0.00,0,0.00,0,0.00,0.00
M,652,Dibley-Dias,4.5,4.5,Fulham,0,0.00,0,0.00,0,0.00,0,0.00,0,0.00,0,0.00,0,0.00,0,0.00,0,0.00,0.00
D,653,Seriki,3.9,3.9,Sheffield Utd,0,0.00,0,0.00,0,0.00,0,0.00,0,0.00,0,0.00,0,0.00,0,0.00,0,0.00,0.00
F,654,Marsh,4.5,4.5,Sheffield Utd,0,0.00,0,0.00,0,0.00,0,0.00,0,0.00,0,0.00,0,0.00,0,0.00,0,0.00,0.00
M,655,Brooks,4.4,4.4,Sheffield Utd,11,0.48,12,0.47,12,0.48,14,0.57,16,1.33,15,0.59,15,0.63,15,0.62,16,0.68,0.00
F,656,Hackford,4.4,4.4,Sheffield Utd,0,0.00,0,0.00,0,0.00,0,0.00,0,0.00,0,0.00,0,0.00,0,0.00,0,0.00,0.00
M,657,Rak-Sakyi,4.5,4.5,Crystal Palace,2,0.13,4,0.23,7,0.32,10,0.47,7,0.81,5,0.30,5,0.31,4,0.25,4,0.23,0.00
F,658,Gordon,4.5,4.5,Crystal Palace,0,0.00,0,0.00,0,0.00,0,0.00,0,0.00,0,0.00,0,0.00,0,0.00,0,0.00,0.00
G,659,Bergström,3.9,3.9,Chelsea,0,0.00,0,0.00,0,0.00,0,0.00,0,0.00,0,0.00,0,0.00,0,0.00,0,0.00,0.00
M,660,Odobert,5.0,5.0,Burnley,80,2.85,76,3.40,72,2.71,73,3.02,72,3.26,71,2.68,72,3.04,72,2.59,70,3.19,0.00
M,661,Harrison,5.5,5.5,Everton,86,3.57,82,3.22,79,3.96,79,2.87,77,6.57,78,3.71,78,3.51,76,4.04,77,2.43,0.00
M,662,Adama,4.9,4.9,Fulham,17,1.11,19,1.04,21,1.27,22,1.18,23,1.18,23,1.42,23,1.29,25,1.14,25,1.48,0.00
M,663,Hamer,4.9,4.9,Sheffield Utd,82,2.54,78,1.99,74,2.15,65,1.92,65,4.04,74,2.07,74,2.40,73,2.06,72,2.13,0.00
M,664,Ward-Prowse,5.9,5.9,West Ham,79,2.97,81,3.29,69,2.71,70,3.07,70,2.81,69,2.60,69,2.48,68,3.44,77,2.29,0.00
G,665,Krul,4.4,4.4,Luton,2,0.05,2,0.05,2,0.08,3,0.10,3,0.13,4,0.12,4,0.14,4,0.15,5,0.17,0.00
M,666,T.Davies,5.0,5.0,Sheffield Utd,37,1.34,38,1.20,40,1.35,41,1.38,40,2.84,40,1.30,39,1.42,41,1.34,40,1.35,0.00
M,667,Lavia,4.9,4.9,Chelsea,2,0.09,4,0.16,7,0.27,11,0.41,11,0.38,11,0.76,9,0.37,10,0.72,11,0.43,0.00
M,668,Endo,5.4,5.4,Liverpool,65,2.36,57,2.35,54,1.80,46,1.79,45,3.10,46,1.61,45,1.64,46,1.56,44,1.71,0.00
G,669,Vítek,4.0,4.0,Man Utd,0,0.00,0,0.00,0,0.00,0,0.00,0,0.00,0,0.00,0,0.00,0,0.00,0,0.00,0.00
G,670,Marschall,4.0,4.0,Aston Villa,0,0.00,0,0.00,0,0.00,0,0.00,0,0.00,0,0.00,0,0.00,0,0.00,0,0.00,0.00
D,671,Humphreys,4.0,4.0,Chelsea,0,0.00,0,0.00,0,0.00,0,0.00,0,0.00,0,0.00,0,0.00,0,0.00,0,0.00,0.00
M,672,Zaniolo,5.4,5.4,Aston Villa,29,1.74,29,1.17,16,1.00,15,0.64,15,0.93,15,0.86,15,0.80,16,0.84,17,0.98,0.00
M,673,Adams,4.9,4.9,Bournemouth,26,0.80,31,0.96,37,1.10,39,1.13,39,1.05,39,1.11,38,0.96,39,2.26,39,1.04,0.00
D,674,Delcroix,4.0,4.0,Burnley,10,0.19,14,0.42,15,0.38,16,0.45,17,0.60,18,0.39,18,0.49,17,0.31,18,0.62,0.00
M,675,A.Ramsey,5.0,5.0,Burnley,0,0.00,0,0.00,0,0.00,0,0.00,0,0.00,0,0.00,0,0.00,0,0.00,0,0.00,0.00
D,676,Mavropanos,4.5,4.5,West Ham,79,1.99,75,1.97,74,2.41,73,2.63,72,2.54,70,1.58,69,1.55,68,3.02,67,0.87,0.00
F,677,Deivid,4.5,4.5,Chelsea,0,0.00,0,0.00,2,0.20,1,0.13,1,0.10,1,0.11,0,0.00,1,0.20,1,0.13,0.00
M,678,Doku,6.4,6.4,Man City,53,2.63,53,3.19,53,3.07,52,3.78,50,2.75,50,3.00,51,3.29,52,5.72,52,3.30,0.00
D,679,G.Montiel,4.4,4.4,Nott'm Forest,3,0.12,10,0.40,17,0.46,24,0.99,28,0.97,28,0.70,30,1.29,28,0.94,32,1.24,0.00
G,680,Beach,4.0,4.0,Chelsea,0,0.00,0,0.00,0,0.00,0,0.00,0,0.00,0,0.00,0,0.00,0,0.00,0,0.00,0.00
M,681,Diego Moreira,4.5,4.5,Chelsea,0,0.00,0,0.00,0,0.00,0,0.00,0,0.00,0,0.00,0,0.00,0,0.00,0,0.00,0.00
D,682,Johnson,4.0,4.0,Luton,4,0.06,6,0.09,4,0.10,7,0.07,4,0.12,4,0.08,2,0.04,0,0.00,0,0.00,0.00
M,683,Harris,4.5,4.5,Fulham,0,0.00,0,0.00,0,0.00,0,0.00,0,0.00,0,0.00,0,0.00,0,0.00,0,0.00,0.00
M,684,Brierley,4.5,4.5,Brentford,0,0.00,0,0.00,0,0.00,0,0.00,0,0.00,0,0.00,0,0.00,0,0.00,0,0.00,0.00
M,685,Gore,4.5,4.5,Man Utd,0,0.00,0,0.00,0,0.00,0,0.00,0,0.00,0,0.00,0,0.00,0,0.00,0,0.00,0.00
G,686,Zych,4.0,4.0,Aston Villa,0,0.00,0,0.00,0,0.00,0,0.00,0,0.00,0,0.00,0,0.00,0,0.00,0,0.00,0.00
G,687,Petrović,4.5,4.5,Chelsea,92,3.93,89,3.26,87,3.63,86,3.50,84,2.92,85,5.89,82,3.26,83,5.85,82,3.15,0.00
D,688,Castagne,4.5,4.5,Fulham,85,3.64,82,2.93,80,2.68,79,2.42,78,1.80,77,3.39,77,2.52,75,1.51,74,2.73,0.01
M,689,Kudus,6.9,6.9,West Ham,85,3.38,82,3.61,77,3.16,74,3.49,73,3.09,72,2.78,72,2.67,73,3.96,72,2.21,0.19
M,690,Baleba,4.5,4.5,Brighton,17,0.64,19,0.79,19,0.73,16,0.69,18,0.65,20,1.58,20,0.84,20,0.80,19,0.81,0.00
F,691,Beto,5.7,5.7,Everton,57,3.18,55,2.95,55,3.66,53,2.57,52,5.90,52,3.30,53,3.15,52,3.66,52,2.11,0.00
G,692,Benda,4.0,4.0,Fulham,0,0.00,0,0.00,0,0.00,0,0.00,0,0.00,0,0.00,0,0.00,0,0.00,0,0.00,0.00
D,693,Thomas,4.0,4.0,Sheffield Utd,0,0.00,0,0.00,0,0.00,0,0.00,0,0.00,0,0.00,0,0.00,0,0.00,0,0.00,0.00
M,694,Massengo,4.9,4.9,Burnley,0,0.00,0,0.00,1,0.04,3,0.10,4,0.15,4,0.14,4,0.17,6,0.22,4,0.17,0.00
G,695,Altay,4.0,4.0,Man Utd,1,0.04,2,0.08,3,0.09,3,0.11,4,0.13,4,0.16,3,0.11,3,0.23,4,0.13,0.00
D,696,Murillo,4.5,4.5,Nott'm Forest,87,3.24,83,2.67,80,1.32,80,2.81,80,2.17,75,1.24,76,2.81,75,1.91,75,2.49,0.05
D,697,S.Bueno,4.5,4.5,Wolves,22,0.52,22,0.74,19,0.65,20,0.63,22,0.49,24,0.94,24,0.33,23,1.62,23,0.36,0.00
M,698,González,5.0,5.0,Wolves,0,0.00,0,0.00,0,0.00,0,0.00,0,0.00,0,0.00,0,0.00,0,0.00,0,0.00,0.00
D,699,Lenglet,4.5,4.5,Aston Villa,53,2.15,56,1.01,54,2.19,55,1.02,54,1.97,54,1.66,53,1.47,54,1.30,55,1.97,0.00
M,700,Ansu Fati,6.4,6.4,Brighton,45,2.13,44,2.64,44,2.11,43,2.76,43,1.95,44,5.18,41,2.67,41,2.34,39,2.53,0.00
M,701,Ghoddos,4.5,4.5,Brentford,51,2.05,19,0.88,19,0.81,15,0.83,12,0.59,13,0.56,13,0.64,15,0.65,14,0.68,0.00
D,702,Phillips,4.0,4.0,Spurs,0,0.00,0,0.00,0,0.00,0,0.00,0,0.00,0,0.00,0,0.00,0,0.00,0,0.00,0.00
D,703,Evans,4.0,4.0,Man Utd,5,0.15,10,0.30,12,0.33,10,0.31,6,0.21,4,0.15,4,0.14,4,0.20,3,0.10,0.00
F,704,Fraser,4.5,4.5,Wolves,59,2.29,54,2.36,48,2.07,44,1.82,34,1.32,32,1.60,27,1.02,20,2.04,18,0.77,0.00
M,705,Sinisterra,5.5,5.5,Bournemouth,33,1.91,35,2.11,35,2.11,34,2.03,35,1.83,34,1.97,34,1.43,31,3.63,33,1.60,0.00
M,706,M.Trésor,5.3,5.3,Burnley,10,0.54,7,0.46,7,0.42,8,0.50,9,0.54,9,0.51,11,0.60,10,0.50,10,0.59,0.00
D,707,Ballo-Touré,4.5,4.5,Fulham,4,0.17,6,0.21,7,0.24,7,0.25,9,0.25,9,0.38,10,0.34,9,0.24,9,0.36,0.00
M,708,Gravenberch,5.0,5.0,Liverpool,16,0.86,14,0.82,13,0.65,11,0.61,9,0.99,10,0.52,10,0.55,12,0.59,11,0.62,0.00
M,709,Amrabat,5.0,5.0,Man Utd,7,0.28,7,0.24,9,0.33,12,0.42,11,0.41,9,0.38,9,0.34,8,0.56,7,0.25,0.00
G,710,Odysseas,4.5,4.5,Nott'm Forest,0,0.00,0,0.00,0,0.00,0,0.00,0,0.00,0,0.00,0,0.00,0,0.00,0,0.00,0.00
D,711,Omobamidele,4.5,4.5,Nott'm Forest,66,2.24,62,1.82,59,0.83,59,1.84,57,1.41,57,0.82,58,1.90,55,1.25,56,1.65,0.00
M,712,Dominguez,5.0,5.0,Nott'm Forest,72,2.49,69,2.30,65,1.93,65,2.25,64,1.99,64,1.79,64,2.24,64,2.02,63,2.11,0.00
M,713,Sangaré,4.9,4.9,Nott'm Forest,35,1.24,38,1.29,42,1.25,42,1.39,43,1.30,42,1.19,39,1.34,41,1.29,41,1.34,0.00
F,714,Origi,5.0,5.0,Nott'm Forest,45,2.23,43,2.07,42,1.80,42,2.06,41,1.75,42,1.63,42,2.10,42,1.89,44,2.07,0.00
M,715,Bellegarde,4.9,4.9,Wolves,36,1.32,47,1.84,57,2.21,66,2.40,58,1.92,53,2.33,49,1.53,41,3.42,38,1.32,0.00
D,716,Gilchrist,4.0,4.0,Chelsea,3,0.14,3,0.11,4,0.16,2,0.09,2,0.04,2,0.14,3,0.11,2,0.15,3,0.13,0.00
F,717,Stutter,4.5,4.5,Chelsea,0,0.00,0,0.00,0,0.00,0,0.00,0,0.00,0,0.00,0,0.00,0,0.00,0,0.00,0.00
M,718,Matos,4.5,4.5,Chelsea,0,0.00,0,0.00,0,0.00,0,0.00,0,0.00,0,0.00,0,0.00,0,0.00,0,0.00,0.00
M,719,Hunt,4.5,4.5,Everton,0,0.00,0,0.00,0,0.00,0,0.00,0,0.00,0,0.00,0,0.00,0,0.00,0,0.00,0.00
F,720,Ola-Adebomi,4.5,4.5,Crystal Palace,0,0.00,0,0.00,0,0.00,0,0.00,0,0.00,0,0.00,0,0.00,0,0.00,0,0.00,0.00
M,721,Ozoh,4.5,4.5,Crystal Palace,7,0.27,7,0.29,10,0.38,11,0.39,11,0.82,9,0.35,10,0.38,8,0.30,7,0.29,0.00
F,722,Donley,4.5,4.5,Spurs,0,0.00,0,0.00,0,0.00,0,0.00,0,0.00,0,0.00,0,0.00,0,0.00,0,0.00,0.00
D,723,Brooking,4.0,4.0,Chelsea,0,0.00,0,0.00,0,0.00,0,0.00,0,0.00,0,0.00,0,0.00,0,0.00,0,0.00,0.00
M,724,Raymond,4.5,4.5,Crystal Palace,0,0.00,0,0.00,0,0.00,0,0.00,0,0.00,0,0.00,0,0.00,0,0.00,0,0.00,0.00
D,725,Kim Ji-Soo,4.0,4.0,Brentford,0,0.00,0,0.00,0,0.00,0,0.00,0,0.00,0,0.00,0,0.00,0,0.00,0,0.00,0.00
D,726,Chambers,4.0,4.0,Liverpool,0,0.00,0,0.00,0,0.00,0,0.00,0,0.00,0,0.00,0,0.00,0,0.00,0,0.00,0.00
M,727,Townsend,5.0,5.0,Luton,34,1.55,32,1.36,26,1.52,30,1.22,20,1.22,18,0.95,16,0.94,17,0.89,18,1.04,0.00
D,728,Scanlon,3.9,3.9,Liverpool,0,0.00,2,0.06,1,0.03,0,0.00,0,0.00,0,0.00,0,0.00,0,0.00,0,0.00,0.00
M,729,Luker,4.5,4.5,Luton,0,0.00,0,0.00,0,0.00,0,0.00,0,0.00,0,0.00,0,0.00,0,0.00,0,0.00,0.00
M,730,Oné,4.4,4.4,Sheffield Utd,0,0.00,0,0.00,0,0.00,0,0.00,0,0.00,0,0.00,0,0.00,0,0.00,0,0.00,0.00
D,731,Buyabu,4.0,4.0,Sheffield Utd,0,0.00,0,0.00,0,0.00,0,0.00,0,0.00,0,0.00,0,0.00,0,0.00,0,0.00,0.00
D,732,Tanton,4.0,4.0,Fulham,0,0.00,0,0.00,0,0.00,0,0.00,0,0.00,0,0.00,0,0.00,0,0.00,0,0.00,0.00
D,733,Adedokun,4.0,4.0,Brentford,0,0.00,0,0.00,0,0.00,0,0.00,0,0.00,0,0.00,0,0.00,0,0.00,0,0.00,0.00
M,734,Nelson,4.5,4.5,Luton,0,0.00,0,0.00,0,0.00,0,0.00,0,0.00,0,0.00,0,0.00,0,0.00,0,0.00,0.00
M,735,Sagoe,4.5,4.5,Arsenal,0,0.00,0,0.00,0,0.00,0,0.00,0,0.00,0,0.00,0,0.00,0,0.00,0,0.00,0.00
D,736,Walters,4.0,4.0,Arsenal,0,0.00,0,0.00,0,0.00,0,0.00,0,0.00,0,0.00,0,0.00,0,0.00,0,0.00,0.00
M,737,Ibrahim,4.5,4.5,Arsenal,0,0.00,0,0.00,0,0.00,0,0.00,0,0.00,0,0.00,0,0.00,0,0.00,0,0.00,0.00
M,738,Diallo,4.5,4.5,Newcastle,0,0.00,0,0.00,0,0.00,0,0.00,0,0.00,0,0.00,0,0.00,0,0.00,0,0.00,0.00
F,739,Parkinson,4.5,4.5,Newcastle,2,0.15,2,0.14,2,0.11,3,0.17,2,0.14,2,0.16,2,0.12,1,0.19,1,0.08,0.00
D,740,Dorrington,4.0,4.0,Spurs,0,0.00,0,0.00,0,0.00,0,0.00,0,0.00,0,0.00,0,0.00,0,0.00,0,0.00,0.00
F,741,O’Mahony,4.5,4.5,Brighton,0,0.00,0,0.00,0,0.00,0,0.00,0,0.00,0,0.00,0,0.00,0,0.00,0,0.00,0.00
M,742,Baker-Boaitey,4.5,4.5,Brighton,0,0.00,0,0.00,0,0.00,0,0.00,0,0.00,0,0.00,0,0.00,0,0.00,0,0.00,0.00
M,743,Nyoni,4.5,4.5,Liverpool,0,0.00,0,0.00,0,0.00,0,0.00,0,0.00,0,0.00,0,0.00,0,0.00,0,0.00,0.00
M,744,Peart-Harris,4.5,4.5,Brentford,0,0.00,0,0.00,0,0.00,0,0.00,0,0.00,0,0.00,0,0.00,0,0.00,0,0.00,0.00
F,745,Ndiweni,4.4,4.4,Newcastle,0,0.00,0,0.00,0,0.00,0,0.00,0,0.00,0,0.00,0,0.00,0,0.00,0,0.00,0.00
D,746,Jackson,4.0,4.0,Brighton,0,0.00,0,0.00,0,0.00,0,0.00,0,0.00,0,0.00,0,0.00,0,0.00,0,0.00,0.00
M,747,Duffus,4.4,4.4,Brighton,0,0.00,0,0.00,0,0.00,0,0.00,0,0.00,0,0.00,0,0.00,0,0.00,0,0.00,0.00
F,748,Hugill,4.5,4.5,Man Utd,0,0.00,0,0.00,0,0.00,0,0.00,0,0.00,0,0.00,0,0.00,0,0.00,0,0.00,0.00
M,749,Whittingham,4.5,4.5,Wolves,0,0.00,0,0.00,0,0.00,0,0.00,0,0.00,0,0.00,0,0.00,0,0.00,0,0.00,0.00
M,750,Chirewa,4.4,4.4,Wolves,7,0.38,6,0.34,5,0.28,6,0.34,6,0.31,4,0.27,7,0.32,2,0.28,2,0.13,0.00
D,751,Hubner,4.0,4.0,Wolves,0,0.00,0,0.00,0,0.00,1,0.04,2,0.03,1,0.04,1,0.02,1,0.07,1,0.02,0.00
G,752,Angelini,4.0,4.0,Brentford,0,0.00,0,0.00,0,0.00,0,0.00,0,0.00,0,0.00,0,0.00,0,0.00,0,0.00,0.00
D,753,Kavanagh,4.0,4.0,Brighton,0,0.00,0,0.00,0,0.00,0,0.00,0,0.00,0,0.00,0,0.00,0,0.00,0,0.00,0.00
M,754,Yago Santiago,4.5,4.5,Spurs,0,0.00,0,0.00,0,0.00,0,0.00,0,0.00,0,0.00,0,0.00,0,0.00,0,0.00,0.00
M,755,Barrington,4.5,4.5,Brighton,0,0.00,0,0.00,0,0.00,0,0.00,0,0.00,0,0.00,0,0.00,0,0.00,0,0.00,0.00
G,756,Pitaluga,4.0,4.0,Liverpool,0,0.00,0,0.00,0,0.00,0,0.00,0,0.00,0,0.00,0,0.00,0,0.00,0,0.00,0.00
D,757,Bradley,4.1,4.1,Liverpool,72,4.01,64,4.57,54,2.53,39,2.47,20,2.07,20,1.05,21,1.14,22,1.10,22,1.38,0.01
M,758,Castledine,4.5,4.5,Chelsea,0,0.00,0,0.00,0,0.00,0,0.00,0,0.00,0,0.00,0,0.00,0,0.00,0,0.00,0.00
M,759,Peck,4.4,4.4,Sheffield Utd,0,0.00,0,0.00,0,0.00,0,0.00,0,0.00,0,0.00,0,0.00,0,0.00,0,0.00,0.00
M,760,Metcalfe,4.5,4.5,Everton,0,0.00,0,0.00,0,0.00,0,0.00,0,0.00,0,0.00,0,0.00,0,0.00,0,0.00,0.00
D,761,Campbell,4.0,4.0,Everton,0,0.00,0,0.00,0,0.00,0,0.00,0,0.00,0,0.00,0,0.00,0,0.00,0,0.00,0.00
M,762,Susoho,4.5,4.5,Man City,0,0.00,0,0.00,0,0.00,0,0.00,0,0.00,0,0.00,0,0.00,0,0.00,0,0.00,0.00
D,763,Adaramola,4.0,4.0,Crystal Palace,0,0.00,0,0.00,0,0.00,0,0.00,0,0.00,0,0.00,0,0.00,0,0.00,0,0.00,0.00
M,764,Lewis-Skelly,4.5,4.5,Arsenal,0,0.00,0,0.00,0,0.00,0,0.00,0,0.00,0,0.00,0,0.00,0,0.00,0,0.00,0.00
G,765,Proctor,4.0,4.0,Aston Villa,0,0.00,0,0.00,0,0.00,0,0.00,0,0.00,0,0.00,0,0.00,0,0.00,0,0.00,0.00
D,766,Kambwala,3.9,3.9,Man Utd,0,0.00,1,0.03,1,0.03,2,0.05,1,0.03,1,0.04,0,0.00,0,0.00,0,0.00,0.00
M,767,O'Reilly,4.5,4.5,Aston Villa,0,0.00,0,0.00,0,0.00,0,0.00,0,0.00,0,0.00,0,0.00,0,0.00,0,0.00,0.00
D,768,Bennett,4.0,4.0,Man Utd,0,0.00,0,0.00,0,0.00,0,0.00,0,0.00,0,0.00,0,0.00,0,0.00,0,0.00,0.00
M,769,Hesketh,4.5,4.5,Wolves,0,0.00,0,0.00,0,0.00,0,0.00,0,0.00,0,0.00,0,0.00,0,0.00,0,0.00,0.00
M,770,Barnett,4.5,4.5,Wolves,0,0.00,0,0.00,0,0.00,0,0.00,0,0.00,0,0.00,0,0.00,0,0.00,0,0.00,0.00
M,771,Hamilton,4.5,4.5,Man City,0,0.00,0,0.00,0,0.00,0,0.00,0,0.00,0,0.00,0,0.00,0,0.00,0,0.00,0.00
M,772,Nwaneri,4.5,4.5,Arsenal,0,0.00,0,0.00,0,0.00,0,0.00,0,0.00,0,0.00,0,0.00,0,0.00,0,0.00,0.00
M,773,Orford,4.5,4.5,West Ham,0,0.00,0,0.00,0,0.00,0,0.00,0,0.00,0,0.00,0,0.00,0,0.00,0,0.00,0.00
D,774,Casey,4.0,4.0,West Ham,0,0.00,0,0.00,0,0.00,0,0.00,0,0.00,0,0.00,0,0.00,0,0.00,0,0.00,0.00
M,775,Brereton Díaz,5.0,5.0,Sheffield Utd,71,3.25,67,2.35,64,2.70,64,2.72,65,5.89,61,2.50,63,3.09,62,2.47,62,2.69,0.00
F,776,Werner,6.3,6.3,Spurs,25,2.09,25,1.75,28,2.15,30,1.94,30,1.70,32,1.76,32,1.71,30,3.95,29,2.19,0.00
D,777,Drăgușin,4.2,4.2,Spurs,47,2.11,37,1.18,25,1.06,22,0.60,25,0.63,26,0.67,27,0.49,27,1.84,29,1.23,0.00
G,778,Wright,4.0,4.0,Aston Villa,0,0.00,0,0.00,0,0.00,0,0.00,0,0.00,0,0.00,0,0.00,0,0.00,0,0.00,0.00
M,779,McDonnell,4.5,4.5,Nott'm Forest,0,0.00,0,0.00,0,0.00,0,0.00,0,0.00,0,0.00,0,0.00,0,0.00,0,0.00,0.00
F,780,Osong,4.5,4.5,Nott'm Forest,0,0.00,0,0.00,0,0.00,0,0.00,0,0.00,0,0.00,0,0.00,0,0.00,0,0.00,0.00
F,781,Gardner,4.5,4.5,Nott'm Forest,0,0.00,0,0.00,0,0.00,0,0.00,0,0.00,0,0.00,0,0.00,0,0.00,0,0.00,0.00
D,782,Beck,4.5,4.5,Liverpool,0,0.00,0,0.00,0,0.00,0,0.00,0,0.00,0,0.00,0,0.00,0,0.00,0,0.00,0.00
M,783,Gordon,4.5,4.5,Liverpool,0,0.00,0,0.00,0,0.00,0,0.00,0,0.00,0,0.00,0,0.00,0,0.00,0,0.00,0.00
D,784,Scarles,4.0,4.0,West Ham,0,0.00,0,0.00,0,0.00,0,0.00,0,0.00,0,0.00,0,0.00,0,0.00,0,0.00,0.00
F,785,Marshall,4.5,4.5,West Ham,0,0.00,0,0.00,0,0.00,0,0.00,0,0.00,0,0.00,0,0.00,0,0.00,0,0.00,0.00
M,786,Peupion,4.5,4.5,Brighton,0,0.00,0,0.00,0,0.00,0,0.00,0,0.00,0,0.00,0,0.00,0,0.00,0,0.00,0.00
M,787,Griffiths,4.5,4.5,Wolves,0,0.00,0,0.00,0,0.00,0,0.00,0,0.00,0,0.00,0,0.00,0,0.00,0,0.00,0.00
D,788,Mosquera,4.0,4.0,Wolves,0,0.00,0,0.00,0,0.00,0,0.00,0,0.00,0,0.00,0,0.00,0,0.00,0,0.00,0.00
G,789,Valdimarsson,4.0,4.0,Brentford,0,0.00,0,0.00,0,0.00,0,0.00,0,0.00,0,0.00,0,0.00,0,0.00,0,0.00,0.00
G,790,Grbić,4.5,4.5,Sheffield Utd,93,3.08,92,2.88,91,2.88,90,2.91,89,6.12,88,2.74,89,3.22,89,2.86,88,2.79,0.00
M,791,Casadei,4.5,4.5,Chelsea,2,0.16,2,0.12,2,0.17,2,0.11,2,0.14,2,0.18,2,0.14,2,0.25,3,0.21,0.00
D,792,Muñoz,4.5,4.5,Crystal Palace,88,2.79,86,2.34,84,1.46,81,1.12,81,5.27,80,2.10,79,2.45,78,2.37,78,2.34,0.00
D,793,Kesler-Hayden,4.0,4.0,Aston Villa,0,0.00,0,0.00,1,0.06,2,0.03,2,0.08,2,0.06,1,0.04,2,0.06,2,0.08,0.00
M,794,White,4.5,4.5,Newcastle,0,0.00,0,0.00,0,0.00,0,0.00,0,0.00,0,0.00,0,0.00,0,0.00,0,0.00,0.00
M,795,Hernes,4.5,4.5,Newcastle,0,0.00,0,0.00,0,0.00,0,0.00,0,0.00,0,0.00,0,0.00,0,0.00,0,0.00,0.00
M,796,Sekularac,4.4,4.4,Fulham,0,0.00,0,0.00,0,0.00,0,0.00,0,0.00,0,0.00,0,0.00,0,0.00,0,0.00,0.00
D,797,Fredrick,4.0,4.0,Brentford,0,0.00,0,0.00,0,0.00,0,0.00,0,0.00,0,0.00,0,0.00,0,0.00,0,0.00,0.00
D,798,Hashioka,4.0,4.0,Luton,38,0.71,36,0.65,32,0.99,58,0.55,28,0.99,27,0.80,25,0.87,24,0.66,24,0.76,0.00
M,799,Faivre,5.0,5.0,Bournemouth,9,0.48,9,0.53,12,0.66,13,0.71,13,0.62,14,0.71,15,0.55,15,1.57,16,0.69,0.00
M,800,N.Lemina,5.0,5.0,Wolves,0,0.00,0,0.00,0,0.00,0,0.00,0,0.00,0,0.00,0,0.00,0,0.00,0,0.00,0.00
M,801,Reyna,4.7,4.7,Nott'm Forest,11,0.59,12,0.65,13,0.60,15,0.77,15,0.73,18,0.79,19,1.01,19,0.93,18,0.95,0.00
D,802,Kinsey,4.0,4.0,Bournemouth,8,0.24,5,0.15,3,0.08,2,0.05,2,0.04,1,0.04,2,0.03,2,0.08,2,0.04,0.00
M,803,Rogers,5.0,5.0,Aston Villa,31,2.02,28,1.22,20,1.40,19,0.87,18,1.27,21,1.28,21,1.18,21,1.17,21,1.24,0.00
F,804,Enes Ünal,5.0,5.0,Bournemouth,22,1.34,26,1.59,28,1.75,30,1.88,30,1.62,30,1.82,33,1.38,33,3.96,34,1.64,0.00
D,805,Assignon,4.0,4.0,Burnley,89,1.50,85,2.72,83,2.09,81,2.20,80,2.80,79,1.54,78,2.02,80,1.14,78,2.72,0.03
D,806,Estève,4.0,4.0,Burnley,81,1.28,75,2.24,70,1.66,60,1.52,60,1.96,59,1.08,56,1.34,60,0.81,58,1.88,0.00
M,807,Wharton,5.0,5.0,Crystal Palace,42,1.42,43,1.42,46,1.35,44,1.30,44,2.99,42,1.36,40,1.36,39,1.29,34,1.20,0.00
G,808,Sels,4.5,4.5,Nott'm Forest,94,3.78,93,3.49,92,2.96,91,3.51,91,3.21,90,2.86,89,3.56,89,3.05,90,3.41,0.34
F,809,Ribeiro,4.5,4.5,Nott'm Forest,0,0.00,0,0.00,0,0.00,0,0.00,0,0.00,0,0.00,0,0.00,0,0.00,0,0.00,0.00
M,810,King,4.5,4.5,Fulham,0,0.00,0,0.00,0,0.00,0,0.00,0,0.00,0,0.00,0,0.00,0,0.00,0,0.00,0.00
M,811,Sadi,4.5,4.5,Bournemouth,0,0.00,0,0.00,0,0.00,0,0.00,0,0.00,0,0.00,0,0.00,0,0.00,0,0.00,0.00
F,812,Koumas,4.5,4.5,Liverpool,0,0.00,0,0.00,0,0.00,0,0.00,0,0.00,0,0.00,0,0.00,0,0.00,0,0.00,0.00
G,813,Mrozek,4.0,4.0,Liverpool,0,0.00,0,0.00,0,0.00,0,0.00,0,0.00,0,0.00,0,0.00,0,0.00,0,0.00,0.00
M,814,Wright,4.5,4.5,Man City,0,0.00,0,0.00,0,0.00,0,0.00,0,0.00,0,0.00,0,0.00,0,0.00,0,0.00,0.00
M,815,Bandeira,4.5,4.5,Arsenal,0,0.00,0,0.00,0,0.00,0,0.00,0,0.00,0,0.00,0,0.00,0,0.00,0,0.00,0.00
D,816,Barco,4.0,4.0,Brighton,3,0.08,4,0.14,5,0.15,4,0.18,4,0.12,4,0.31,5,0.18,4,0.15,3,0.13,0.00
D,817,Sweet,4.0,4.0,Arsenal,0,0.00,0,0.00,0,0.00,0,0.00,0,0.00,0,0.00,0,0.00,0,0.00,0,0.00,0.00
G,818,Gauci,3.9,3.9,Aston Villa,0,0.00,0,0.00,0,0.00,0,0.00,0,0.00,0,0.00,0,0.00,0,0.00,0,0.00,0.00
D,819,Samuels-Smith,4.0,4.0,Chelsea,0,0.00,0,0.00,0,0.00,0,0.00,0,0.00,0,0.00,0,0.00,0,0.00,0,0.00,0.00
M,820,Harrison,4.5,4.5,Chelsea,0,0.00,0,0.00,0,0.00,0,0.00,0,0.00,0,0.00,0,0.00,0,0.00,0,0.00,0.00
F,821,Umeh-Chibueze,4.5,4.5,Crystal Palace,0,0.00,0,0.00,0,0.00,0,0.00,0,0.00,0,0.00,0,0.00,0,0.00,0,0.00,0.00
F,822,Blacker,4.5,4.5,Sheffield Utd,0,0.00,0,0.00,0,0.00,0,0.00,0,0.00,0,0.00,0,0.00,0,0.00,0,0.00,0.00
M,823,Arblaster,4.5,4.5,Sheffield Utd,7,0.32,8,0.32,11,0.45,13,0.53,14,1.17,13,0.54,14,0.60,16,0.63,14,0.55,0.00
F,824,Danns,4.4,4.4,Liverpool,0,0.00,0,0.00,0,0.00,0,0.00,0,0.00,0,0.00,0,0.00,0,0.00,0,0.00,0.00
M,825,Rodney,4.5,4.5,Crystal Palace,0,0.00,0,0.00,0,0.00,0,0.00,0,0.00,0,0.00,0,0.00,0,0.00,0,0.00,0.00
M,826,Collyer,4.5,4.5,Man Utd,0,0.00,0,0.00,0,0.00,0,0.00,0,0.00,0,0.00,0,0.00,0,0.00,0,0.00,0.00
D,827,Sasnauskas,4.0,4.0,Sheffield Utd,0,0.00,0,0.00,0,0.00,0,0.00,0,0.00,0,0.00,0,0.00,1,0.02,0,0.00,0.00
D,828,Curtis,4.0,4.0,Sheffield Utd,0,0.00,0,0.00,0,0.00,0,0.00,0,0.00,0,0.00,0,0.00,1,0.03,0,0.00,0.00
M,829,Earthy,4.5,4.5,West Ham,0,0.00,0,0.00,0,0.00,0,0.00,0,0.00,0,0.00,0,0.00,0,0.00,1,0.07,0.00
M,830,Tauriainen,4.5,4.5,Chelsea,0,0.00,0,0.00,0,0.00,0,0.00,0,0.00,0,0.00,0,0.00,0,0.00,0,0.00,0.00
M,831,Piesold,4.5,4.5,Luton,0,0.00,0,0.00,0,0.00,0,0.00,0,0.00,0,0.00,0,0.00,0,0.00,0,0.00,0.00
D,832,Okoduwa,4.0,4.0,Wolves,0,0.00,1,0.03,0,0.00,2,0.05,1,0.03,1,0.04,2,0.03,2,0.07,1,0.02,0.00
D,833,Ogunneye,4.0,4.0,Man Utd,0,0.00,0,0.00,1,0.02,0,0.00,0,0.00,0,0.00,0,0.00,0,0.00,0,0.00,0.00
D,834,Arthur,4.0,4.0,Brentford,0,0.00,0,0.00,0,0.00,0,0.00,0,0.00,0,0.00,0,0.00,0,0.00,0,0.00,0.00
G,835,Mee,4.0,4.0,Man Utd,0,0.00,0,0.00,0,0.00,0,0.00,0,0.00,0,0.00,0,0.00,0,0.00,0,0.00,0.00
F,836,Chiwome,4.5,4.5,Wolves,1,0.11,0,0.00,0,0.00,0,0.00,0,0.00,0,0.00,0,0.00,0,0.00,0,0.00,0.00
D,837,Nallo,4.0,4.0,Liverpool,1,0.04,1,0.05,1,0.03,0,0.00,0,0.00,0,0.00,0,0.00,0,0.00,0,0.00,0.00
D,838,Acheampong,4.0,4.0,Chelsea,0,0.00,0,0.00,0,0.00,0,0.00,0,0.00,0,0.00,0,0.00,0,0.00,0,0.00,0.00
M,839,Martins,4.5,4.5,Luton,0,0.00,0,0.00,0,0.00,0,0.00,0,0.00,0,0.00,0,0.00,0,0.00,0,0.00,0.00
D,10019,Nathan Ferguson,99.9,99.9,Crystal Palace,2,0.08,2,0.08,4,0.10,4,0.09,4,0.25,4,0.11,3,0.10,3,0.11,2,0.08,0.00
D,10142,Rhys Williams,99.9,99.9,Liverpool,2,0.05,2,0.09,3,0.08,1,0.04,1,0.04,0,0.00,1,0.04,1,0.03,2,0.05,0.00
M,10147,Yunus Emre Konak,99.9,99.9,Brentford,0,0.00,0,0.00,0,0.00,0,0.00,0,0.00,0,0.00,0,0.00,0,0.00,0,0.00,0.00
G,10153,Hákon Rafn Valdimarsson,99.9,99.9,Brentford,0,0.00,0,0.00,0,0.00,0,0.00,0,0.00,0,0.00,0,0.00,0,0.00,0,0.00,0.00
F,10163,Rodrigo Ribeiro,99.9,99.9,Nott'm Forest,9,0.61,9,0.58,8,0.49,9,0.60,10,0.57,11,0.55,12,0.74,11,0.65,13,0.76,0.00
D,10168,Kaine Kesler-Hayden,99.9,99.9,Aston Villa,0,0.00,0,0.00,0,0.00,0,0.00,0,0.00,1,0.04,0,0.00,0,0.00,0,0.00,0.00